<?xml version="1.0" encoding="UTF-8"?>
<gpx creator="StravaGPX" version="1.1" xmlns="http://www.topografix.com/GPX/1/1" xmlns:xsi="http://www.w3.org/2001/XMLSchema-instance" xsi:schemaLocation="http://www.topografix.com/GPX/1/1 http://www.topografix.com/GPX/1/1/gpx.xsd">
 <trk>
  <name>Run Prix half 🥇</name>
  <type>running</type>
  <trkseg>
   <trkpt lat="-37.8381440" lon="144.9675020">
    <ele>5.2</ele>
   </trkpt>
   <trkpt lat="-37.8381610" lon="144.9674720">
    <ele>5.2</ele>
   </trkpt>
   <trkpt lat="-37.8381780" lon="144.9674410">
    <ele>5.2</ele>
   </trkpt>
   <trkpt lat="-37.8382200" lon="144.9673690">
    <ele>4.8</ele>
   </trkpt>
   <trkpt lat="-37.8382620" lon="144.9672950">
    <ele>4.6</ele>
   </trkpt>
   <trkpt lat="-37.8382880" lon="144.9672300">
    <ele>4.6</ele>
   </trkpt>
   <trkpt lat="-37.8383230" lon="144.9671520">
    <ele>4.8</ele>
   </trkpt>
   <trkpt lat="-37.8383540" lon="144.9670920">
    <ele>5.0</ele>
   </trkpt>
   <trkpt lat="-37.8383790" lon="144.9670300">
    <ele>5.2</ele>
   </trkpt>
   <trkpt lat="-37.8384050" lon="144.9669560">
    <ele>5.4</ele>
   </trkpt>
   <trkpt lat="-37.8384320" lon="144.9668990">
    <ele>5.6</ele>
   </trkpt>
   <trkpt lat="-37.8384540" lon="144.9668230">
    <ele>5.6</ele>
   </trkpt>
   <trkpt lat="-37.8384780" lon="144.9667610">
    <ele>5.6</ele>
   </trkpt>
   <trkpt lat="-37.8384950" lon="144.9666930">
    <ele>5.6</ele>
   </trkpt>
   <trkpt lat="-37.8385110" lon="144.9666180">
    <ele>5.4</ele>
   </trkpt>
   <trkpt lat="-37.8385320" lon="144.9665560">
    <ele>5.4</ele>
   </trkpt>
   <trkpt lat="-37.8385540" lon="144.9664770">
    <ele>5.4</ele>
   </trkpt>
   <trkpt lat="-37.8385730" lon="144.9664210">
    <ele>5.4</ele>
   </trkpt>
   <trkpt lat="-37.8385910" lon="144.9663550">
    <ele>5.4</ele>
   </trkpt>
   <trkpt lat="-37.8386080" lon="144.9662950">
    <ele>5.4</ele>
   </trkpt>
   <trkpt lat="-37.8386240" lon="144.9662290">
    <ele>5.4</ele>
   </trkpt>
   <trkpt lat="-37.8386440" lon="144.9661720">
    <ele>5.2</ele>
   </trkpt>
   <trkpt lat="-37.8386610" lon="144.9661090">
    <ele>5.2</ele>
   </trkpt>
   <trkpt lat="-37.8386810" lon="144.9660430">
    <ele>5.2</ele>
   </trkpt>
   <trkpt lat="-37.8387010" lon="144.9659910">
    <ele>5.2</ele>
   </trkpt>
   <trkpt lat="-37.8387260" lon="144.9659240">
    <ele>5.4</ele>
   </trkpt>
   <trkpt lat="-37.8387410" lon="144.9658720">
    <ele>5.4</ele>
   </trkpt>
   <trkpt lat="-37.8387600" lon="144.9658030">
    <ele>5.6</ele>
   </trkpt>
   <trkpt lat="-37.8387840" lon="144.9657420">
    <ele>5.6</ele>
   </trkpt>
   <trkpt lat="-37.8387990" lon="144.9656790">
    <ele>5.4</ele>
   </trkpt>
   <trkpt lat="-37.8388230" lon="144.9656140">
    <ele>5.4</ele>
   </trkpt>
   <trkpt lat="-37.8388440" lon="144.9655640">
    <ele>5.4</ele>
   </trkpt>
   <trkpt lat="-37.8388690" lon="144.9654990">
    <ele>5.4</ele>
   </trkpt>
   <trkpt lat="-37.8388890" lon="144.9654480">
    <ele>5.4</ele>
   </trkpt>
   <trkpt lat="-37.8389090" lon="144.9653880">
    <ele>5.4</ele>
   </trkpt>
   <trkpt lat="-37.8389310" lon="144.9653320">
    <ele>5.4</ele>
   </trkpt>
   <trkpt lat="-37.8389560" lon="144.9652770">
    <ele>5.4</ele>
   </trkpt>
   <trkpt lat="-37.8389830" lon="144.9652150">
    <ele>5.6</ele>
   </trkpt>
   <trkpt lat="-37.8390080" lon="144.9651660">
    <ele>5.6</ele>
   </trkpt>
   <trkpt lat="-37.8390420" lon="144.9651030">
    <ele>5.8</ele>
   </trkpt>
   <trkpt lat="-37.8390680" lon="144.9650500">
    <ele>6.0</ele>
   </trkpt>
   <trkpt lat="-37.8390960" lon="144.9649920">
    <ele>6.2</ele>
   </trkpt>
   <trkpt lat="-37.8391290" lon="144.9649520">
    <ele>6.4</ele>
   </trkpt>
   <trkpt lat="-37.8391610" lon="144.9648930">
    <ele>6.6</ele>
   </trkpt>
   <trkpt lat="-37.8391880" lon="144.9648400">
    <ele>6.8</ele>
   </trkpt>
   <trkpt lat="-37.8392200" lon="144.9647830">
    <ele>7.0</ele>
   </trkpt>
   <trkpt lat="-37.8392560" lon="144.9647390">
    <ele>7.4</ele>
   </trkpt>
   <trkpt lat="-37.8392860" lon="144.9646880">
    <ele>7.6</ele>
   </trkpt>
   <trkpt lat="-37.8393200" lon="144.9646360">
    <ele>7.8</ele>
   </trkpt>
   <trkpt lat="-37.8393460" lon="144.9645830">
    <ele>8.0</ele>
   </trkpt>
   <trkpt lat="-37.8393770" lon="144.9645240">
    <ele>8.2</ele>
   </trkpt>
   <trkpt lat="-37.8394060" lon="144.9644800">
    <ele>8.4</ele>
   </trkpt>
   <trkpt lat="-37.8394420" lon="144.9644170">
    <ele>8.6</ele>
   </trkpt>
   <trkpt lat="-37.8394690" lon="144.9643760">
    <ele>8.8</ele>
   </trkpt>
   <trkpt lat="-37.8395010" lon="144.9643150">
    <ele>8.8</ele>
   </trkpt>
   <trkpt lat="-37.8395300" lon="144.9642710">
    <ele>8.8</ele>
   </trkpt>
   <trkpt lat="-37.8395620" lon="144.9642110">
    <ele>8.8</ele>
   </trkpt>
   <trkpt lat="-37.8395940" lon="144.9641630">
    <ele>8.8</ele>
   </trkpt>
   <trkpt lat="-37.8396250" lon="144.9641080">
    <ele>8.8</ele>
   </trkpt>
   <trkpt lat="-37.8396590" lon="144.9640540">
    <ele>8.8</ele>
   </trkpt>
   <trkpt lat="-37.8396910" lon="144.9640000">
    <ele>8.8</ele>
   </trkpt>
   <trkpt lat="-37.8397310" lon="144.9639440">
    <ele>9.0</ele>
   </trkpt>
   <trkpt lat="-37.8397690" lon="144.9638980">
    <ele>9.0</ele>
   </trkpt>
   <trkpt lat="-37.8398090" lon="144.9638460">
    <ele>9.0</ele>
   </trkpt>
   <trkpt lat="-37.8398480" lon="144.9638170">
    <ele>9.0</ele>
   </trkpt>
   <trkpt lat="-37.8398920" lon="144.9637840">
    <ele>9.0</ele>
   </trkpt>
   <trkpt lat="-37.8399300" lon="144.9637600">
    <ele>9.0</ele>
   </trkpt>
   <trkpt lat="-37.8399850" lon="144.9637390">
    <ele>9.0</ele>
   </trkpt>
   <trkpt lat="-37.8400330" lon="144.9637370">
    <ele>9.0</ele>
   </trkpt>
   <trkpt lat="-37.8400880" lon="144.9637300">
    <ele>9.2</ele>
   </trkpt>
   <trkpt lat="-37.8401390" lon="144.9637300">
    <ele>9.2</ele>
   </trkpt>
   <trkpt lat="-37.8401880" lon="144.9637300">
    <ele>9.2</ele>
   </trkpt>
   <trkpt lat="-37.8402450" lon="144.9637270">
    <ele>9.2</ele>
   </trkpt>
   <trkpt lat="-37.8402950" lon="144.9637360">
    <ele>9.2</ele>
   </trkpt>
   <trkpt lat="-37.8403540" lon="144.9637310">
    <ele>9.4</ele>
   </trkpt>
   <trkpt lat="-37.8404030" lon="144.9637410">
    <ele>9.6</ele>
   </trkpt>
   <trkpt lat="-37.8404520" lon="144.9637400">
    <ele>10.0</ele>
   </trkpt>
   <trkpt lat="-37.8405030" lon="144.9637440">
    <ele>10.2</ele>
   </trkpt>
   <trkpt lat="-37.8405520" lon="144.9637370">
    <ele>10.6</ele>
   </trkpt>
   <trkpt lat="-37.8406080" lon="144.9637390">
    <ele>10.8</ele>
   </trkpt>
   <trkpt lat="-37.8406590" lon="144.9637430">
    <ele>10.6</ele>
   </trkpt>
   <trkpt lat="-37.8407170" lon="144.9637530">
    <ele>10.4</ele>
   </trkpt>
   <trkpt lat="-37.8407650" lon="144.9637580">
    <ele>10.4</ele>
   </trkpt>
   <trkpt lat="-37.8408200" lon="144.9637600">
    <ele>10.2</ele>
   </trkpt>
   <trkpt lat="-37.8408710" lon="144.9637660">
    <ele>10.2</ele>
   </trkpt>
   <trkpt lat="-37.8409300" lon="144.9637560">
    <ele>10.2</ele>
   </trkpt>
   <trkpt lat="-37.8409810" lon="144.9637600">
    <ele>10.2</ele>
   </trkpt>
   <trkpt lat="-37.8410360" lon="144.9637580">
    <ele>10.2</ele>
   </trkpt>
   <trkpt lat="-37.8410850" lon="144.9637630">
    <ele>10.2</ele>
   </trkpt>
   <trkpt lat="-37.8411370" lon="144.9637590">
    <ele>10.2</ele>
   </trkpt>
   <trkpt lat="-37.8411890" lon="144.9637580">
    <ele>10.4</ele>
   </trkpt>
   <trkpt lat="-37.8412410" lon="144.9637590">
    <ele>10.4</ele>
   </trkpt>
   <trkpt lat="-37.8413030" lon="144.9637640">
    <ele>10.4</ele>
   </trkpt>
   <trkpt lat="-37.8413560" lon="144.9637660">
    <ele>10.4</ele>
   </trkpt>
   <trkpt lat="-37.8414200" lon="144.9637610">
    <ele>10.4</ele>
   </trkpt>
   <trkpt lat="-37.8414720" lon="144.9637610">
    <ele>10.4</ele>
   </trkpt>
   <trkpt lat="-37.8415320" lon="144.9637550">
    <ele>10.2</ele>
   </trkpt>
   <trkpt lat="-37.8415880" lon="144.9637550">
    <ele>10.0</ele>
   </trkpt>
   <trkpt lat="-37.8416460" lon="144.9637450">
    <ele>10.0</ele>
   </trkpt>
   <trkpt lat="-37.8417030" lon="144.9637300">
    <ele>9.8</ele>
   </trkpt>
   <trkpt lat="-37.8417550" lon="144.9636980">
    <ele>9.8</ele>
   </trkpt>
   <trkpt lat="-37.8418090" lon="144.9636540">
    <ele>10.0</ele>
   </trkpt>
   <trkpt lat="-37.8418510" lon="144.9636080">
    <ele>10.0</ele>
   </trkpt>
   <trkpt lat="-37.8418870" lon="144.9635410">
    <ele>10.4</ele>
   </trkpt>
   <trkpt lat="-37.8419170" lon="144.9634780">
    <ele>10.8</ele>
   </trkpt>
   <trkpt lat="-37.8419380" lon="144.9634100">
    <ele>11.0</ele>
   </trkpt>
   <trkpt lat="-37.8419600" lon="144.9633460">
    <ele>11.2</ele>
   </trkpt>
   <trkpt lat="-37.8419690" lon="144.9632790">
    <ele>11.4</ele>
   </trkpt>
   <trkpt lat="-37.8419800" lon="144.9632090">
    <ele>11.6</ele>
   </trkpt>
   <trkpt lat="-37.8419880" lon="144.9631480">
    <ele>11.8</ele>
   </trkpt>
   <trkpt lat="-37.8419990" lon="144.9630770">
    <ele>12.0</ele>
   </trkpt>
   <trkpt lat="-37.8420120" lon="144.9630220">
    <ele>12.0</ele>
   </trkpt>
   <trkpt lat="-37.8420260" lon="144.9629550">
    <ele>12.2</ele>
   </trkpt>
   <trkpt lat="-37.8420410" lon="144.9629030">
    <ele>12.2</ele>
   </trkpt>
   <trkpt lat="-37.8420570" lon="144.9628410">
    <ele>12.2</ele>
   </trkpt>
   <trkpt lat="-37.8420680" lon="144.9627850">
    <ele>12.2</ele>
   </trkpt>
   <trkpt lat="-37.8420780" lon="144.9627150">
    <ele>12.2</ele>
   </trkpt>
   <trkpt lat="-37.8420880" lon="144.9626580">
    <ele>12.2</ele>
   </trkpt>
   <trkpt lat="-37.8421000" lon="144.9625850">
    <ele>12.4</ele>
   </trkpt>
   <trkpt lat="-37.8421120" lon="144.9625310">
    <ele>12.4</ele>
   </trkpt>
   <trkpt lat="-37.8421210" lon="144.9624600">
    <ele>12.4</ele>
   </trkpt>
   <trkpt lat="-37.8421370" lon="144.9624040">
    <ele>12.2</ele>
   </trkpt>
   <trkpt lat="-37.8421540" lon="144.9623340">
    <ele>12.2</ele>
   </trkpt>
   <trkpt lat="-37.8421790" lon="144.9622850">
    <ele>12.2</ele>
   </trkpt>
   <trkpt lat="-37.8422160" lon="144.9622360">
    <ele>12.2</ele>
   </trkpt>
   <trkpt lat="-37.8422600" lon="144.9622050">
    <ele>12.0</ele>
   </trkpt>
   <trkpt lat="-37.8423070" lon="144.9621980">
    <ele>12.0</ele>
   </trkpt>
   <trkpt lat="-37.8423560" lon="144.9622090">
    <ele>11.8</ele>
   </trkpt>
   <trkpt lat="-37.8423980" lon="144.9622330">
    <ele>11.4</ele>
   </trkpt>
   <trkpt lat="-37.8424490" lon="144.9622650">
    <ele>11.2</ele>
   </trkpt>
   <trkpt lat="-37.8424890" lon="144.9622920">
    <ele>11.0</ele>
   </trkpt>
   <trkpt lat="-37.8425340" lon="144.9623250">
    <ele>10.8</ele>
   </trkpt>
   <trkpt lat="-37.8425780" lon="144.9623570">
    <ele>11.2</ele>
   </trkpt>
   <trkpt lat="-37.8426260" lon="144.9623900">
    <ele>11.6</ele>
   </trkpt>
   <trkpt lat="-37.8426690" lon="144.9624200">
    <ele>12.0</ele>
   </trkpt>
   <trkpt lat="-37.8427180" lon="144.9624550">
    <ele>12.4</ele>
   </trkpt>
   <trkpt lat="-37.8427560" lon="144.9624870">
    <ele>12.6</ele>
   </trkpt>
   <trkpt lat="-37.8428040" lon="144.9625120">
    <ele>12.6</ele>
   </trkpt>
   <trkpt lat="-37.8428430" lon="144.9625420">
    <ele>12.6</ele>
   </trkpt>
   <trkpt lat="-37.8428900" lon="144.9625700">
    <ele>12.4</ele>
   </trkpt>
   <trkpt lat="-37.8429280" lon="144.9626010">
    <ele>12.4</ele>
   </trkpt>
   <trkpt lat="-37.8429770" lon="144.9626310">
    <ele>12.4</ele>
   </trkpt>
   <trkpt lat="-37.8430180" lon="144.9626590">
    <ele>12.4</ele>
   </trkpt>
   <trkpt lat="-37.8430640" lon="144.9626910">
    <ele>12.2</ele>
   </trkpt>
   <trkpt lat="-37.8431050" lon="144.9627220">
    <ele>12.0</ele>
   </trkpt>
   <trkpt lat="-37.8431500" lon="144.9627550">
    <ele>11.8</ele>
   </trkpt>
   <trkpt lat="-37.8431870" lon="144.9627850">
    <ele>11.8</ele>
   </trkpt>
   <trkpt lat="-37.8432310" lon="144.9628150">
    <ele>11.8</ele>
   </trkpt>
   <trkpt lat="-37.8432720" lon="144.9628450">
    <ele>11.8</ele>
   </trkpt>
   <trkpt lat="-37.8433140" lon="144.9628760">
    <ele>11.8</ele>
   </trkpt>
   <trkpt lat="-37.8433510" lon="144.9629110">
    <ele>11.8</ele>
   </trkpt>
   <trkpt lat="-37.8433930" lon="144.9629390">
    <ele>12.0</ele>
   </trkpt>
   <trkpt lat="-37.8434340" lon="144.9629760">
    <ele>12.2</ele>
   </trkpt>
   <trkpt lat="-37.8434720" lon="144.9630060">
    <ele>12.0</ele>
   </trkpt>
   <trkpt lat="-37.8435150" lon="144.9630460">
    <ele>11.8</ele>
   </trkpt>
   <trkpt lat="-37.8435510" lon="144.9630770">
    <ele>11.6</ele>
   </trkpt>
   <trkpt lat="-37.8435950" lon="144.9631180">
    <ele>11.8</ele>
   </trkpt>
   <trkpt lat="-37.8436320" lon="144.9631460">
    <ele>12.0</ele>
   </trkpt>
   <trkpt lat="-37.8436720" lon="144.9631820">
    <ele>12.4</ele>
   </trkpt>
   <trkpt lat="-37.8437110" lon="144.9632160">
    <ele>13.0</ele>
   </trkpt>
   <trkpt lat="-37.8437530" lon="144.9632560">
    <ele>13.2</ele>
   </trkpt>
   <trkpt lat="-37.8437960" lon="144.9632880">
    <ele>13.2</ele>
   </trkpt>
   <trkpt lat="-37.8438390" lon="144.9633230">
    <ele>13.2</ele>
   </trkpt>
   <trkpt lat="-37.8438780" lon="144.9633540">
    <ele>13.2</ele>
   </trkpt>
   <trkpt lat="-37.8439190" lon="144.9633920">
    <ele>13.4</ele>
   </trkpt>
   <trkpt lat="-37.8439520" lon="144.9634250">
    <ele>13.4</ele>
   </trkpt>
   <trkpt lat="-37.8439920" lon="144.9634610">
    <ele>13.6</ele>
   </trkpt>
   <trkpt lat="-37.8440270" lon="144.9634980">
    <ele>13.8</ele>
   </trkpt>
   <trkpt lat="-37.8440690" lon="144.9635370">
    <ele>13.8</ele>
   </trkpt>
   <trkpt lat="-37.8441020" lon="144.9635700">
    <ele>13.8</ele>
   </trkpt>
   <trkpt lat="-37.8441450" lon="144.9636100">
    <ele>14.0</ele>
   </trkpt>
   <trkpt lat="-37.8441820" lon="144.9636490">
    <ele>13.8</ele>
   </trkpt>
   <trkpt lat="-37.8442240" lon="144.9636930">
    <ele>13.8</ele>
   </trkpt>
   <trkpt lat="-37.8442630" lon="144.9637300">
    <ele>14.0</ele>
   </trkpt>
   <trkpt lat="-37.8443080" lon="144.9637770">
    <ele>14.2</ele>
   </trkpt>
   <trkpt lat="-37.8443380" lon="144.9638130">
    <ele>14.2</ele>
   </trkpt>
   <trkpt lat="-37.8443780" lon="144.9638540">
    <ele>14.4</ele>
   </trkpt>
   <trkpt lat="-37.8444120" lon="144.9638890">
    <ele>14.8</ele>
   </trkpt>
   <trkpt lat="-37.8444580" lon="144.9639220">
    <ele>14.8</ele>
   </trkpt>
   <trkpt lat="-37.8444920" lon="144.9639520">
    <ele>14.8</ele>
   </trkpt>
   <trkpt lat="-37.8445330" lon="144.9639890">
    <ele>15.0</ele>
   </trkpt>
   <trkpt lat="-37.8445670" lon="144.9640200">
    <ele>15.0</ele>
   </trkpt>
   <trkpt lat="-37.8446050" lon="144.9640600">
    <ele>15.0</ele>
   </trkpt>
   <trkpt lat="-37.8446330" lon="144.9640900">
    <ele>14.8</ele>
   </trkpt>
   <trkpt lat="-37.8446750" lon="144.9641300">
    <ele>14.6</ele>
   </trkpt>
   <trkpt lat="-37.8447030" lon="144.9641620">
    <ele>14.6</ele>
   </trkpt>
   <trkpt lat="-37.8447430" lon="144.9642090">
    <ele>14.6</ele>
   </trkpt>
   <trkpt lat="-37.8447790" lon="144.9642470">
    <ele>14.4</ele>
   </trkpt>
   <trkpt lat="-37.8448280" lon="144.9642930">
    <ele>14.4</ele>
   </trkpt>
   <trkpt lat="-37.8448600" lon="144.9643180">
    <ele>14.4</ele>
   </trkpt>
   <trkpt lat="-37.8449030" lon="144.9643600">
    <ele>14.6</ele>
   </trkpt>
   <trkpt lat="-37.8449300" lon="144.9643960">
    <ele>14.2</ele>
   </trkpt>
   <trkpt lat="-37.8449630" lon="144.9644410">
    <ele>14.2</ele>
   </trkpt>
   <trkpt lat="-37.8449910" lon="144.9644790">
    <ele>14.4</ele>
   </trkpt>
   <trkpt lat="-37.8450300" lon="144.9645280">
    <ele>14.4</ele>
   </trkpt>
   <trkpt lat="-37.8450610" lon="144.9645640">
    <ele>14.4</ele>
   </trkpt>
   <trkpt lat="-37.8451000" lon="144.9646140">
    <ele>14.4</ele>
   </trkpt>
   <trkpt lat="-37.8451270" lon="144.9646530">
    <ele>14.4</ele>
   </trkpt>
   <trkpt lat="-37.8451660" lon="144.9647010">
    <ele>14.0</ele>
   </trkpt>
   <trkpt lat="-37.8451980" lon="144.9647380">
    <ele>13.6</ele>
   </trkpt>
   <trkpt lat="-37.8452380" lon="144.9647770">
    <ele>13.6</ele>
   </trkpt>
   <trkpt lat="-37.8452690" lon="144.9648130">
    <ele>13.8</ele>
   </trkpt>
   <trkpt lat="-37.8453050" lon="144.9648560">
    <ele>14.0</ele>
   </trkpt>
   <trkpt lat="-37.8453340" lon="144.9648930">
    <ele>14.2</ele>
   </trkpt>
   <trkpt lat="-37.8453740" lon="144.9649450">
    <ele>14.6</ele>
   </trkpt>
   <trkpt lat="-37.8454000" lon="144.9649810">
    <ele>14.8</ele>
   </trkpt>
   <trkpt lat="-37.8454370" lon="144.9650250">
    <ele>14.6</ele>
   </trkpt>
   <trkpt lat="-37.8454640" lon="144.9650610">
    <ele>14.8</ele>
   </trkpt>
   <trkpt lat="-37.8455000" lon="144.9651100">
    <ele>14.8</ele>
   </trkpt>
   <trkpt lat="-37.8455340" lon="144.9651460">
    <ele>14.6</ele>
   </trkpt>
   <trkpt lat="-37.8455730" lon="144.9651940">
    <ele>14.4</ele>
   </trkpt>
   <trkpt lat="-37.8456020" lon="144.9652360">
    <ele>14.6</ele>
   </trkpt>
   <trkpt lat="-37.8456420" lon="144.9652840">
    <ele>14.4</ele>
   </trkpt>
   <trkpt lat="-37.8456750" lon="144.9653240">
    <ele>14.4</ele>
   </trkpt>
   <trkpt lat="-37.8457120" lon="144.9653690">
    <ele>14.4</ele>
   </trkpt>
   <trkpt lat="-37.8457430" lon="144.9654110">
    <ele>14.6</ele>
   </trkpt>
   <trkpt lat="-37.8457820" lon="144.9654590">
    <ele>14.8</ele>
   </trkpt>
   <trkpt lat="-37.8458100" lon="144.9654970">
    <ele>14.6</ele>
   </trkpt>
   <trkpt lat="-37.8458520" lon="144.9655350">
    <ele>14.6</ele>
   </trkpt>
   <trkpt lat="-37.8458850" lon="144.9655690">
    <ele>14.6</ele>
   </trkpt>
   <trkpt lat="-37.8459260" lon="144.9656130">
    <ele>14.6</ele>
   </trkpt>
   <trkpt lat="-37.8459550" lon="144.9656530">
    <ele>14.4</ele>
   </trkpt>
   <trkpt lat="-37.8459970" lon="144.9656930">
    <ele>14.4</ele>
   </trkpt>
   <trkpt lat="-37.8460280" lon="144.9657330">
    <ele>14.4</ele>
   </trkpt>
   <trkpt lat="-37.8460660" lon="144.9657800">
    <ele>14.2</ele>
   </trkpt>
   <trkpt lat="-37.8460970" lon="144.9658130">
    <ele>14.0</ele>
   </trkpt>
   <trkpt lat="-37.8461410" lon="144.9658540">
    <ele>13.8</ele>
   </trkpt>
   <trkpt lat="-37.8461760" lon="144.9658930">
    <ele>13.6</ele>
   </trkpt>
   <trkpt lat="-37.8462130" lon="144.9659400">
    <ele>13.4</ele>
   </trkpt>
   <trkpt lat="-37.8462450" lon="144.9659780">
    <ele>13.6</ele>
   </trkpt>
   <trkpt lat="-37.8462850" lon="144.9660100">
    <ele>14.0</ele>
   </trkpt>
   <trkpt lat="-37.8463250" lon="144.9660450">
    <ele>14.0</ele>
   </trkpt>
   <trkpt lat="-37.8463690" lon="144.9660810">
    <ele>14.0</ele>
   </trkpt>
   <trkpt lat="-37.8464140" lon="144.9661050">
    <ele>14.4</ele>
   </trkpt>
   <trkpt lat="-37.8464580" lon="144.9661320">
    <ele>14.6</ele>
   </trkpt>
   <trkpt lat="-37.8465020" lon="144.9661550">
    <ele>14.8</ele>
   </trkpt>
   <trkpt lat="-37.8465480" lon="144.9661740">
    <ele>14.8</ele>
   </trkpt>
   <trkpt lat="-37.8465910" lon="144.9661910">
    <ele>15.0</ele>
   </trkpt>
   <trkpt lat="-37.8466360" lon="144.9662060">
    <ele>15.2</ele>
   </trkpt>
   <trkpt lat="-37.8466800" lon="144.9662130">
    <ele>15.0</ele>
   </trkpt>
   <trkpt lat="-37.8467220" lon="144.9662270">
    <ele>15.0</ele>
   </trkpt>
   <trkpt lat="-37.8467680" lon="144.9662320">
    <ele>15.2</ele>
   </trkpt>
   <trkpt lat="-37.8468170" lon="144.9662400">
    <ele>15.0</ele>
   </trkpt>
   <trkpt lat="-37.8468700" lon="144.9662340">
    <ele>14.6</ele>
   </trkpt>
   <trkpt lat="-37.8469160" lon="144.9662350">
    <ele>14.4</ele>
   </trkpt>
   <trkpt lat="-37.8469700" lon="144.9662250">
    <ele>14.0</ele>
   </trkpt>
   <trkpt lat="-37.8470190" lon="144.9662190">
    <ele>13.8</ele>
   </trkpt>
   <trkpt lat="-37.8470690" lon="144.9662060">
    <ele>13.6</ele>
   </trkpt>
   <trkpt lat="-37.8471150" lon="144.9662030">
    <ele>13.6</ele>
   </trkpt>
   <trkpt lat="-37.8471660" lon="144.9661910">
    <ele>13.8</ele>
   </trkpt>
   <trkpt lat="-37.8472110" lon="144.9661840">
    <ele>14.0</ele>
   </trkpt>
   <trkpt lat="-37.8472600" lon="144.9661640">
    <ele>14.0</ele>
   </trkpt>
   <trkpt lat="-37.8473040" lon="144.9661530">
    <ele>14.0</ele>
   </trkpt>
   <trkpt lat="-37.8473580" lon="144.9661320">
    <ele>13.8</ele>
   </trkpt>
   <trkpt lat="-37.8474050" lon="144.9661230">
    <ele>13.6</ele>
   </trkpt>
   <trkpt lat="-37.8474570" lon="144.9661000">
    <ele>13.4</ele>
   </trkpt>
   <trkpt lat="-37.8475080" lon="144.9660940">
    <ele>13.0</ele>
   </trkpt>
   <trkpt lat="-37.8475630" lon="144.9660850">
    <ele>12.8</ele>
   </trkpt>
   <trkpt lat="-37.8476100" lon="144.9660980">
    <ele>12.4</ele>
   </trkpt>
   <trkpt lat="-37.8476600" lon="144.9661230">
    <ele>12.2</ele>
   </trkpt>
   <trkpt lat="-37.8476990" lon="144.9661530">
    <ele>11.8</ele>
   </trkpt>
   <trkpt lat="-37.8477410" lon="144.9661870">
    <ele>11.4</ele>
   </trkpt>
   <trkpt lat="-37.8477750" lon="144.9662200">
    <ele>11.0</ele>
   </trkpt>
   <trkpt lat="-37.8478150" lon="144.9662560">
    <ele>10.6</ele>
   </trkpt>
   <trkpt lat="-37.8478470" lon="144.9662920">
    <ele>10.4</ele>
   </trkpt>
   <trkpt lat="-37.8478840" lon="144.9663310">
    <ele>9.8</ele>
   </trkpt>
   <trkpt lat="-37.8479100" lon="144.9663690">
    <ele>9.6</ele>
   </trkpt>
   <trkpt lat="-37.8479470" lon="144.9664140">
    <ele>9.4</ele>
   </trkpt>
   <trkpt lat="-37.8479780" lon="144.9664550">
    <ele>9.2</ele>
   </trkpt>
   <trkpt lat="-37.8480120" lon="144.9664990">
    <ele>9.0</ele>
   </trkpt>
   <trkpt lat="-37.8480380" lon="144.9665380">
    <ele>9.0</ele>
   </trkpt>
   <trkpt lat="-37.8480780" lon="144.9665810">
    <ele>9.2</ele>
   </trkpt>
   <trkpt lat="-37.8481030" lon="144.9666190">
    <ele>9.4</ele>
   </trkpt>
   <trkpt lat="-37.8481430" lon="144.9666700">
    <ele>9.4</ele>
   </trkpt>
   <trkpt lat="-37.8481700" lon="144.9667040">
    <ele>9.2</ele>
   </trkpt>
   <trkpt lat="-37.8482110" lon="144.9667480">
    <ele>9.0</ele>
   </trkpt>
   <trkpt lat="-37.8482410" lon="144.9667840">
    <ele>8.8</ele>
   </trkpt>
   <trkpt lat="-37.8482830" lon="144.9668330">
    <ele>8.6</ele>
   </trkpt>
   <trkpt lat="-37.8483130" lon="144.9668760">
    <ele>8.6</ele>
   </trkpt>
   <trkpt lat="-37.8483580" lon="144.9669240">
    <ele>8.4</ele>
   </trkpt>
   <trkpt lat="-37.8483860" lon="144.9669600">
    <ele>8.4</ele>
   </trkpt>
   <trkpt lat="-37.8484270" lon="144.9670060">
    <ele>8.2</ele>
   </trkpt>
   <trkpt lat="-37.8484530" lon="144.9670410">
    <ele>8.2</ele>
   </trkpt>
   <trkpt lat="-37.8484930" lon="144.9670870">
    <ele>8.0</ele>
   </trkpt>
   <trkpt lat="-37.8485260" lon="144.9671310">
    <ele>8.0</ele>
   </trkpt>
   <trkpt lat="-37.8485640" lon="144.9671760">
    <ele>8.0</ele>
   </trkpt>
   <trkpt lat="-37.8485910" lon="144.9672130">
    <ele>8.2</ele>
   </trkpt>
   <trkpt lat="-37.8486320" lon="144.9672620">
    <ele>8.2</ele>
   </trkpt>
   <trkpt lat="-37.8486620" lon="144.9672990">
    <ele>8.2</ele>
   </trkpt>
   <trkpt lat="-37.8487020" lon="144.9673460">
    <ele>8.2</ele>
   </trkpt>
   <trkpt lat="-37.8487330" lon="144.9673790">
    <ele>8.2</ele>
   </trkpt>
   <trkpt lat="-37.8487710" lon="144.9674240">
    <ele>8.2</ele>
   </trkpt>
   <trkpt lat="-37.8487980" lon="144.9674630">
    <ele>8.0</ele>
   </trkpt>
   <trkpt lat="-37.8488340" lon="144.9675050">
    <ele>8.0</ele>
   </trkpt>
   <trkpt lat="-37.8488660" lon="144.9675440">
    <ele>8.0</ele>
   </trkpt>
   <trkpt lat="-37.8489070" lon="144.9675860">
    <ele>7.8</ele>
   </trkpt>
   <trkpt lat="-37.8489350" lon="144.9676230">
    <ele>7.8</ele>
   </trkpt>
   <trkpt lat="-37.8489680" lon="144.9676660">
    <ele>8.0</ele>
   </trkpt>
   <trkpt lat="-37.8489960" lon="144.9677060">
    <ele>8.0</ele>
   </trkpt>
   <trkpt lat="-37.8490330" lon="144.9677470">
    <ele>8.2</ele>
   </trkpt>
   <trkpt lat="-37.8490640" lon="144.9677820">
    <ele>8.2</ele>
   </trkpt>
   <trkpt lat="-37.8490960" lon="144.9678240">
    <ele>8.2</ele>
   </trkpt>
   <trkpt lat="-37.8491240" lon="144.9678620">
    <ele>8.2</ele>
   </trkpt>
   <trkpt lat="-37.8491540" lon="144.9679080">
    <ele>8.2</ele>
   </trkpt>
   <trkpt lat="-37.8491890" lon="144.9679520">
    <ele>8.2</ele>
   </trkpt>
   <trkpt lat="-37.8492250" lon="144.9679940">
    <ele>8.2</ele>
   </trkpt>
   <trkpt lat="-37.8492620" lon="144.9680350">
    <ele>8.6</ele>
   </trkpt>
   <trkpt lat="-37.8492930" lon="144.9680770">
    <ele>8.6</ele>
   </trkpt>
   <trkpt lat="-37.8493290" lon="144.9681220">
    <ele>8.6</ele>
   </trkpt>
   <trkpt lat="-37.8493620" lon="144.9681680">
    <ele>8.8</ele>
   </trkpt>
   <trkpt lat="-37.8494020" lon="144.9682140">
    <ele>8.8</ele>
   </trkpt>
   <trkpt lat="-37.8494350" lon="144.9682590">
    <ele>8.6</ele>
   </trkpt>
   <trkpt lat="-37.8494720" lon="144.9682980">
    <ele>8.6</ele>
   </trkpt>
   <trkpt lat="-37.8495060" lon="144.9683370">
    <ele>8.6</ele>
   </trkpt>
   <trkpt lat="-37.8495410" lon="144.9683750">
    <ele>8.8</ele>
   </trkpt>
   <trkpt lat="-37.8495710" lon="144.9684190">
    <ele>9.0</ele>
   </trkpt>
   <trkpt lat="-37.8496060" lon="144.9684570">
    <ele>9.0</ele>
   </trkpt>
   <trkpt lat="-37.8496380" lon="144.9684970">
    <ele>9.2</ele>
   </trkpt>
   <trkpt lat="-37.8496710" lon="144.9685370">
    <ele>9.2</ele>
   </trkpt>
   <trkpt lat="-37.8497000" lon="144.9685770">
    <ele>9.0</ele>
   </trkpt>
   <trkpt lat="-37.8497350" lon="144.9686210">
    <ele>9.0</ele>
   </trkpt>
   <trkpt lat="-37.8497620" lon="144.9686650">
    <ele>8.8</ele>
   </trkpt>
   <trkpt lat="-37.8497980" lon="144.9687090">
    <ele>8.6</ele>
   </trkpt>
   <trkpt lat="-37.8498270" lon="144.9687540">
    <ele>8.4</ele>
   </trkpt>
   <trkpt lat="-37.8498620" lon="144.9688010">
    <ele>8.4</ele>
   </trkpt>
   <trkpt lat="-37.8498920" lon="144.9688410">
    <ele>8.4</ele>
   </trkpt>
   <trkpt lat="-37.8499290" lon="144.9688810">
    <ele>8.4</ele>
   </trkpt>
   <trkpt lat="-37.8499540" lon="144.9689160">
    <ele>8.6</ele>
   </trkpt>
   <trkpt lat="-37.8499900" lon="144.9689610">
    <ele>8.6</ele>
   </trkpt>
   <trkpt lat="-37.8500170" lon="144.9689940">
    <ele>8.8</ele>
   </trkpt>
   <trkpt lat="-37.8500530" lon="144.9690410">
    <ele>8.6</ele>
   </trkpt>
   <trkpt lat="-37.8500810" lon="144.9690750">
    <ele>8.6</ele>
   </trkpt>
   <trkpt lat="-37.8501220" lon="144.9691260">
    <ele>8.6</ele>
   </trkpt>
   <trkpt lat="-37.8501450" lon="144.9691650">
    <ele>8.6</ele>
   </trkpt>
   <trkpt lat="-37.8501820" lon="144.9692120">
    <ele>8.6</ele>
   </trkpt>
   <trkpt lat="-37.8502140" lon="144.9692460">
    <ele>8.6</ele>
   </trkpt>
   <trkpt lat="-37.8502540" lon="144.9692970">
    <ele>8.6</ele>
   </trkpt>
   <trkpt lat="-37.8502780" lon="144.9693340">
    <ele>8.6</ele>
   </trkpt>
   <trkpt lat="-37.8503200" lon="144.9693870">
    <ele>8.8</ele>
   </trkpt>
   <trkpt lat="-37.8503490" lon="144.9694260">
    <ele>9.0</ele>
   </trkpt>
   <trkpt lat="-37.8503900" lon="144.9694770">
    <ele>9.2</ele>
   </trkpt>
   <trkpt lat="-37.8504220" lon="144.9695110">
    <ele>9.6</ele>
   </trkpt>
   <trkpt lat="-37.8504590" lon="144.9695600">
    <ele>9.8</ele>
   </trkpt>
   <trkpt lat="-37.8504840" lon="144.9695950">
    <ele>10.0</ele>
   </trkpt>
   <trkpt lat="-37.8505210" lon="144.9696410">
    <ele>10.2</ele>
   </trkpt>
   <trkpt lat="-37.8505480" lon="144.9696750">
    <ele>10.2</ele>
   </trkpt>
   <trkpt lat="-37.8505850" lon="144.9697210">
    <ele>10.2</ele>
   </trkpt>
   <trkpt lat="-37.8506140" lon="144.9697570">
    <ele>10.2</ele>
   </trkpt>
   <trkpt lat="-37.8506500" lon="144.9698040">
    <ele>10.0</ele>
   </trkpt>
   <trkpt lat="-37.8506820" lon="144.9698420">
    <ele>9.8</ele>
   </trkpt>
   <trkpt lat="-37.8507180" lon="144.9698880">
    <ele>9.8</ele>
   </trkpt>
   <trkpt lat="-37.8507460" lon="144.9699250">
    <ele>9.8</ele>
   </trkpt>
   <trkpt lat="-37.8507840" lon="144.9699710">
    <ele>9.8</ele>
   </trkpt>
   <trkpt lat="-37.8508150" lon="144.9700110">
    <ele>9.8</ele>
   </trkpt>
   <trkpt lat="-37.8508510" lon="144.9700560">
    <ele>10.0</ele>
   </trkpt>
   <trkpt lat="-37.8508840" lon="144.9700980">
    <ele>10.2</ele>
   </trkpt>
   <trkpt lat="-37.8509200" lon="144.9701480">
    <ele>10.4</ele>
   </trkpt>
   <trkpt lat="-37.8509530" lon="144.9701880">
    <ele>10.4</ele>
   </trkpt>
   <trkpt lat="-37.8509880" lon="144.9702320">
    <ele>10.6</ele>
   </trkpt>
   <trkpt lat="-37.8510190" lon="144.9702680">
    <ele>10.6</ele>
   </trkpt>
   <trkpt lat="-37.8510520" lon="144.9703110">
    <ele>10.8</ele>
   </trkpt>
   <trkpt lat="-37.8510850" lon="144.9703540">
    <ele>10.6</ele>
   </trkpt>
   <trkpt lat="-37.8511180" lon="144.9704010">
    <ele>10.6</ele>
   </trkpt>
   <trkpt lat="-37.8511510" lon="144.9704430">
    <ele>10.6</ele>
   </trkpt>
   <trkpt lat="-37.8511850" lon="144.9704840">
    <ele>10.6</ele>
   </trkpt>
   <trkpt lat="-37.8512190" lon="144.9705200">
    <ele>10.6</ele>
   </trkpt>
   <trkpt lat="-37.8512530" lon="144.9705680">
    <ele>10.6</ele>
   </trkpt>
   <trkpt lat="-37.8512860" lon="144.9706130">
    <ele>10.8</ele>
   </trkpt>
   <trkpt lat="-37.8513210" lon="144.9706540">
    <ele>10.8</ele>
   </trkpt>
   <trkpt lat="-37.8513550" lon="144.9706930">
    <ele>10.8</ele>
   </trkpt>
   <trkpt lat="-37.8513870" lon="144.9707380">
    <ele>10.8</ele>
   </trkpt>
   <trkpt lat="-37.8514240" lon="144.9707790">
    <ele>10.8</ele>
   </trkpt>
   <trkpt lat="-37.8514550" lon="144.9708270">
    <ele>10.8</ele>
   </trkpt>
   <trkpt lat="-37.8514910" lon="144.9708680">
    <ele>10.8</ele>
   </trkpt>
   <trkpt lat="-37.8515260" lon="144.9709130">
    <ele>11.0</ele>
   </trkpt>
   <trkpt lat="-37.8515640" lon="144.9709600">
    <ele>11.0</ele>
   </trkpt>
   <trkpt lat="-37.8515960" lon="144.9709990">
    <ele>11.0</ele>
   </trkpt>
   <trkpt lat="-37.8516320" lon="144.9710420">
    <ele>11.2</ele>
   </trkpt>
   <trkpt lat="-37.8516660" lon="144.9710850">
    <ele>11.2</ele>
   </trkpt>
   <trkpt lat="-37.8517030" lon="144.9711300">
    <ele>11.2</ele>
   </trkpt>
   <trkpt lat="-37.8517340" lon="144.9711750">
    <ele>11.2</ele>
   </trkpt>
   <trkpt lat="-37.8517710" lon="144.9712190">
    <ele>11.2</ele>
   </trkpt>
   <trkpt lat="-37.8518010" lon="144.9712610">
    <ele>11.4</ele>
   </trkpt>
   <trkpt lat="-37.8518380" lon="144.9713040">
    <ele>11.6</ele>
   </trkpt>
   <trkpt lat="-37.8518690" lon="144.9713490">
    <ele>11.8</ele>
   </trkpt>
   <trkpt lat="-37.8519070" lon="144.9713910">
    <ele>12.0</ele>
   </trkpt>
   <trkpt lat="-37.8519390" lon="144.9714340">
    <ele>12.0</ele>
   </trkpt>
   <trkpt lat="-37.8519790" lon="144.9714780">
    <ele>12.0</ele>
   </trkpt>
   <trkpt lat="-37.8520070" lon="144.9715160">
    <ele>12.2</ele>
   </trkpt>
   <trkpt lat="-37.8520430" lon="144.9715650">
    <ele>12.2</ele>
   </trkpt>
   <trkpt lat="-37.8520680" lon="144.9716020">
    <ele>12.2</ele>
   </trkpt>
   <trkpt lat="-37.8521060" lon="144.9716520">
    <ele>12.2</ele>
   </trkpt>
   <trkpt lat="-37.8521290" lon="144.9716940">
    <ele>12.2</ele>
   </trkpt>
   <trkpt lat="-37.8521700" lon="144.9717460">
    <ele>12.2</ele>
   </trkpt>
   <trkpt lat="-37.8521930" lon="144.9717900">
    <ele>12.2</ele>
   </trkpt>
   <trkpt lat="-37.8522290" lon="144.9718340">
    <ele>12.2</ele>
   </trkpt>
   <trkpt lat="-37.8522580" lon="144.9718770">
    <ele>12.2</ele>
   </trkpt>
   <trkpt lat="-37.8522940" lon="144.9719260">
    <ele>12.2</ele>
   </trkpt>
   <trkpt lat="-37.8523180" lon="144.9719660">
    <ele>12.2</ele>
   </trkpt>
   <trkpt lat="-37.8523620" lon="144.9720140">
    <ele>12.2</ele>
   </trkpt>
   <trkpt lat="-37.8523890" lon="144.9720530">
    <ele>12.2</ele>
   </trkpt>
   <trkpt lat="-37.8524280" lon="144.9721030">
    <ele>12.2</ele>
   </trkpt>
   <trkpt lat="-37.8524570" lon="144.9721430">
    <ele>12.2</ele>
   </trkpt>
   <trkpt lat="-37.8524950" lon="144.9721900">
    <ele>12.2</ele>
   </trkpt>
   <trkpt lat="-37.8525240" lon="144.9722270">
    <ele>12.0</ele>
   </trkpt>
   <trkpt lat="-37.8525620" lon="144.9722760">
    <ele>12.2</ele>
   </trkpt>
   <trkpt lat="-37.8525900" lon="144.9723160">
    <ele>12.2</ele>
   </trkpt>
   <trkpt lat="-37.8526300" lon="144.9723620">
    <ele>12.0</ele>
   </trkpt>
   <trkpt lat="-37.8526620" lon="144.9723980">
    <ele>12.0</ele>
   </trkpt>
   <trkpt lat="-37.8527010" lon="144.9724520">
    <ele>11.8</ele>
   </trkpt>
   <trkpt lat="-37.8527270" lon="144.9724940">
    <ele>11.6</ele>
   </trkpt>
   <trkpt lat="-37.8527590" lon="144.9725510">
    <ele>11.2</ele>
   </trkpt>
   <trkpt lat="-37.8527780" lon="144.9725990">
    <ele>10.8</ele>
   </trkpt>
   <trkpt lat="-37.8527940" lon="144.9726670">
    <ele>10.8</ele>
   </trkpt>
   <trkpt lat="-37.8528040" lon="144.9727120">
    <ele>10.8</ele>
   </trkpt>
   <trkpt lat="-37.8528110" lon="144.9727720">
    <ele>10.8</ele>
   </trkpt>
   <trkpt lat="-37.8528120" lon="144.9728250">
    <ele>10.4</ele>
   </trkpt>
   <trkpt lat="-37.8528130" lon="144.9728890">
    <ele>10.2</ele>
   </trkpt>
   <trkpt lat="-37.8528070" lon="144.9729420">
    <ele>10.4</ele>
   </trkpt>
   <trkpt lat="-37.8528020" lon="144.9730050">
    <ele>10.4</ele>
   </trkpt>
   <trkpt lat="-37.8527870" lon="144.9730530">
    <ele>10.2</ele>
   </trkpt>
   <trkpt lat="-37.8527670" lon="144.9731150">
    <ele>10.2</ele>
   </trkpt>
   <trkpt lat="-37.8527450" lon="144.9731560">
    <ele>9.8</ele>
   </trkpt>
   <trkpt lat="-37.8527190" lon="144.9732110">
    <ele>9.6</ele>
   </trkpt>
   <trkpt lat="-37.8526940" lon="144.9732480">
    <ele>9.0</ele>
   </trkpt>
   <trkpt lat="-37.8526700" lon="144.9733020">
    <ele>8.8</ele>
   </trkpt>
   <trkpt lat="-37.8526480" lon="144.9733430">
    <ele>8.6</ele>
   </trkpt>
   <trkpt lat="-37.8526120" lon="144.9733940">
    <ele>8.6</ele>
   </trkpt>
   <trkpt lat="-37.8525830" lon="144.9734250">
    <ele>8.8</ele>
   </trkpt>
   <trkpt lat="-37.8525440" lon="144.9734660">
    <ele>8.8</ele>
   </trkpt>
   <trkpt lat="-37.8525120" lon="144.9734840">
    <ele>8.8</ele>
   </trkpt>
   <trkpt lat="-37.8524750" lon="144.9735220">
    <ele>8.6</ele>
   </trkpt>
   <trkpt lat="-37.8524440" lon="144.9735530">
    <ele>8.6</ele>
   </trkpt>
   <trkpt lat="-37.8524120" lon="144.9735940">
    <ele>8.8</ele>
   </trkpt>
   <trkpt lat="-37.8523830" lon="144.9736230">
    <ele>9.0</ele>
   </trkpt>
   <trkpt lat="-37.8523460" lon="144.9736630">
    <ele>9.6</ele>
   </trkpt>
   <trkpt lat="-37.8523170" lon="144.9736980">
    <ele>11.8</ele>
   </trkpt>
   <trkpt lat="-37.8522880" lon="144.9737400">
    <ele>12.0</ele>
   </trkpt>
   <trkpt lat="-37.8522610" lon="144.9737780">
    <ele>12.8</ele>
   </trkpt>
   <trkpt lat="-37.8522250" lon="144.9738220">
    <ele>13.4</ele>
   </trkpt>
   <trkpt lat="-37.8521950" lon="144.9738620">
    <ele>13.6</ele>
   </trkpt>
   <trkpt lat="-37.8521600" lon="144.9739100">
    <ele>13.8</ele>
   </trkpt>
   <trkpt lat="-37.8521360" lon="144.9739550">
    <ele>14.2</ele>
   </trkpt>
   <trkpt lat="-37.8521100" lon="144.9740120">
    <ele>14.4</ele>
   </trkpt>
   <trkpt lat="-37.8521010" lon="144.9740740">
    <ele>14.6</ele>
   </trkpt>
   <trkpt lat="-37.8521030" lon="144.9741370">
    <ele>15.0</ele>
   </trkpt>
   <trkpt lat="-37.8521260" lon="144.9741950">
    <ele>15.2</ele>
   </trkpt>
   <trkpt lat="-37.8521500" lon="144.9742530">
    <ele>16.2</ele>
   </trkpt>
   <trkpt lat="-37.8521860" lon="144.9742970">
    <ele>16.6</ele>
   </trkpt>
   <trkpt lat="-37.8522200" lon="144.9743440">
    <ele>17.0</ele>
   </trkpt>
   <trkpt lat="-37.8522610" lon="144.9743830">
    <ele>17.2</ele>
   </trkpt>
   <trkpt lat="-37.8522950" lon="144.9744200">
    <ele>17.2</ele>
   </trkpt>
   <trkpt lat="-37.8523380" lon="144.9744540">
    <ele>17.0</ele>
   </trkpt>
   <trkpt lat="-37.8523720" lon="144.9744890">
    <ele>16.8</ele>
   </trkpt>
   <trkpt lat="-37.8524150" lon="144.9745200">
    <ele>16.8</ele>
   </trkpt>
   <trkpt lat="-37.8524510" lon="144.9745580">
    <ele>16.8</ele>
   </trkpt>
   <trkpt lat="-37.8524940" lon="144.9745930">
    <ele>16.6</ele>
   </trkpt>
   <trkpt lat="-37.8525290" lon="144.9746290">
    <ele>16.4</ele>
   </trkpt>
   <trkpt lat="-37.8525750" lon="144.9746600">
    <ele>16.2</ele>
   </trkpt>
   <trkpt lat="-37.8526100" lon="144.9746910">
    <ele>16.0</ele>
   </trkpt>
   <trkpt lat="-37.8526560" lon="144.9747210">
    <ele>15.4</ele>
   </trkpt>
   <trkpt lat="-37.8526910" lon="144.9747530">
    <ele>15.4</ele>
   </trkpt>
   <trkpt lat="-37.8527370" lon="144.9747900">
    <ele>15.4</ele>
   </trkpt>
   <trkpt lat="-37.8527740" lon="144.9748210">
    <ele>15.4</ele>
   </trkpt>
   <trkpt lat="-37.8528260" lon="144.9748560">
    <ele>15.6</ele>
   </trkpt>
   <trkpt lat="-37.8528630" lon="144.9748860">
    <ele>15.8</ele>
   </trkpt>
   <trkpt lat="-37.8529090" lon="144.9749200">
    <ele>16.0</ele>
   </trkpt>
   <trkpt lat="-37.8529450" lon="144.9749490">
    <ele>16.0</ele>
   </trkpt>
   <trkpt lat="-37.8529880" lon="144.9749820">
    <ele>16.0</ele>
   </trkpt>
   <trkpt lat="-37.8530290" lon="144.9750060">
    <ele>15.8</ele>
   </trkpt>
   <trkpt lat="-37.8530730" lon="144.9750370">
    <ele>15.6</ele>
   </trkpt>
   <trkpt lat="-37.8531120" lon="144.9750640">
    <ele>15.4</ele>
   </trkpt>
   <trkpt lat="-37.8531570" lon="144.9750950">
    <ele>15.2</ele>
   </trkpt>
   <trkpt lat="-37.8531990" lon="144.9751200">
    <ele>15.2</ele>
   </trkpt>
   <trkpt lat="-37.8532430" lon="144.9751490">
    <ele>15.0</ele>
   </trkpt>
   <trkpt lat="-37.8532860" lon="144.9751730">
    <ele>14.8</ele>
   </trkpt>
   <trkpt lat="-37.8533270" lon="144.9752040">
    <ele>14.4</ele>
   </trkpt>
   <trkpt lat="-37.8533700" lon="144.9752280">
    <ele>14.2</ele>
   </trkpt>
   <trkpt lat="-37.8534110" lon="144.9752580">
    <ele>14.0</ele>
   </trkpt>
   <trkpt lat="-37.8534580" lon="144.9752880">
    <ele>13.8</ele>
   </trkpt>
   <trkpt lat="-37.8534970" lon="144.9753170">
    <ele>13.6</ele>
   </trkpt>
   <trkpt lat="-37.8535370" lon="144.9753470">
    <ele>13.6</ele>
   </trkpt>
   <trkpt lat="-37.8535770" lon="144.9753790">
    <ele>13.4</ele>
   </trkpt>
   <trkpt lat="-37.8536210" lon="144.9754080">
    <ele>13.4</ele>
   </trkpt>
   <trkpt lat="-37.8536550" lon="144.9754420">
    <ele>13.2</ele>
   </trkpt>
   <trkpt lat="-37.8536970" lon="144.9754770">
    <ele>13.0</ele>
   </trkpt>
   <trkpt lat="-37.8537230" lon="144.9755080">
    <ele>12.8</ele>
   </trkpt>
   <trkpt lat="-37.8537580" lon="144.9755540">
    <ele>12.4</ele>
   </trkpt>
   <trkpt lat="-37.8537790" lon="144.9756000">
    <ele>12.2</ele>
   </trkpt>
   <trkpt lat="-37.8538100" lon="144.9756550">
    <ele>12.2</ele>
   </trkpt>
   <trkpt lat="-37.8538270" lon="144.9757060">
    <ele>12.2</ele>
   </trkpt>
   <trkpt lat="-37.8538440" lon="144.9757690">
    <ele>12.2</ele>
   </trkpt>
   <trkpt lat="-37.8538530" lon="144.9758200">
    <ele>12.2</ele>
   </trkpt>
   <trkpt lat="-37.8538610" lon="144.9758860">
    <ele>12.0</ele>
   </trkpt>
   <trkpt lat="-37.8538640" lon="144.9759360">
    <ele>12.0</ele>
   </trkpt>
   <trkpt lat="-37.8538590" lon="144.9759980">
    <ele>11.8</ele>
   </trkpt>
   <trkpt lat="-37.8538560" lon="144.9760500">
    <ele>11.6</ele>
   </trkpt>
   <trkpt lat="-37.8538440" lon="144.9761110">
    <ele>11.6</ele>
   </trkpt>
   <trkpt lat="-37.8538320" lon="144.9761640">
    <ele>11.8</ele>
   </trkpt>
   <trkpt lat="-37.8538260" lon="144.9762260">
    <ele>11.8</ele>
   </trkpt>
   <trkpt lat="-37.8538210" lon="144.9762800">
    <ele>11.8</ele>
   </trkpt>
   <trkpt lat="-37.8538060" lon="144.9763370">
    <ele>12.0</ele>
   </trkpt>
   <trkpt lat="-37.8537940" lon="144.9763870">
    <ele>12.0</ele>
   </trkpt>
   <trkpt lat="-37.8537750" lon="144.9764400">
    <ele>12.2</ele>
   </trkpt>
   <trkpt lat="-37.8537620" lon="144.9764930">
    <ele>12.2</ele>
   </trkpt>
   <trkpt lat="-37.8537470" lon="144.9765550">
    <ele>12.2</ele>
   </trkpt>
   <trkpt lat="-37.8537330" lon="144.9766070">
    <ele>12.0</ele>
   </trkpt>
   <trkpt lat="-37.8537200" lon="144.9766700">
    <ele>11.6</ele>
   </trkpt>
   <trkpt lat="-37.8537080" lon="144.9767230">
    <ele>11.2</ele>
   </trkpt>
   <trkpt lat="-37.8536920" lon="144.9767820">
    <ele>10.6</ele>
   </trkpt>
   <trkpt lat="-37.8536810" lon="144.9768350">
    <ele>10.4</ele>
   </trkpt>
   <trkpt lat="-37.8536710" lon="144.9768930">
    <ele>10.2</ele>
   </trkpt>
   <trkpt lat="-37.8536660" lon="144.9769460">
    <ele>10.6</ele>
   </trkpt>
   <trkpt lat="-37.8536590" lon="144.9770020">
    <ele>10.6</ele>
   </trkpt>
   <trkpt lat="-37.8536540" lon="144.9770580">
    <ele>11.0</ele>
   </trkpt>
   <trkpt lat="-37.8536390" lon="144.9771150">
    <ele>11.4</ele>
   </trkpt>
   <trkpt lat="-37.8536260" lon="144.9771680">
    <ele>11.6</ele>
   </trkpt>
   <trkpt lat="-37.8536120" lon="144.9772300">
    <ele>11.8</ele>
   </trkpt>
   <trkpt lat="-37.8535990" lon="144.9772840">
    <ele>11.8</ele>
   </trkpt>
   <trkpt lat="-37.8535840" lon="144.9773400">
    <ele>12.2</ele>
   </trkpt>
   <trkpt lat="-37.8535740" lon="144.9773930">
    <ele>11.8</ele>
   </trkpt>
   <trkpt lat="-37.8535580" lon="144.9774450">
    <ele>11.8</ele>
   </trkpt>
   <trkpt lat="-37.8535480" lon="144.9775030">
    <ele>12.6</ele>
   </trkpt>
   <trkpt lat="-37.8535310" lon="144.9775520">
    <ele>13.2</ele>
   </trkpt>
   <trkpt lat="-37.8535210" lon="144.9776100">
    <ele>13.2</ele>
   </trkpt>
   <trkpt lat="-37.8535080" lon="144.9776630">
    <ele>13.4</ele>
   </trkpt>
   <trkpt lat="-37.8534940" lon="144.9777200">
    <ele>13.6</ele>
   </trkpt>
   <trkpt lat="-37.8534820" lon="144.9777710">
    <ele>13.8</ele>
   </trkpt>
   <trkpt lat="-37.8534730" lon="144.9778360">
    <ele>13.8</ele>
   </trkpt>
   <trkpt lat="-37.8534580" lon="144.9778820">
    <ele>14.4</ele>
   </trkpt>
   <trkpt lat="-37.8534520" lon="144.9779470">
    <ele>14.6</ele>
   </trkpt>
   <trkpt lat="-37.8534400" lon="144.9779970">
    <ele>14.6</ele>
   </trkpt>
   <trkpt lat="-37.8534300" lon="144.9780640">
    <ele>14.6</ele>
   </trkpt>
   <trkpt lat="-37.8534190" lon="144.9781150">
    <ele>14.6</ele>
   </trkpt>
   <trkpt lat="-37.8534080" lon="144.9781820">
    <ele>14.4</ele>
   </trkpt>
   <trkpt lat="-37.8533930" lon="144.9782250">
    <ele>14.2</ele>
   </trkpt>
   <trkpt lat="-37.8533780" lon="144.9782870">
    <ele>13.2</ele>
   </trkpt>
   <trkpt lat="-37.8533670" lon="144.9783390">
    <ele>12.2</ele>
   </trkpt>
   <trkpt lat="-37.8533520" lon="144.9783960">
    <ele>11.8</ele>
   </trkpt>
   <trkpt lat="-37.8533370" lon="144.9784430">
    <ele>12.0</ele>
   </trkpt>
   <trkpt lat="-37.8533130" lon="144.9784960">
    <ele>12.8</ele>
   </trkpt>
   <trkpt lat="-37.8532830" lon="144.9785280">
    <ele>13.4</ele>
   </trkpt>
   <trkpt lat="-37.8532540" lon="144.9785550">
    <ele>14.4</ele>
   </trkpt>
   <trkpt lat="-37.8532100" lon="144.9785520">
    <ele>16.0</ele>
   </trkpt>
   <trkpt lat="-37.8531590" lon="144.9785390">
    <ele>17.2</ele>
   </trkpt>
   <trkpt lat="-37.8531190" lon="144.9785250">
    <ele>17.4</ele>
   </trkpt>
   <trkpt lat="-37.8530640" lon="144.9785120">
    <ele>18.2</ele>
   </trkpt>
   <trkpt lat="-37.8530260" lon="144.9784960">
    <ele>18.2</ele>
   </trkpt>
   <trkpt lat="-37.8529730" lon="144.9784820">
    <ele>18.0</ele>
   </trkpt>
   <trkpt lat="-37.8529310" lon="144.9784740">
    <ele>18.0</ele>
   </trkpt>
   <trkpt lat="-37.8528800" lon="144.9784640">
    <ele>17.8</ele>
   </trkpt>
   <trkpt lat="-37.8528400" lon="144.9784530">
    <ele>17.8</ele>
   </trkpt>
   <trkpt lat="-37.8527930" lon="144.9784430">
    <ele>17.6</ele>
   </trkpt>
   <trkpt lat="-37.8527540" lon="144.9784290">
    <ele>17.4</ele>
   </trkpt>
   <trkpt lat="-37.8527090" lon="144.9784140">
    <ele>17.6</ele>
   </trkpt>
   <trkpt lat="-37.8526660" lon="144.9783990">
    <ele>17.4</ele>
   </trkpt>
   <trkpt lat="-37.8526190" lon="144.9783830">
    <ele>18.0</ele>
   </trkpt>
   <trkpt lat="-37.8525720" lon="144.9783630">
    <ele>18.6</ele>
   </trkpt>
   <trkpt lat="-37.8525210" lon="144.9783400">
    <ele>19.2</ele>
   </trkpt>
   <trkpt lat="-37.8524730" lon="144.9783270">
    <ele>19.6</ele>
   </trkpt>
   <trkpt lat="-37.8524270" lon="144.9783130">
    <ele>20.0</ele>
   </trkpt>
   <trkpt lat="-37.8523790" lon="144.9782990">
    <ele>20.2</ele>
   </trkpt>
   <trkpt lat="-37.8523350" lon="144.9782830">
    <ele>20.2</ele>
   </trkpt>
   <trkpt lat="-37.8522900" lon="144.9782700">
    <ele>19.8</ele>
   </trkpt>
   <trkpt lat="-37.8522470" lon="144.9782560">
    <ele>19.6</ele>
   </trkpt>
   <trkpt lat="-37.8521990" lon="144.9782400">
    <ele>18.8</ele>
   </trkpt>
   <trkpt lat="-37.8521530" lon="144.9782260">
    <ele>18.2</ele>
   </trkpt>
   <trkpt lat="-37.8521060" lon="144.9782040">
    <ele>18.0</ele>
   </trkpt>
   <trkpt lat="-37.8520650" lon="144.9781820">
    <ele>17.6</ele>
   </trkpt>
   <trkpt lat="-37.8520160" lon="144.9781660">
    <ele>17.8</ele>
   </trkpt>
   <trkpt lat="-37.8519760" lon="144.9781470">
    <ele>17.6</ele>
   </trkpt>
   <trkpt lat="-37.8519250" lon="144.9781360">
    <ele>18.0</ele>
   </trkpt>
   <trkpt lat="-37.8518870" lon="144.9781180">
    <ele>18.2</ele>
   </trkpt>
   <trkpt lat="-37.8518380" lon="144.9781090">
    <ele>18.6</ele>
   </trkpt>
   <trkpt lat="-37.8518010" lon="144.9780980">
    <ele>19.0</ele>
   </trkpt>
   <trkpt lat="-37.8517540" lon="144.9780820">
    <ele>19.0</ele>
   </trkpt>
   <trkpt lat="-37.8517170" lon="144.9780630">
    <ele>19.0</ele>
   </trkpt>
   <trkpt lat="-37.8516690" lon="144.9780470">
    <ele>19.2</ele>
   </trkpt>
   <trkpt lat="-37.8516310" lon="144.9780300">
    <ele>19.4</ele>
   </trkpt>
   <trkpt lat="-37.8515830" lon="144.9780110">
    <ele>19.4</ele>
   </trkpt>
   <trkpt lat="-37.8515430" lon="144.9779910">
    <ele>19.4</ele>
   </trkpt>
   <trkpt lat="-37.8514910" lon="144.9779810">
    <ele>19.4</ele>
   </trkpt>
   <trkpt lat="-37.8514530" lon="144.9779610">
    <ele>19.2</ele>
   </trkpt>
   <trkpt lat="-37.8514020" lon="144.9779430">
    <ele>18.8</ele>
   </trkpt>
   <trkpt lat="-37.8513690" lon="144.9779260">
    <ele>19.0</ele>
   </trkpt>
   <trkpt lat="-37.8513210" lon="144.9779080">
    <ele>19.2</ele>
   </trkpt>
   <trkpt lat="-37.8512830" lon="144.9778960">
    <ele>19.6</ele>
   </trkpt>
   <trkpt lat="-37.8512350" lon="144.9778790">
    <ele>20.0</ele>
   </trkpt>
   <trkpt lat="-37.8511910" lon="144.9778640">
    <ele>20.0</ele>
   </trkpt>
   <trkpt lat="-37.8511440" lon="144.9778460">
    <ele>20.4</ele>
   </trkpt>
   <trkpt lat="-37.8511050" lon="144.9778260">
    <ele>20.6</ele>
   </trkpt>
   <trkpt lat="-37.8510570" lon="144.9778070">
    <ele>21.0</ele>
   </trkpt>
   <trkpt lat="-37.8510120" lon="144.9777950">
    <ele>21.4</ele>
   </trkpt>
   <trkpt lat="-37.8509710" lon="144.9777820">
    <ele>21.6</ele>
   </trkpt>
   <trkpt lat="-37.8509320" lon="144.9777710">
    <ele>21.4</ele>
   </trkpt>
   <trkpt lat="-37.8508910" lon="144.9777540">
    <ele>21.6</ele>
   </trkpt>
   <trkpt lat="-37.8508500" lon="144.9777390">
    <ele>21.2</ele>
   </trkpt>
   <trkpt lat="-37.8508110" lon="144.9777200">
    <ele>21.2</ele>
   </trkpt>
   <trkpt lat="-37.8507660" lon="144.9777030">
    <ele>21.2</ele>
   </trkpt>
   <trkpt lat="-37.8507250" lon="144.9776860">
    <ele>21.4</ele>
   </trkpt>
   <trkpt lat="-37.8506780" lon="144.9776710">
    <ele>21.4</ele>
   </trkpt>
   <trkpt lat="-37.8506380" lon="144.9776540">
    <ele>21.8</ele>
   </trkpt>
   <trkpt lat="-37.8505880" lon="144.9776390">
    <ele>22.2</ele>
   </trkpt>
   <trkpt lat="-37.8505480" lon="144.9776220">
    <ele>22.6</ele>
   </trkpt>
   <trkpt lat="-37.8504990" lon="144.9776060">
    <ele>23.0</ele>
   </trkpt>
   <trkpt lat="-37.8504580" lon="144.9775900">
    <ele>23.0</ele>
   </trkpt>
   <trkpt lat="-37.8504060" lon="144.9775760">
    <ele>23.0</ele>
   </trkpt>
   <trkpt lat="-37.8503710" lon="144.9775590">
    <ele>22.6</ele>
   </trkpt>
   <trkpt lat="-37.8503250" lon="144.9775400">
    <ele>22.4</ele>
   </trkpt>
   <trkpt lat="-37.8502870" lon="144.9775200">
    <ele>22.2</ele>
   </trkpt>
   <trkpt lat="-37.8502410" lon="144.9774970">
    <ele>22.2</ele>
   </trkpt>
   <trkpt lat="-37.8502020" lon="144.9774740">
    <ele>22.2</ele>
   </trkpt>
   <trkpt lat="-37.8501600" lon="144.9774500">
    <ele>22.4</ele>
   </trkpt>
   <trkpt lat="-37.8501140" lon="144.9774250">
    <ele>22.6</ele>
   </trkpt>
   <trkpt lat="-37.8500770" lon="144.9773950">
    <ele>23.0</ele>
   </trkpt>
   <trkpt lat="-37.8500380" lon="144.9773710">
    <ele>23.0</ele>
   </trkpt>
   <trkpt lat="-37.8499970" lon="144.9773380">
    <ele>23.4</ele>
   </trkpt>
   <trkpt lat="-37.8499560" lon="144.9773110">
    <ele>23.0</ele>
   </trkpt>
   <trkpt lat="-37.8499180" lon="144.9772790">
    <ele>22.6</ele>
   </trkpt>
   <trkpt lat="-37.8498780" lon="144.9772490">
    <ele>22.0</ele>
   </trkpt>
   <trkpt lat="-37.8498400" lon="144.9772110">
    <ele>21.8</ele>
   </trkpt>
   <trkpt lat="-37.8498010" lon="144.9771770">
    <ele>22.0</ele>
   </trkpt>
   <trkpt lat="-37.8497660" lon="144.9771360">
    <ele>22.2</ele>
   </trkpt>
   <trkpt lat="-37.8497260" lon="144.9771030">
    <ele>22.2</ele>
   </trkpt>
   <trkpt lat="-37.8496920" lon="144.9770600">
    <ele>22.8</ele>
   </trkpt>
   <trkpt lat="-37.8496540" lon="144.9770230">
    <ele>23.0</ele>
   </trkpt>
   <trkpt lat="-37.8496220" lon="144.9769840">
    <ele>23.2</ele>
   </trkpt>
   <trkpt lat="-37.8495820" lon="144.9769440">
    <ele>23.2</ele>
   </trkpt>
   <trkpt lat="-37.8495550" lon="144.9768990">
    <ele>23.2</ele>
   </trkpt>
   <trkpt lat="-37.8495190" lon="144.9768560">
    <ele>23.0</ele>
   </trkpt>
   <trkpt lat="-37.8494930" lon="144.9768110">
    <ele>23.0</ele>
   </trkpt>
   <trkpt lat="-37.8494560" lon="144.9767610">
    <ele>22.8</ele>
   </trkpt>
   <trkpt lat="-37.8494300" lon="144.9767150">
    <ele>22.8</ele>
   </trkpt>
   <trkpt lat="-37.8493950" lon="144.9766640">
    <ele>22.6</ele>
   </trkpt>
   <trkpt lat="-37.8493730" lon="144.9766230">
    <ele>22.6</ele>
   </trkpt>
   <trkpt lat="-37.8493370" lon="144.9765710">
    <ele>22.6</ele>
   </trkpt>
   <trkpt lat="-37.8493090" lon="144.9765300">
    <ele>22.6</ele>
   </trkpt>
   <trkpt lat="-37.8492760" lon="144.9764800">
    <ele>22.6</ele>
   </trkpt>
   <trkpt lat="-37.8492470" lon="144.9764390">
    <ele>22.6</ele>
   </trkpt>
   <trkpt lat="-37.8492200" lon="144.9763880">
    <ele>22.4</ele>
   </trkpt>
   <trkpt lat="-37.8491910" lon="144.9763430">
    <ele>22.2</ele>
   </trkpt>
   <trkpt lat="-37.8491630" lon="144.9762950">
    <ele>22.4</ele>
   </trkpt>
   <trkpt lat="-37.8491340" lon="144.9762520">
    <ele>22.4</ele>
   </trkpt>
   <trkpt lat="-37.8491050" lon="144.9762040">
    <ele>22.6</ele>
   </trkpt>
   <trkpt lat="-37.8490720" lon="144.9761600">
    <ele>23.0</ele>
   </trkpt>
   <trkpt lat="-37.8490450" lon="144.9761190">
    <ele>23.0</ele>
   </trkpt>
   <trkpt lat="-37.8490100" lon="144.9760790">
    <ele>23.2</ele>
   </trkpt>
   <trkpt lat="-37.8489840" lon="144.9760370">
    <ele>23.2</ele>
   </trkpt>
   <trkpt lat="-37.8489450" lon="144.9759920">
    <ele>23.4</ele>
   </trkpt>
   <trkpt lat="-37.8489190" lon="144.9759510">
    <ele>23.4</ele>
   </trkpt>
   <trkpt lat="-37.8488850" lon="144.9759040">
    <ele>23.4</ele>
   </trkpt>
   <trkpt lat="-37.8488620" lon="144.9758600">
    <ele>23.4</ele>
   </trkpt>
   <trkpt lat="-37.8488240" lon="144.9758110">
    <ele>23.6</ele>
   </trkpt>
   <trkpt lat="-37.8487990" lon="144.9757710">
    <ele>23.4</ele>
   </trkpt>
   <trkpt lat="-37.8487650" lon="144.9757260">
    <ele>23.4</ele>
   </trkpt>
   <trkpt lat="-37.8487370" lon="144.9756900">
    <ele>23.4</ele>
   </trkpt>
   <trkpt lat="-37.8487040" lon="144.9756470">
    <ele>23.4</ele>
   </trkpt>
   <trkpt lat="-37.8486740" lon="144.9756070">
    <ele>23.2</ele>
   </trkpt>
   <trkpt lat="-37.8486470" lon="144.9755650">
    <ele>23.0</ele>
   </trkpt>
   <trkpt lat="-37.8486140" lon="144.9755240">
    <ele>23.0</ele>
   </trkpt>
   <trkpt lat="-37.8485830" lon="144.9754820">
    <ele>22.8</ele>
   </trkpt>
   <trkpt lat="-37.8485500" lon="144.9754360">
    <ele>22.6</ele>
   </trkpt>
   <trkpt lat="-37.8485190" lon="144.9753870">
    <ele>22.6</ele>
   </trkpt>
   <trkpt lat="-37.8484850" lon="144.9753410">
    <ele>22.8</ele>
   </trkpt>
   <trkpt lat="-37.8484630" lon="144.9752990">
    <ele>22.6</ele>
   </trkpt>
   <trkpt lat="-37.8484280" lon="144.9752560">
    <ele>22.8</ele>
   </trkpt>
   <trkpt lat="-37.8484010" lon="144.9752130">
    <ele>22.8</ele>
   </trkpt>
   <trkpt lat="-37.8483690" lon="144.9751700">
    <ele>23.0</ele>
   </trkpt>
   <trkpt lat="-37.8483490" lon="144.9751230">
    <ele>23.2</ele>
   </trkpt>
   <trkpt lat="-37.8483230" lon="144.9750730">
    <ele>23.4</ele>
   </trkpt>
   <trkpt lat="-37.8483070" lon="144.9750300">
    <ele>23.4</ele>
   </trkpt>
   <trkpt lat="-37.8482860" lon="144.9749770">
    <ele>23.8</ele>
   </trkpt>
   <trkpt lat="-37.8482660" lon="144.9749290">
    <ele>24.2</ele>
   </trkpt>
   <trkpt lat="-37.8482470" lon="144.9748790">
    <ele>24.4</ele>
   </trkpt>
   <trkpt lat="-37.8482260" lon="144.9748280">
    <ele>24.4</ele>
   </trkpt>
   <trkpt lat="-37.8482060" lon="144.9747750">
    <ele>24.0</ele>
   </trkpt>
   <trkpt lat="-37.8481870" lon="144.9747170">
    <ele>23.8</ele>
   </trkpt>
   <trkpt lat="-37.8481740" lon="144.9746620">
    <ele>23.4</ele>
   </trkpt>
   <trkpt lat="-37.8481610" lon="144.9746050">
    <ele>23.2</ele>
   </trkpt>
   <trkpt lat="-37.8481540" lon="144.9745520">
    <ele>23.4</ele>
   </trkpt>
   <trkpt lat="-37.8481460" lon="144.9744940">
    <ele>23.6</ele>
   </trkpt>
   <trkpt lat="-37.8481410" lon="144.9744420">
    <ele>23.8</ele>
   </trkpt>
   <trkpt lat="-37.8481290" lon="144.9743780">
    <ele>23.8</ele>
   </trkpt>
   <trkpt lat="-37.8481290" lon="144.9743280">
    <ele>23.8</ele>
   </trkpt>
   <trkpt lat="-37.8481220" lon="144.9742650">
    <ele>24.0</ele>
   </trkpt>
   <trkpt lat="-37.8481220" lon="144.9742120">
    <ele>24.0</ele>
   </trkpt>
   <trkpt lat="-37.8481170" lon="144.9741510">
    <ele>24.0</ele>
   </trkpt>
   <trkpt lat="-37.8481110" lon="144.9740960">
    <ele>24.6</ele>
   </trkpt>
   <trkpt lat="-37.8481100" lon="144.9740340">
    <ele>25.0</ele>
   </trkpt>
   <trkpt lat="-37.8481100" lon="144.9739820">
    <ele>25.0</ele>
   </trkpt>
   <trkpt lat="-37.8481020" lon="144.9739210">
    <ele>25.0</ele>
   </trkpt>
   <trkpt lat="-37.8480960" lon="144.9738650">
    <ele>25.0</ele>
   </trkpt>
   <trkpt lat="-37.8480940" lon="144.9738080">
    <ele>25.0</ele>
   </trkpt>
   <trkpt lat="-37.8480900" lon="144.9737520">
    <ele>24.8</ele>
   </trkpt>
   <trkpt lat="-37.8480860" lon="144.9737000">
    <ele>24.6</ele>
   </trkpt>
   <trkpt lat="-37.8480760" lon="144.9736370">
    <ele>24.4</ele>
   </trkpt>
   <trkpt lat="-37.8480710" lon="144.9735840">
    <ele>24.2</ele>
   </trkpt>
   <trkpt lat="-37.8480600" lon="144.9735230">
    <ele>24.0</ele>
   </trkpt>
   <trkpt lat="-37.8480570" lon="144.9734700">
    <ele>23.8</ele>
   </trkpt>
   <trkpt lat="-37.8480380" lon="144.9734130">
    <ele>23.8</ele>
   </trkpt>
   <trkpt lat="-37.8480280" lon="144.9733630">
    <ele>24.0</ele>
   </trkpt>
   <trkpt lat="-37.8480020" lon="144.9733020">
    <ele>24.0</ele>
   </trkpt>
   <trkpt lat="-37.8479860" lon="144.9732480">
    <ele>24.0</ele>
   </trkpt>
   <trkpt lat="-37.8479580" lon="144.9731850">
    <ele>24.0</ele>
   </trkpt>
   <trkpt lat="-37.8479400" lon="144.9731370">
    <ele>24.0</ele>
   </trkpt>
   <trkpt lat="-37.8479160" lon="144.9730820">
    <ele>23.8</ele>
   </trkpt>
   <trkpt lat="-37.8478970" lon="144.9730440">
    <ele>23.8</ele>
   </trkpt>
   <trkpt lat="-37.8478710" lon="144.9729940">
    <ele>23.8</ele>
   </trkpt>
   <trkpt lat="-37.8478500" lon="144.9729520">
    <ele>23.8</ele>
   </trkpt>
   <trkpt lat="-37.8478180" lon="144.9729030">
    <ele>24.0</ele>
   </trkpt>
   <trkpt lat="-37.8477900" lon="144.9728580">
    <ele>24.0</ele>
   </trkpt>
   <trkpt lat="-37.8477550" lon="144.9728060">
    <ele>24.0</ele>
   </trkpt>
   <trkpt lat="-37.8477260" lon="144.9727600">
    <ele>24.0</ele>
   </trkpt>
   <trkpt lat="-37.8476940" lon="144.9727110">
    <ele>24.2</ele>
   </trkpt>
   <trkpt lat="-37.8476630" lon="144.9726700">
    <ele>24.0</ele>
   </trkpt>
   <trkpt lat="-37.8476350" lon="144.9726250">
    <ele>24.0</ele>
   </trkpt>
   <trkpt lat="-37.8476050" lon="144.9725810">
    <ele>24.2</ele>
   </trkpt>
   <trkpt lat="-37.8475810" lon="144.9725350">
    <ele>24.2</ele>
   </trkpt>
   <trkpt lat="-37.8475470" lon="144.9724940">
    <ele>24.2</ele>
   </trkpt>
   <trkpt lat="-37.8475170" lon="144.9724530">
    <ele>24.2</ele>
   </trkpt>
   <trkpt lat="-37.8474820" lon="144.9724170">
    <ele>24.2</ele>
   </trkpt>
   <trkpt lat="-37.8474580" lon="144.9723790">
    <ele>24.2</ele>
   </trkpt>
   <trkpt lat="-37.8474190" lon="144.9723350">
    <ele>24.2</ele>
   </trkpt>
   <trkpt lat="-37.8473910" lon="144.9722940">
    <ele>24.0</ele>
   </trkpt>
   <trkpt lat="-37.8473510" lon="144.9722490">
    <ele>23.8</ele>
   </trkpt>
   <trkpt lat="-37.8473240" lon="144.9722110">
    <ele>24.0</ele>
   </trkpt>
   <trkpt lat="-37.8472910" lon="144.9721640">
    <ele>24.2</ele>
   </trkpt>
   <trkpt lat="-37.8472640" lon="144.9721220">
    <ele>24.4</ele>
   </trkpt>
   <trkpt lat="-37.8472290" lon="144.9720720">
    <ele>24.4</ele>
   </trkpt>
   <trkpt lat="-37.8472040" lon="144.9720330">
    <ele>24.2</ele>
   </trkpt>
   <trkpt lat="-37.8471750" lon="144.9719870">
    <ele>24.4</ele>
   </trkpt>
   <trkpt lat="-37.8471430" lon="144.9719500">
    <ele>24.2</ele>
   </trkpt>
   <trkpt lat="-37.8471160" lon="144.9719030">
    <ele>24.2</ele>
   </trkpt>
   <trkpt lat="-37.8470840" lon="144.9718660">
    <ele>24.2</ele>
   </trkpt>
   <trkpt lat="-37.8470550" lon="144.9718250">
    <ele>24.0</ele>
   </trkpt>
   <trkpt lat="-37.8470210" lon="144.9717890">
    <ele>24.0</ele>
   </trkpt>
   <trkpt lat="-37.8469900" lon="144.9717470">
    <ele>23.6</ele>
   </trkpt>
   <trkpt lat="-37.8469520" lon="144.9717090">
    <ele>23.6</ele>
   </trkpt>
   <trkpt lat="-37.8469260" lon="144.9716730">
    <ele>23.4</ele>
   </trkpt>
   <trkpt lat="-37.8468820" lon="144.9716370">
    <ele>23.6</ele>
   </trkpt>
   <trkpt lat="-37.8468530" lon="144.9715990">
    <ele>23.6</ele>
   </trkpt>
   <trkpt lat="-37.8468110" lon="144.9715600">
    <ele>23.6</ele>
   </trkpt>
   <trkpt lat="-37.8467800" lon="144.9715210">
    <ele>23.6</ele>
   </trkpt>
   <trkpt lat="-37.8467370" lon="144.9714790">
    <ele>23.8</ele>
   </trkpt>
   <trkpt lat="-37.8467050" lon="144.9714440">
    <ele>23.8</ele>
   </trkpt>
   <trkpt lat="-37.8466630" lon="144.9714070">
    <ele>24.0</ele>
   </trkpt>
   <trkpt lat="-37.8466270" lon="144.9713730">
    <ele>24.0</ele>
   </trkpt>
   <trkpt lat="-37.8465890" lon="144.9713360">
    <ele>24.0</ele>
   </trkpt>
   <trkpt lat="-37.8465520" lon="144.9713040">
    <ele>24.0</ele>
   </trkpt>
   <trkpt lat="-37.8465140" lon="144.9712660">
    <ele>24.0</ele>
   </trkpt>
   <trkpt lat="-37.8464770" lon="144.9712370">
    <ele>23.6</ele>
   </trkpt>
   <trkpt lat="-37.8464370" lon="144.9712020">
    <ele>23.8</ele>
   </trkpt>
   <trkpt lat="-37.8463940" lon="144.9711680">
    <ele>23.8</ele>
   </trkpt>
   <trkpt lat="-37.8463600" lon="144.9711350">
    <ele>23.8</ele>
   </trkpt>
   <trkpt lat="-37.8463170" lon="144.9711100">
    <ele>24.0</ele>
   </trkpt>
   <trkpt lat="-37.8462820" lon="144.9710790">
    <ele>24.0</ele>
   </trkpt>
   <trkpt lat="-37.8462360" lon="144.9710580">
    <ele>24.2</ele>
   </trkpt>
   <trkpt lat="-37.8462030" lon="144.9710290">
    <ele>24.2</ele>
   </trkpt>
   <trkpt lat="-37.8461580" lon="144.9710020">
    <ele>24.2</ele>
   </trkpt>
   <trkpt lat="-37.8461260" lon="144.9709810">
    <ele>24.4</ele>
   </trkpt>
   <trkpt lat="-37.8460790" lon="144.9709590">
    <ele>24.2</ele>
   </trkpt>
   <trkpt lat="-37.8460390" lon="144.9709390">
    <ele>24.4</ele>
   </trkpt>
   <trkpt lat="-37.8459870" lon="144.9709160">
    <ele>25.0</ele>
   </trkpt>
   <trkpt lat="-37.8459520" lon="144.9708960">
    <ele>25.0</ele>
   </trkpt>
   <trkpt lat="-37.8459030" lon="144.9708760">
    <ele>25.4</ele>
   </trkpt>
   <trkpt lat="-37.8458650" lon="144.9708510">
    <ele>25.4</ele>
   </trkpt>
   <trkpt lat="-37.8458170" lon="144.9708310">
    <ele>25.6</ele>
   </trkpt>
   <trkpt lat="-37.8457760" lon="144.9708090">
    <ele>25.4</ele>
   </trkpt>
   <trkpt lat="-37.8457350" lon="144.9707920">
    <ele>25.4</ele>
   </trkpt>
   <trkpt lat="-37.8456970" lon="144.9707750">
    <ele>25.6</ele>
   </trkpt>
   <trkpt lat="-37.8456540" lon="144.9707590">
    <ele>25.8</ele>
   </trkpt>
   <trkpt lat="-37.8456120" lon="144.9707470">
    <ele>26.0</ele>
   </trkpt>
   <trkpt lat="-37.8455700" lon="144.9707330">
    <ele>26.6</ele>
   </trkpt>
   <trkpt lat="-37.8455260" lon="144.9707220">
    <ele>27.0</ele>
   </trkpt>
   <trkpt lat="-37.8454860" lon="144.9707010">
    <ele>26.4</ele>
   </trkpt>
   <trkpt lat="-37.8454390" lon="144.9706980">
    <ele>26.2</ele>
   </trkpt>
   <trkpt lat="-37.8453970" lon="144.9706860">
    <ele>25.8</ele>
   </trkpt>
   <trkpt lat="-37.8453490" lon="144.9706780">
    <ele>25.2</ele>
   </trkpt>
   <trkpt lat="-37.8453110" lon="144.9706640">
    <ele>25.2</ele>
   </trkpt>
   <trkpt lat="-37.8452620" lon="144.9706540">
    <ele>25.0</ele>
   </trkpt>
   <trkpt lat="-37.8452240" lon="144.9706380">
    <ele>25.2</ele>
   </trkpt>
   <trkpt lat="-37.8451770" lon="144.9706280">
    <ele>25.6</ele>
   </trkpt>
   <trkpt lat="-37.8451380" lon="144.9706220">
    <ele>25.6</ele>
   </trkpt>
   <trkpt lat="-37.8450950" lon="144.9706170">
    <ele>25.8</ele>
   </trkpt>
   <trkpt lat="-37.8450540" lon="144.9706140">
    <ele>25.6</ele>
   </trkpt>
   <trkpt lat="-37.8450110" lon="144.9706070">
    <ele>25.2</ele>
   </trkpt>
   <trkpt lat="-37.8449670" lon="144.9706090">
    <ele>24.8</ele>
   </trkpt>
   <trkpt lat="-37.8449230" lon="144.9706020">
    <ele>24.6</ele>
   </trkpt>
   <trkpt lat="-37.8448790" lon="144.9706070">
    <ele>24.4</ele>
   </trkpt>
   <trkpt lat="-37.8448440" lon="144.9706000">
    <ele>24.0</ele>
   </trkpt>
   <trkpt lat="-37.8447980" lon="144.9706090">
    <ele>23.8</ele>
   </trkpt>
   <trkpt lat="-37.8447590" lon="144.9706050">
    <ele>23.8</ele>
   </trkpt>
   <trkpt lat="-37.8447100" lon="144.9706050">
    <ele>23.6</ele>
   </trkpt>
   <trkpt lat="-37.8446680" lon="144.9705990">
    <ele>23.6</ele>
   </trkpt>
   <trkpt lat="-37.8446180" lon="144.9705980">
    <ele>23.2</ele>
   </trkpt>
   <trkpt lat="-37.8445780" lon="144.9705950">
    <ele>23.0</ele>
   </trkpt>
   <trkpt lat="-37.8445320" lon="144.9705970">
    <ele>22.8</ele>
   </trkpt>
   <trkpt lat="-37.8444950" lon="144.9706000">
    <ele>22.8</ele>
   </trkpt>
   <trkpt lat="-37.8444520" lon="144.9706050">
    <ele>22.8</ele>
   </trkpt>
   <trkpt lat="-37.8444110" lon="144.9706130">
    <ele>23.2</ele>
   </trkpt>
   <trkpt lat="-37.8443700" lon="144.9706150">
    <ele>23.8</ele>
   </trkpt>
   <trkpt lat="-37.8443290" lon="144.9706280">
    <ele>24.2</ele>
   </trkpt>
   <trkpt lat="-37.8442870" lon="144.9706320">
    <ele>24.8</ele>
   </trkpt>
   <trkpt lat="-37.8442420" lon="144.9706480">
    <ele>25.0</ele>
   </trkpt>
   <trkpt lat="-37.8442060" lon="144.9706530">
    <ele>25.4</ele>
   </trkpt>
   <trkpt lat="-37.8441610" lon="144.9706680">
    <ele>25.6</ele>
   </trkpt>
   <trkpt lat="-37.8441230" lon="144.9706770">
    <ele>25.8</ele>
   </trkpt>
   <trkpt lat="-37.8440760" lon="144.9706890">
    <ele>25.6</ele>
   </trkpt>
   <trkpt lat="-37.8440310" lon="144.9707000">
    <ele>25.4</ele>
   </trkpt>
   <trkpt lat="-37.8439840" lon="144.9707150">
    <ele>25.2</ele>
   </trkpt>
   <trkpt lat="-37.8439400" lon="144.9707280">
    <ele>25.0</ele>
   </trkpt>
   <trkpt lat="-37.8439010" lon="144.9707420">
    <ele>24.8</ele>
   </trkpt>
   <trkpt lat="-37.8438560" lon="144.9707610">
    <ele>24.6</ele>
   </trkpt>
   <trkpt lat="-37.8438140" lon="144.9707750">
    <ele>25.0</ele>
   </trkpt>
   <trkpt lat="-37.8437720" lon="144.9707920">
    <ele>25.0</ele>
   </trkpt>
   <trkpt lat="-37.8437340" lon="144.9708040">
    <ele>24.8</ele>
   </trkpt>
   <trkpt lat="-37.8436940" lon="144.9708240">
    <ele>24.4</ele>
   </trkpt>
   <trkpt lat="-37.8436540" lon="144.9708310">
    <ele>24.2</ele>
   </trkpt>
   <trkpt lat="-37.8436140" lon="144.9708510">
    <ele>24.0</ele>
   </trkpt>
   <trkpt lat="-37.8435760" lon="144.9708630">
    <ele>23.6</ele>
   </trkpt>
   <trkpt lat="-37.8435310" lon="144.9708840">
    <ele>23.4</ele>
   </trkpt>
   <trkpt lat="-37.8434940" lon="144.9708940">
    <ele>23.0</ele>
   </trkpt>
   <trkpt lat="-37.8434510" lon="144.9709130">
    <ele>22.8</ele>
   </trkpt>
   <trkpt lat="-37.8434130" lon="144.9709260">
    <ele>22.4</ele>
   </trkpt>
   <trkpt lat="-37.8433690" lon="144.9709450">
    <ele>24.0</ele>
   </trkpt>
   <trkpt lat="-37.8433300" lon="144.9709640">
    <ele>24.8</ele>
   </trkpt>
   <trkpt lat="-37.8432870" lon="144.9709790">
    <ele>25.6</ele>
   </trkpt>
   <trkpt lat="-37.8432470" lon="144.9709960">
    <ele>26.2</ele>
   </trkpt>
   <trkpt lat="-37.8432110" lon="144.9710090">
    <ele>27.4</ele>
   </trkpt>
   <trkpt lat="-37.8431720" lon="144.9710380">
    <ele>28.6</ele>
   </trkpt>
   <trkpt lat="-37.8431330" lon="144.9710500">
    <ele>28.2</ele>
   </trkpt>
   <trkpt lat="-37.8430900" lon="144.9710730">
    <ele>28.0</ele>
   </trkpt>
   <trkpt lat="-37.8430550" lon="144.9710830">
    <ele>27.8</ele>
   </trkpt>
   <trkpt lat="-37.8430090" lon="144.9710970">
    <ele>27.4</ele>
   </trkpt>
   <trkpt lat="-37.8429740" lon="144.9711130">
    <ele>27.2</ele>
   </trkpt>
   <trkpt lat="-37.8429350" lon="144.9711320">
    <ele>26.8</ele>
   </trkpt>
   <trkpt lat="-37.8428970" lon="144.9711500">
    <ele>26.2</ele>
   </trkpt>
   <trkpt lat="-37.8428540" lon="144.9711680">
    <ele>26.2</ele>
   </trkpt>
   <trkpt lat="-37.8428170" lon="144.9711900">
    <ele>26.0</ele>
   </trkpt>
   <trkpt lat="-37.8427810" lon="144.9712040">
    <ele>26.2</ele>
   </trkpt>
   <trkpt lat="-37.8427410" lon="144.9712320">
    <ele>26.0</ele>
   </trkpt>
   <trkpt lat="-37.8427060" lon="144.9712520">
    <ele>25.6</ele>
   </trkpt>
   <trkpt lat="-37.8426620" lon="144.9712790">
    <ele>25.2</ele>
   </trkpt>
   <trkpt lat="-37.8426250" lon="144.9712940">
    <ele>25.0</ele>
   </trkpt>
   <trkpt lat="-37.8425820" lon="144.9713230">
    <ele>24.8</ele>
   </trkpt>
   <trkpt lat="-37.8425480" lon="144.9713380">
    <ele>24.8</ele>
   </trkpt>
   <trkpt lat="-37.8425030" lon="144.9713570">
    <ele>24.8</ele>
   </trkpt>
   <trkpt lat="-37.8424650" lon="144.9713750">
    <ele>24.8</ele>
   </trkpt>
   <trkpt lat="-37.8424220" lon="144.9713940">
    <ele>25.0</ele>
   </trkpt>
   <trkpt lat="-37.8423840" lon="144.9714170">
    <ele>25.2</ele>
   </trkpt>
   <trkpt lat="-37.8423410" lon="144.9714350">
    <ele>25.2</ele>
   </trkpt>
   <trkpt lat="-37.8423000" lon="144.9714570">
    <ele>25.4</ele>
   </trkpt>
   <trkpt lat="-37.8422620" lon="144.9714670">
    <ele>25.8</ele>
   </trkpt>
   <trkpt lat="-37.8422210" lon="144.9714880">
    <ele>26.0</ele>
   </trkpt>
   <trkpt lat="-37.8421860" lon="144.9714960">
    <ele>26.0</ele>
   </trkpt>
   <trkpt lat="-37.8421380" lon="144.9715170">
    <ele>26.0</ele>
   </trkpt>
   <trkpt lat="-37.8421040" lon="144.9715290">
    <ele>26.2</ele>
   </trkpt>
   <trkpt lat="-37.8420570" lon="144.9715460">
    <ele>26.0</ele>
   </trkpt>
   <trkpt lat="-37.8420210" lon="144.9715580">
    <ele>25.8</ele>
   </trkpt>
   <trkpt lat="-37.8419740" lon="144.9715740">
    <ele>25.8</ele>
   </trkpt>
   <trkpt lat="-37.8419380" lon="144.9715860">
    <ele>25.4</ele>
   </trkpt>
   <trkpt lat="-37.8418930" lon="144.9715960">
    <ele>25.2</ele>
   </trkpt>
   <trkpt lat="-37.8418530" lon="144.9716090">
    <ele>24.8</ele>
   </trkpt>
   <trkpt lat="-37.8418120" lon="144.9716120">
    <ele>25.0</ele>
   </trkpt>
   <trkpt lat="-37.8417690" lon="144.9716290">
    <ele>25.4</ele>
   </trkpt>
   <trkpt lat="-37.8417280" lon="144.9716300">
    <ele>25.6</ele>
   </trkpt>
   <trkpt lat="-37.8416840" lon="144.9716430">
    <ele>25.6</ele>
   </trkpt>
   <trkpt lat="-37.8416440" lon="144.9716450">
    <ele>25.6</ele>
   </trkpt>
   <trkpt lat="-37.8415940" lon="144.9716550">
    <ele>25.6</ele>
   </trkpt>
   <trkpt lat="-37.8415590" lon="144.9716500">
    <ele>25.0</ele>
   </trkpt>
   <trkpt lat="-37.8415120" lon="144.9716480">
    <ele>24.4</ele>
   </trkpt>
   <trkpt lat="-37.8414710" lon="144.9716510">
    <ele>23.8</ele>
   </trkpt>
   <trkpt lat="-37.8414280" lon="144.9716510">
    <ele>23.6</ele>
   </trkpt>
   <trkpt lat="-37.8413870" lon="144.9716580">
    <ele>23.2</ele>
   </trkpt>
   <trkpt lat="-37.8413460" lon="144.9716520">
    <ele>23.2</ele>
   </trkpt>
   <trkpt lat="-37.8413030" lon="144.9716610">
    <ele>23.6</ele>
   </trkpt>
   <trkpt lat="-37.8412620" lon="144.9716530">
    <ele>24.6</ele>
   </trkpt>
   <trkpt lat="-37.8412180" lon="144.9716510">
    <ele>24.8</ele>
   </trkpt>
   <trkpt lat="-37.8411800" lon="144.9716430">
    <ele>25.0</ele>
   </trkpt>
   <trkpt lat="-37.8411340" lon="144.9716400">
    <ele>25.4</ele>
   </trkpt>
   <trkpt lat="-37.8410980" lon="144.9716360">
    <ele>25.6</ele>
   </trkpt>
   <trkpt lat="-37.8410570" lon="144.9716310">
    <ele>25.4</ele>
   </trkpt>
   <trkpt lat="-37.8410210" lon="144.9716300">
    <ele>25.0</ele>
   </trkpt>
   <trkpt lat="-37.8409820" lon="144.9716200">
    <ele>24.4</ele>
   </trkpt>
   <trkpt lat="-37.8409380" lon="144.9716200">
    <ele>24.0</ele>
   </trkpt>
   <trkpt lat="-37.8409060" lon="144.9716140">
    <ele>23.8</ele>
   </trkpt>
   <trkpt lat="-37.8408590" lon="144.9716000">
    <ele>23.4</ele>
   </trkpt>
   <trkpt lat="-37.8408250" lon="144.9715840">
    <ele>23.8</ele>
   </trkpt>
   <trkpt lat="-37.8407800" lon="144.9715760">
    <ele>24.0</ele>
   </trkpt>
   <trkpt lat="-37.8407390" lon="144.9715690">
    <ele>25.0</ele>
   </trkpt>
   <trkpt lat="-37.8406900" lon="144.9715610">
    <ele>25.2</ele>
   </trkpt>
   <trkpt lat="-37.8406500" lon="144.9715540">
    <ele>25.6</ele>
   </trkpt>
   <trkpt lat="-37.8406060" lon="144.9715460">
    <ele>25.8</ele>
   </trkpt>
   <trkpt lat="-37.8405660" lon="144.9715410">
    <ele>25.6</ele>
   </trkpt>
   <trkpt lat="-37.8405250" lon="144.9715280">
    <ele>25.6</ele>
   </trkpt>
   <trkpt lat="-37.8404800" lon="144.9715250">
    <ele>25.8</ele>
   </trkpt>
   <trkpt lat="-37.8404410" lon="144.9715070">
    <ele>25.6</ele>
   </trkpt>
   <trkpt lat="-37.8403960" lon="144.9714960">
    <ele>25.6</ele>
   </trkpt>
   <trkpt lat="-37.8403600" lon="144.9714840">
    <ele>25.6</ele>
   </trkpt>
   <trkpt lat="-37.8403100" lon="144.9714740">
    <ele>25.6</ele>
   </trkpt>
   <trkpt lat="-37.8402710" lon="144.9714640">
    <ele>25.4</ele>
   </trkpt>
   <trkpt lat="-37.8402240" lon="144.9714510">
    <ele>25.6</ele>
   </trkpt>
   <trkpt lat="-37.8401820" lon="144.9714470">
    <ele>26.4</ele>
   </trkpt>
   <trkpt lat="-37.8401370" lon="144.9714330">
    <ele>27.0</ele>
   </trkpt>
   <trkpt lat="-37.8400910" lon="144.9714290">
    <ele>27.4</ele>
   </trkpt>
   <trkpt lat="-37.8400470" lon="144.9714130">
    <ele>28.2</ele>
   </trkpt>
   <trkpt lat="-37.8400000" lon="144.9714080">
    <ele>28.6</ele>
   </trkpt>
   <trkpt lat="-37.8399570" lon="144.9713930">
    <ele>28.6</ele>
   </trkpt>
   <trkpt lat="-37.8399080" lon="144.9713840">
    <ele>28.6</ele>
   </trkpt>
   <trkpt lat="-37.8398690" lon="144.9713750">
    <ele>28.4</ele>
   </trkpt>
   <trkpt lat="-37.8398250" lon="144.9713640">
    <ele>28.2</ele>
   </trkpt>
   <trkpt lat="-37.8397870" lon="144.9713530">
    <ele>28.0</ele>
   </trkpt>
   <trkpt lat="-37.8397430" lon="144.9713370">
    <ele>27.2</ele>
   </trkpt>
   <trkpt lat="-37.8397040" lon="144.9713220">
    <ele>26.2</ele>
   </trkpt>
   <trkpt lat="-37.8396580" lon="144.9713020">
    <ele>25.8</ele>
   </trkpt>
   <trkpt lat="-37.8396130" lon="144.9712760">
    <ele>25.6</ele>
   </trkpt>
   <trkpt lat="-37.8395690" lon="144.9712520">
    <ele>25.6</ele>
   </trkpt>
   <trkpt lat="-37.8395230" lon="144.9712280">
    <ele>25.6</ele>
   </trkpt>
   <trkpt lat="-37.8394840" lon="144.9712010">
    <ele>25.6</ele>
   </trkpt>
   <trkpt lat="-37.8394400" lon="144.9711790">
    <ele>25.6</ele>
   </trkpt>
   <trkpt lat="-37.8394130" lon="144.9711480">
    <ele>25.6</ele>
   </trkpt>
   <trkpt lat="-37.8393710" lon="144.9711190">
    <ele>25.4</ele>
   </trkpt>
   <trkpt lat="-37.8393390" lon="144.9710890">
    <ele>25.2</ele>
   </trkpt>
   <trkpt lat="-37.8392940" lon="144.9710490">
    <ele>24.8</ele>
   </trkpt>
   <trkpt lat="-37.8392610" lon="144.9710160">
    <ele>24.6</ele>
   </trkpt>
   <trkpt lat="-37.8392190" lon="144.9709740">
    <ele>24.2</ele>
   </trkpt>
   <trkpt lat="-37.8391890" lon="144.9709390">
    <ele>24.0</ele>
   </trkpt>
   <trkpt lat="-37.8391490" lon="144.9709040">
    <ele>24.2</ele>
   </trkpt>
   <trkpt lat="-37.8391150" lon="144.9708690">
    <ele>24.2</ele>
   </trkpt>
   <trkpt lat="-37.8390830" lon="144.9708290">
    <ele>24.2</ele>
   </trkpt>
   <trkpt lat="-37.8390480" lon="144.9707870">
    <ele>24.4</ele>
   </trkpt>
   <trkpt lat="-37.8390180" lon="144.9707420">
    <ele>24.8</ele>
   </trkpt>
   <trkpt lat="-37.8389860" lon="144.9706990">
    <ele>25.0</ele>
   </trkpt>
   <trkpt lat="-37.8389630" lon="144.9706620">
    <ele>25.0</ele>
   </trkpt>
   <trkpt lat="-37.8389340" lon="144.9706140">
    <ele>25.2</ele>
   </trkpt>
   <trkpt lat="-37.8389100" lon="144.9705700">
    <ele>25.0</ele>
   </trkpt>
   <trkpt lat="-37.8388780" lon="144.9705220">
    <ele>25.0</ele>
   </trkpt>
   <trkpt lat="-37.8388570" lon="144.9704740">
    <ele>24.8</ele>
   </trkpt>
   <trkpt lat="-37.8388260" lon="144.9704240">
    <ele>24.8</ele>
   </trkpt>
   <trkpt lat="-37.8388110" lon="144.9703850">
    <ele>24.6</ele>
   </trkpt>
   <trkpt lat="-37.8387860" lon="144.9703290">
    <ele>24.6</ele>
   </trkpt>
   <trkpt lat="-37.8387670" lon="144.9702860">
    <ele>24.6</ele>
   </trkpt>
   <trkpt lat="-37.8387460" lon="144.9702340">
    <ele>24.6</ele>
   </trkpt>
   <trkpt lat="-37.8387260" lon="144.9701850">
    <ele>24.6</ele>
   </trkpt>
   <trkpt lat="-37.8387090" lon="144.9701290">
    <ele>24.8</ele>
   </trkpt>
   <trkpt lat="-37.8386960" lon="144.9700790">
    <ele>24.8</ele>
   </trkpt>
   <trkpt lat="-37.8386780" lon="144.9700250">
    <ele>24.8</ele>
   </trkpt>
   <trkpt lat="-37.8386630" lon="144.9699730">
    <ele>24.8</ele>
   </trkpt>
   <trkpt lat="-37.8386500" lon="144.9699170">
    <ele>25.0</ele>
   </trkpt>
   <trkpt lat="-37.8386330" lon="144.9698590">
    <ele>25.0</ele>
   </trkpt>
   <trkpt lat="-37.8386250" lon="144.9698040">
    <ele>25.2</ele>
   </trkpt>
   <trkpt lat="-37.8386070" lon="144.9697440">
    <ele>25.2</ele>
   </trkpt>
   <trkpt lat="-37.8386010" lon="144.9696930">
    <ele>25.0</ele>
   </trkpt>
   <trkpt lat="-37.8385830" lon="144.9696290">
    <ele>24.8</ele>
   </trkpt>
   <trkpt lat="-37.8385730" lon="144.9695800">
    <ele>24.8</ele>
   </trkpt>
   <trkpt lat="-37.8385600" lon="144.9695130">
    <ele>24.6</ele>
   </trkpt>
   <trkpt lat="-37.8385540" lon="144.9694620">
    <ele>24.6</ele>
   </trkpt>
   <trkpt lat="-37.8385480" lon="144.9693980">
    <ele>24.4</ele>
   </trkpt>
   <trkpt lat="-37.8385390" lon="144.9693450">
    <ele>24.2</ele>
   </trkpt>
   <trkpt lat="-37.8385310" lon="144.9692860">
    <ele>24.0</ele>
   </trkpt>
   <trkpt lat="-37.8385240" lon="144.9692300">
    <ele>23.8</ele>
   </trkpt>
   <trkpt lat="-37.8385170" lon="144.9691650">
    <ele>23.8</ele>
   </trkpt>
   <trkpt lat="-37.8385060" lon="144.9691060">
    <ele>23.8</ele>
   </trkpt>
   <trkpt lat="-37.8385000" lon="144.9690520">
    <ele>23.8</ele>
   </trkpt>
   <trkpt lat="-37.8384810" lon="144.9689910">
    <ele>23.8</ele>
   </trkpt>
   <trkpt lat="-37.8384730" lon="144.9689310">
    <ele>23.8</ele>
   </trkpt>
   <trkpt lat="-37.8384550" lon="144.9688720">
    <ele>24.2</ele>
   </trkpt>
   <trkpt lat="-37.8384380" lon="144.9688180">
    <ele>24.4</ele>
   </trkpt>
   <trkpt lat="-37.8384180" lon="144.9687590">
    <ele>24.8</ele>
   </trkpt>
   <trkpt lat="-37.8383990" lon="144.9687070">
    <ele>24.6</ele>
   </trkpt>
   <trkpt lat="-37.8383760" lon="144.9686510">
    <ele>24.4</ele>
   </trkpt>
   <trkpt lat="-37.8383570" lon="144.9686010">
    <ele>23.8</ele>
   </trkpt>
   <trkpt lat="-37.8383370" lon="144.9685460">
    <ele>23.8</ele>
   </trkpt>
   <trkpt lat="-37.8383240" lon="144.9684950">
    <ele>24.0</ele>
   </trkpt>
   <trkpt lat="-37.8383000" lon="144.9684400">
    <ele>24.6</ele>
   </trkpt>
   <trkpt lat="-37.8382870" lon="144.9683930">
    <ele>24.6</ele>
   </trkpt>
   <trkpt lat="-37.8382650" lon="144.9683380">
    <ele>24.2</ele>
   </trkpt>
   <trkpt lat="-37.8382490" lon="144.9682900">
    <ele>24.4</ele>
   </trkpt>
   <trkpt lat="-37.8382310" lon="144.9682350">
    <ele>24.2</ele>
   </trkpt>
   <trkpt lat="-37.8382180" lon="144.9681900">
    <ele>24.0</ele>
   </trkpt>
   <trkpt lat="-37.8381960" lon="144.9681300">
    <ele>23.8</ele>
   </trkpt>
   <trkpt lat="-37.8381720" lon="144.9680870">
    <ele>23.0</ele>
   </trkpt>
   <trkpt lat="-37.8381460" lon="144.9680260">
    <ele>22.4</ele>
   </trkpt>
   <trkpt lat="-37.8381290" lon="144.9679750">
    <ele>21.4</ele>
   </trkpt>
   <trkpt lat="-37.8381160" lon="144.9679090">
    <ele>21.4</ele>
   </trkpt>
   <trkpt lat="-37.8381060" lon="144.9678500">
    <ele>21.4</ele>
   </trkpt>
   <trkpt lat="-37.8381010" lon="144.9677830">
    <ele>21.6</ele>
   </trkpt>
   <trkpt lat="-37.8380980" lon="144.9677220">
    <ele>21.8</ele>
   </trkpt>
   <trkpt lat="-37.8381060" lon="144.9676660">
    <ele>22.2</ele>
   </trkpt>
   <trkpt lat="-37.8381190" lon="144.9676150">
    <ele>22.4</ele>
   </trkpt>
   <trkpt lat="-37.8381380" lon="144.9675620">
    <ele>22.6</ele>
   </trkpt>
   <trkpt lat="-37.8381580" lon="144.9675100">
    <ele>22.6</ele>
   </trkpt>
   <trkpt lat="-37.8381810" lon="144.9674600">
    <ele>22.4</ele>
   </trkpt>
   <trkpt lat="-37.8382030" lon="144.9674100">
    <ele>22.4</ele>
   </trkpt>
   <trkpt lat="-37.8382260" lon="144.9673560">
    <ele>22.4</ele>
   </trkpt>
   <trkpt lat="-37.8382510" lon="144.9672980">
    <ele>22.4</ele>
   </trkpt>
   <trkpt lat="-37.8382720" lon="144.9672490">
    <ele>22.6</ele>
   </trkpt>
   <trkpt lat="-37.8383000" lon="144.9671970">
    <ele>22.6</ele>
   </trkpt>
   <trkpt lat="-37.8383220" lon="144.9671470">
    <ele>22.6</ele>
   </trkpt>
   <trkpt lat="-37.8383460" lon="144.9670920">
    <ele>22.6</ele>
   </trkpt>
   <trkpt lat="-37.8383660" lon="144.9670460">
    <ele>22.6</ele>
   </trkpt>
   <trkpt lat="-37.8383880" lon="144.9669860">
    <ele>22.4</ele>
   </trkpt>
   <trkpt lat="-37.8384110" lon="144.9669410">
    <ele>22.2</ele>
   </trkpt>
   <trkpt lat="-37.8384320" lon="144.9668800">
    <ele>21.8</ele>
   </trkpt>
   <trkpt lat="-37.8384520" lon="144.9668290">
    <ele>21.6</ele>
   </trkpt>
   <trkpt lat="-37.8384710" lon="144.9667620">
    <ele>21.4</ele>
   </trkpt>
   <trkpt lat="-37.8384890" lon="144.9667140">
    <ele>21.6</ele>
   </trkpt>
   <trkpt lat="-37.8385090" lon="144.9666510">
    <ele>21.4</ele>
   </trkpt>
   <trkpt lat="-37.8385310" lon="144.9666060">
    <ele>21.6</ele>
   </trkpt>
   <trkpt lat="-37.8385500" lon="144.9665460">
    <ele>21.6</ele>
   </trkpt>
   <trkpt lat="-37.8385620" lon="144.9664980">
    <ele>21.8</ele>
   </trkpt>
   <trkpt lat="-37.8385830" lon="144.9664410">
    <ele>21.6</ele>
   </trkpt>
   <trkpt lat="-37.8385930" lon="144.9663960">
    <ele>21.4</ele>
   </trkpt>
   <trkpt lat="-37.8386110" lon="144.9663390">
    <ele>21.2</ele>
   </trkpt>
   <trkpt lat="-37.8386170" lon="144.9662860">
    <ele>21.2</ele>
   </trkpt>
   <trkpt lat="-37.8386310" lon="144.9662300">
    <ele>21.0</ele>
   </trkpt>
   <trkpt lat="-37.8386400" lon="144.9661760">
    <ele>21.0</ele>
   </trkpt>
   <trkpt lat="-37.8386550" lon="144.9661210">
    <ele>21.0</ele>
   </trkpt>
   <trkpt lat="-37.8386650" lon="144.9660610">
    <ele>21.0</ele>
   </trkpt>
   <trkpt lat="-37.8386780" lon="144.9660100">
    <ele>20.8</ele>
   </trkpt>
   <trkpt lat="-37.8386950" lon="144.9659510">
    <ele>20.6</ele>
   </trkpt>
   <trkpt lat="-37.8387140" lon="144.9659000">
    <ele>20.6</ele>
   </trkpt>
   <trkpt lat="-37.8387360" lon="144.9658350">
    <ele>20.6</ele>
   </trkpt>
   <trkpt lat="-37.8387530" lon="144.9657850">
    <ele>20.6</ele>
   </trkpt>
   <trkpt lat="-37.8387720" lon="144.9657220">
    <ele>20.6</ele>
   </trkpt>
   <trkpt lat="-37.8387930" lon="144.9656750">
    <ele>20.8</ele>
   </trkpt>
   <trkpt lat="-37.8388150" lon="144.9656170">
    <ele>20.6</ele>
   </trkpt>
   <trkpt lat="-37.8388360" lon="144.9655770">
    <ele>20.4</ele>
   </trkpt>
   <trkpt lat="-37.8388580" lon="144.9655220">
    <ele>20.0</ele>
   </trkpt>
   <trkpt lat="-37.8388810" lon="144.9654690">
    <ele>19.8</ele>
   </trkpt>
   <trkpt lat="-37.8389050" lon="144.9654160">
    <ele>19.6</ele>
   </trkpt>
   <trkpt lat="-37.8389280" lon="144.9653720">
    <ele>19.4</ele>
   </trkpt>
   <trkpt lat="-37.8389500" lon="144.9653210">
    <ele>19.2</ele>
   </trkpt>
   <trkpt lat="-37.8389710" lon="144.9652740">
    <ele>19.2</ele>
   </trkpt>
   <trkpt lat="-37.8389920" lon="144.9652210">
    <ele>19.0</ele>
   </trkpt>
   <trkpt lat="-37.8390170" lon="144.9651720">
    <ele>19.0</ele>
   </trkpt>
   <trkpt lat="-37.8390430" lon="144.9651240">
    <ele>18.8</ele>
   </trkpt>
   <trkpt lat="-37.8390760" lon="144.9650790">
    <ele>18.8</ele>
   </trkpt>
   <trkpt lat="-37.8391060" lon="144.9650360">
    <ele>18.8</ele>
   </trkpt>
   <trkpt lat="-37.8391320" lon="144.9649830">
    <ele>18.6</ele>
   </trkpt>
   <trkpt lat="-37.8391590" lon="144.9649420">
    <ele>18.6</ele>
   </trkpt>
   <trkpt lat="-37.8391860" lon="144.9648910">
    <ele>18.4</ele>
   </trkpt>
   <trkpt lat="-37.8392080" lon="144.9648480">
    <ele>18.4</ele>
   </trkpt>
   <trkpt lat="-37.8392370" lon="144.9647950">
    <ele>18.2</ele>
   </trkpt>
   <trkpt lat="-37.8392670" lon="144.9647520">
    <ele>18.2</ele>
   </trkpt>
   <trkpt lat="-37.8393020" lon="144.9646970">
    <ele>18.2</ele>
   </trkpt>
   <trkpt lat="-37.8393300" lon="144.9646550">
    <ele>18.0</ele>
   </trkpt>
   <trkpt lat="-37.8393630" lon="144.9645980">
    <ele>17.8</ele>
   </trkpt>
   <trkpt lat="-37.8393930" lon="144.9645510">
    <ele>17.6</ele>
   </trkpt>
   <trkpt lat="-37.8394280" lon="144.9644940">
    <ele>17.4</ele>
   </trkpt>
   <trkpt lat="-37.8394520" lon="144.9644480">
    <ele>17.4</ele>
   </trkpt>
   <trkpt lat="-37.8394780" lon="144.9643910">
    <ele>17.4</ele>
   </trkpt>
   <trkpt lat="-37.8395010" lon="144.9643440">
    <ele>17.4</ele>
   </trkpt>
   <trkpt lat="-37.8395290" lon="144.9642910">
    <ele>17.4</ele>
   </trkpt>
   <trkpt lat="-37.8395530" lon="144.9642450">
    <ele>17.2</ele>
   </trkpt>
   <trkpt lat="-37.8395820" lon="144.9641910">
    <ele>17.0</ele>
   </trkpt>
   <trkpt lat="-37.8396050" lon="144.9641410">
    <ele>17.0</ele>
   </trkpt>
   <trkpt lat="-37.8396360" lon="144.9640910">
    <ele>16.8</ele>
   </trkpt>
   <trkpt lat="-37.8396630" lon="144.9640420">
    <ele>16.6</ele>
   </trkpt>
   <trkpt lat="-37.8396920" lon="144.9639910">
    <ele>16.6</ele>
   </trkpt>
   <trkpt lat="-37.8397210" lon="144.9639410">
    <ele>16.4</ele>
   </trkpt>
   <trkpt lat="-37.8397600" lon="144.9638980">
    <ele>16.4</ele>
   </trkpt>
   <trkpt lat="-37.8397920" lon="144.9638540">
    <ele>16.2</ele>
   </trkpt>
   <trkpt lat="-37.8398320" lon="144.9638220">
    <ele>16.0</ele>
   </trkpt>
   <trkpt lat="-37.8398770" lon="144.9637930">
    <ele>16.0</ele>
   </trkpt>
   <trkpt lat="-37.8399170" lon="144.9637780">
    <ele>15.8</ele>
   </trkpt>
   <trkpt lat="-37.8399620" lon="144.9637600">
    <ele>15.8</ele>
   </trkpt>
   <trkpt lat="-37.8400030" lon="144.9637540">
    <ele>15.6</ele>
   </trkpt>
   <trkpt lat="-37.8400510" lon="144.9637380">
    <ele>15.4</ele>
   </trkpt>
   <trkpt lat="-37.8400920" lon="144.9637360">
    <ele>15.2</ele>
   </trkpt>
   <trkpt lat="-37.8401370" lon="144.9637320">
    <ele>15.0</ele>
   </trkpt>
   <trkpt lat="-37.8401800" lon="144.9637320">
    <ele>14.8</ele>
   </trkpt>
   <trkpt lat="-37.8402320" lon="144.9637250">
    <ele>14.6</ele>
   </trkpt>
   <trkpt lat="-37.8402780" lon="144.9637250">
    <ele>14.4</ele>
   </trkpt>
   <trkpt lat="-37.8403320" lon="144.9637260">
    <ele>14.2</ele>
   </trkpt>
   <trkpt lat="-37.8403740" lon="144.9637340">
    <ele>14.2</ele>
   </trkpt>
   <trkpt lat="-37.8404260" lon="144.9637320">
    <ele>14.2</ele>
   </trkpt>
   <trkpt lat="-37.8404700" lon="144.9637320">
    <ele>14.6</ele>
   </trkpt>
   <trkpt lat="-37.8405230" lon="144.9637320">
    <ele>14.8</ele>
   </trkpt>
   <trkpt lat="-37.8405710" lon="144.9637380">
    <ele>15.2</ele>
   </trkpt>
   <trkpt lat="-37.8406240" lon="144.9637410">
    <ele>15.2</ele>
   </trkpt>
   <trkpt lat="-37.8406730" lon="144.9637440">
    <ele>15.0</ele>
   </trkpt>
   <trkpt lat="-37.8407280" lon="144.9637380">
    <ele>14.6</ele>
   </trkpt>
   <trkpt lat="-37.8407710" lon="144.9637430">
    <ele>14.0</ele>
   </trkpt>
   <trkpt lat="-37.8408230" lon="144.9637420">
    <ele>13.8</ele>
   </trkpt>
   <trkpt lat="-37.8408660" lon="144.9637460">
    <ele>14.0</ele>
   </trkpt>
   <trkpt lat="-37.8409220" lon="144.9637480">
    <ele>14.0</ele>
   </trkpt>
   <trkpt lat="-37.8409660" lon="144.9637520">
    <ele>14.0</ele>
   </trkpt>
   <trkpt lat="-37.8410190" lon="144.9637520">
    <ele>14.0</ele>
   </trkpt>
   <trkpt lat="-37.8410640" lon="144.9637490">
    <ele>14.0</ele>
   </trkpt>
   <trkpt lat="-37.8411170" lon="144.9637450">
    <ele>13.6</ele>
   </trkpt>
   <trkpt lat="-37.8411650" lon="144.9637410">
    <ele>13.2</ele>
   </trkpt>
   <trkpt lat="-37.8412170" lon="144.9637420">
    <ele>13.2</ele>
   </trkpt>
   <trkpt lat="-37.8412720" lon="144.9637430">
    <ele>13.0</ele>
   </trkpt>
   <trkpt lat="-37.8413220" lon="144.9637450">
    <ele>13.0</ele>
   </trkpt>
   <trkpt lat="-37.8413720" lon="144.9637440">
    <ele>12.8</ele>
   </trkpt>
   <trkpt lat="-37.8414250" lon="144.9637460">
    <ele>12.8</ele>
   </trkpt>
   <trkpt lat="-37.8414740" lon="144.9637420">
    <ele>12.8</ele>
   </trkpt>
   <trkpt lat="-37.8415290" lon="144.9637380">
    <ele>12.6</ele>
   </trkpt>
   <trkpt lat="-37.8415740" lon="144.9637330">
    <ele>12.4</ele>
   </trkpt>
   <trkpt lat="-37.8416310" lon="144.9637250">
    <ele>12.2</ele>
   </trkpt>
   <trkpt lat="-37.8416770" lon="144.9637130">
    <ele>12.0</ele>
   </trkpt>
   <trkpt lat="-37.8417280" lon="144.9636880">
    <ele>11.8</ele>
   </trkpt>
   <trkpt lat="-37.8417760" lon="144.9636600">
    <ele>11.6</ele>
   </trkpt>
   <trkpt lat="-37.8418200" lon="144.9636150">
    <ele>11.6</ele>
   </trkpt>
   <trkpt lat="-37.8418540" lon="144.9635590">
    <ele>11.4</ele>
   </trkpt>
   <trkpt lat="-37.8418860" lon="144.9634970">
    <ele>11.6</ele>
   </trkpt>
   <trkpt lat="-37.8419010" lon="144.9634320">
    <ele>11.6</ele>
   </trkpt>
   <trkpt lat="-37.8419210" lon="144.9633720">
    <ele>11.4</ele>
   </trkpt>
   <trkpt lat="-37.8419340" lon="144.9633090">
    <ele>11.4</ele>
   </trkpt>
   <trkpt lat="-37.8419490" lon="144.9632490">
    <ele>11.2</ele>
   </trkpt>
   <trkpt lat="-37.8419580" lon="144.9631900">
    <ele>11.0</ele>
   </trkpt>
   <trkpt lat="-37.8419680" lon="144.9631300">
    <ele>10.8</ele>
   </trkpt>
   <trkpt lat="-37.8419800" lon="144.9630730">
    <ele>10.8</ele>
   </trkpt>
   <trkpt lat="-37.8419950" lon="144.9630150">
    <ele>10.6</ele>
   </trkpt>
   <trkpt lat="-37.8420080" lon="144.9629580">
    <ele>10.6</ele>
   </trkpt>
   <trkpt lat="-37.8420230" lon="144.9628980">
    <ele>10.4</ele>
   </trkpt>
   <trkpt lat="-37.8420330" lon="144.9628420">
    <ele>10.2</ele>
   </trkpt>
   <trkpt lat="-37.8420480" lon="144.9627790">
    <ele>10.0</ele>
   </trkpt>
   <trkpt lat="-37.8420610" lon="144.9627220">
    <ele>9.8</ele>
   </trkpt>
   <trkpt lat="-37.8420750" lon="144.9626550">
    <ele>9.6</ele>
   </trkpt>
   <trkpt lat="-37.8420830" lon="144.9626000">
    <ele>9.4</ele>
   </trkpt>
   <trkpt lat="-37.8421000" lon="144.9625370">
    <ele>9.2</ele>
   </trkpt>
   <trkpt lat="-37.8421080" lon="144.9624810">
    <ele>9.0</ele>
   </trkpt>
   <trkpt lat="-37.8421260" lon="144.9624180">
    <ele>9.0</ele>
   </trkpt>
   <trkpt lat="-37.8421350" lon="144.9623610">
    <ele>8.6</ele>
   </trkpt>
   <trkpt lat="-37.8421570" lon="144.9623050">
    <ele>8.6</ele>
   </trkpt>
   <trkpt lat="-37.8421850" lon="144.9622490">
    <ele>8.4</ele>
   </trkpt>
   <trkpt lat="-37.8422240" lon="144.9622150">
    <ele>8.4</ele>
   </trkpt>
   <trkpt lat="-37.8422630" lon="144.9621910">
    <ele>8.2</ele>
   </trkpt>
   <trkpt lat="-37.8423040" lon="144.9621860">
    <ele>8.0</ele>
   </trkpt>
   <trkpt lat="-37.8423530" lon="144.9622040">
    <ele>7.8</ele>
   </trkpt>
   <trkpt lat="-37.8424070" lon="144.9622390">
    <ele>7.6</ele>
   </trkpt>
   <trkpt lat="-37.8424480" lon="144.9622700">
    <ele>7.4</ele>
   </trkpt>
   <trkpt lat="-37.8424970" lon="144.9623010">
    <ele>7.2</ele>
   </trkpt>
   <trkpt lat="-37.8425410" lon="144.9623310">
    <ele>7.2</ele>
   </trkpt>
   <trkpt lat="-37.8425910" lon="144.9623650">
    <ele>7.2</ele>
   </trkpt>
   <trkpt lat="-37.8426380" lon="144.9623960">
    <ele>7.2</ele>
   </trkpt>
   <trkpt lat="-37.8426900" lon="144.9624260">
    <ele>7.2</ele>
   </trkpt>
   <trkpt lat="-37.8427370" lon="144.9624570">
    <ele>7.4</ele>
   </trkpt>
   <trkpt lat="-37.8427880" lon="144.9624820">
    <ele>7.4</ele>
   </trkpt>
   <trkpt lat="-37.8428300" lon="144.9625060">
    <ele>7.4</ele>
   </trkpt>
   <trkpt lat="-37.8428790" lon="144.9625370">
    <ele>7.4</ele>
   </trkpt>
   <trkpt lat="-37.8429180" lon="144.9625730">
    <ele>7.4</ele>
   </trkpt>
   <trkpt lat="-37.8429690" lon="144.9626020">
    <ele>7.2</ele>
   </trkpt>
   <trkpt lat="-37.8430090" lon="144.9626370">
    <ele>7.2</ele>
   </trkpt>
   <trkpt lat="-37.8430530" lon="144.9626730">
    <ele>7.0</ele>
   </trkpt>
   <trkpt lat="-37.8430880" lon="144.9627030">
    <ele>7.0</ele>
   </trkpt>
   <trkpt lat="-37.8431340" lon="144.9627370">
    <ele>6.8</ele>
   </trkpt>
   <trkpt lat="-37.8431740" lon="144.9627680">
    <ele>6.8</ele>
   </trkpt>
   <trkpt lat="-37.8432210" lon="144.9627970">
    <ele>6.8</ele>
   </trkpt>
   <trkpt lat="-37.8432550" lon="144.9628270">
    <ele>6.8</ele>
   </trkpt>
   <trkpt lat="-37.8433010" lon="144.9628620">
    <ele>6.6</ele>
   </trkpt>
   <trkpt lat="-37.8433350" lon="144.9628960">
    <ele>6.6</ele>
   </trkpt>
   <trkpt lat="-37.8433830" lon="144.9629320">
    <ele>6.6</ele>
   </trkpt>
   <trkpt lat="-37.8434180" lon="144.9629590">
    <ele>6.4</ele>
   </trkpt>
   <trkpt lat="-37.8434670" lon="144.9629880">
    <ele>6.4</ele>
   </trkpt>
   <trkpt lat="-37.8435000" lon="144.9630200">
    <ele>6.4</ele>
   </trkpt>
   <trkpt lat="-37.8435510" lon="144.9630510">
    <ele>6.4</ele>
   </trkpt>
   <trkpt lat="-37.8435850" lon="144.9630820">
    <ele>6.4</ele>
   </trkpt>
   <trkpt lat="-37.8436320" lon="144.9631150">
    <ele>6.6</ele>
   </trkpt>
   <trkpt lat="-37.8436680" lon="144.9631450">
    <ele>6.6</ele>
   </trkpt>
   <trkpt lat="-37.8437110" lon="144.9631850">
    <ele>6.8</ele>
   </trkpt>
   <trkpt lat="-37.8437490" lon="144.9632160">
    <ele>6.6</ele>
   </trkpt>
   <trkpt lat="-37.8437850" lon="144.9632560">
    <ele>6.4</ele>
   </trkpt>
   <trkpt lat="-37.8438270" lon="144.9632870">
    <ele>6.4</ele>
   </trkpt>
   <trkpt lat="-37.8438620" lon="144.9633180">
    <ele>6.2</ele>
   </trkpt>
   <trkpt lat="-37.8439070" lon="144.9633520">
    <ele>6.0</ele>
   </trkpt>
   <trkpt lat="-37.8439400" lon="144.9633850">
    <ele>6.0</ele>
   </trkpt>
   <trkpt lat="-37.8439810" lon="144.9634150">
    <ele>6.0</ele>
   </trkpt>
   <trkpt lat="-37.8440150" lon="144.9634580">
    <ele>6.0</ele>
   </trkpt>
   <trkpt lat="-37.8440580" lon="144.9634920">
    <ele>5.8</ele>
   </trkpt>
   <trkpt lat="-37.8440910" lon="144.9635270">
    <ele>5.6</ele>
   </trkpt>
   <trkpt lat="-37.8441360" lon="144.9635580">
    <ele>5.4</ele>
   </trkpt>
   <trkpt lat="-37.8441650" lon="144.9635910">
    <ele>5.4</ele>
   </trkpt>
   <trkpt lat="-37.8442080" lon="144.9636260">
    <ele>5.4</ele>
   </trkpt>
   <trkpt lat="-37.8442350" lon="144.9636580">
    <ele>5.2</ele>
   </trkpt>
   <trkpt lat="-37.8442800" lon="144.9636950">
    <ele>5.4</ele>
   </trkpt>
   <trkpt lat="-37.8443080" lon="144.9637290">
    <ele>5.6</ele>
   </trkpt>
   <trkpt lat="-37.8443520" lon="144.9637670">
    <ele>5.6</ele>
   </trkpt>
   <trkpt lat="-37.8443840" lon="144.9637980">
    <ele>5.6</ele>
   </trkpt>
   <trkpt lat="-37.8444270" lon="144.9638400">
    <ele>5.8</ele>
   </trkpt>
   <trkpt lat="-37.8444590" lon="144.9638760">
    <ele>5.6</ele>
   </trkpt>
   <trkpt lat="-37.8444970" lon="144.9639160">
    <ele>5.6</ele>
   </trkpt>
   <trkpt lat="-37.8445330" lon="144.9639460">
    <ele>5.6</ele>
   </trkpt>
   <trkpt lat="-37.8445680" lon="144.9639890">
    <ele>5.6</ele>
   </trkpt>
   <trkpt lat="-37.8446060" lon="144.9640280">
    <ele>5.6</ele>
   </trkpt>
   <trkpt lat="-37.8446370" lon="144.9640710">
    <ele>5.6</ele>
   </trkpt>
   <trkpt lat="-37.8446760" lon="144.9641060">
    <ele>5.6</ele>
   </trkpt>
   <trkpt lat="-37.8447120" lon="144.9641430">
    <ele>5.6</ele>
   </trkpt>
   <trkpt lat="-37.8447530" lon="144.9641770">
    <ele>5.4</ele>
   </trkpt>
   <trkpt lat="-37.8447820" lon="144.9642140">
    <ele>5.2</ele>
   </trkpt>
   <trkpt lat="-37.8448270" lon="144.9642520">
    <ele>5.0</ele>
   </trkpt>
   <trkpt lat="-37.8448510" lon="144.9642910">
    <ele>5.0</ele>
   </trkpt>
   <trkpt lat="-37.8448930" lon="144.9643300">
    <ele>5.2</ele>
   </trkpt>
   <trkpt lat="-37.8449210" lon="144.9643660">
    <ele>5.2</ele>
   </trkpt>
   <trkpt lat="-37.8449600" lon="144.9644120">
    <ele>5.0</ele>
   </trkpt>
   <trkpt lat="-37.8449880" lon="144.9644480">
    <ele>5.0</ele>
   </trkpt>
   <trkpt lat="-37.8450210" lon="144.9644890">
    <ele>4.6</ele>
   </trkpt>
   <trkpt lat="-37.8450560" lon="144.9645210">
    <ele>4.4</ele>
   </trkpt>
   <trkpt lat="-37.8450900" lon="144.9645610">
    <ele>4.2</ele>
   </trkpt>
   <trkpt lat="-37.8451230" lon="144.9645990">
    <ele>3.8</ele>
   </trkpt>
   <trkpt lat="-37.8451510" lon="144.9646320">
    <ele>3.8</ele>
   </trkpt>
   <trkpt lat="-37.8451860" lon="144.9646730">
    <ele>3.4</ele>
   </trkpt>
   <trkpt lat="-37.8452170" lon="144.9647140">
    <ele>3.2</ele>
   </trkpt>
   <trkpt lat="-37.8452550" lon="144.9647510">
    <ele>3.0</ele>
   </trkpt>
   <trkpt lat="-37.8452860" lon="144.9647890">
    <ele>3.0</ele>
   </trkpt>
   <trkpt lat="-37.8453240" lon="144.9648320">
    <ele>2.8</ele>
   </trkpt>
   <trkpt lat="-37.8453540" lon="144.9648670">
    <ele>2.6</ele>
   </trkpt>
   <trkpt lat="-37.8453940" lon="144.9649050">
    <ele>2.6</ele>
   </trkpt>
   <trkpt lat="-37.8454250" lon="144.9649410">
    <ele>2.4</ele>
   </trkpt>
   <trkpt lat="-37.8454580" lon="144.9649830">
    <ele>2.2</ele>
   </trkpt>
   <trkpt lat="-37.8454910" lon="144.9650200">
    <ele>2.0</ele>
   </trkpt>
   <trkpt lat="-37.8455240" lon="144.9650600">
    <ele>1.8</ele>
   </trkpt>
   <trkpt lat="-37.8455590" lon="144.9650990">
    <ele>1.8</ele>
   </trkpt>
   <trkpt lat="-37.8455910" lon="144.9651380">
    <ele>1.8</ele>
   </trkpt>
   <trkpt lat="-37.8456280" lon="144.9651810">
    <ele>2.2</ele>
   </trkpt>
   <trkpt lat="-37.8456590" lon="144.9652190">
    <ele>3.0</ele>
   </trkpt>
   <trkpt lat="-37.8456980" lon="144.9652570">
    <ele>3.8</ele>
   </trkpt>
   <trkpt lat="-37.8457280" lon="144.9652980">
    <ele>4.4</ele>
   </trkpt>
   <trkpt lat="-37.8457640" lon="144.9653400">
    <ele>4.8</ele>
   </trkpt>
   <trkpt lat="-37.8457910" lon="144.9653840">
    <ele>4.8</ele>
   </trkpt>
   <trkpt lat="-37.8458280" lon="144.9654280">
    <ele>4.4</ele>
   </trkpt>
   <trkpt lat="-37.8458540" lon="144.9654680">
    <ele>4.2</ele>
   </trkpt>
   <trkpt lat="-37.8458890" lon="144.9655170">
    <ele>3.8</ele>
   </trkpt>
   <trkpt lat="-37.8459130" lon="144.9655580">
    <ele>3.4</ele>
   </trkpt>
   <trkpt lat="-37.8459550" lon="144.9656090">
    <ele>3.0</ele>
   </trkpt>
   <trkpt lat="-37.8459860" lon="144.9656470">
    <ele>2.8</ele>
   </trkpt>
   <trkpt lat="-37.8460270" lon="144.9656930">
    <ele>2.4</ele>
   </trkpt>
   <trkpt lat="-37.8460530" lon="144.9657330">
    <ele>2.2</ele>
   </trkpt>
   <trkpt lat="-37.8460880" lon="144.9657780">
    <ele>2.0</ele>
   </trkpt>
   <trkpt lat="-37.8461170" lon="144.9658150">
    <ele>1.8</ele>
   </trkpt>
   <trkpt lat="-37.8461510" lon="144.9658550">
    <ele>1.8</ele>
   </trkpt>
   <trkpt lat="-37.8461880" lon="144.9658940">
    <ele>1.8</ele>
   </trkpt>
   <trkpt lat="-37.8462260" lon="144.9659320">
    <ele>1.6</ele>
   </trkpt>
   <trkpt lat="-37.8462700" lon="144.9659660">
    <ele>1.6</ele>
   </trkpt>
   <trkpt lat="-37.8463060" lon="144.9660000">
    <ele>1.6</ele>
   </trkpt>
   <trkpt lat="-37.8463530" lon="144.9660290">
    <ele>1.4</ele>
   </trkpt>
   <trkpt lat="-37.8463900" lon="144.9660550">
    <ele>1.4</ele>
   </trkpt>
   <trkpt lat="-37.8464400" lon="144.9660830">
    <ele>1.4</ele>
   </trkpt>
   <trkpt lat="-37.8464800" lon="144.9661140">
    <ele>1.6</ele>
   </trkpt>
   <trkpt lat="-37.8465310" lon="144.9661390">
    <ele>1.6</ele>
   </trkpt>
   <trkpt lat="-37.8465750" lon="144.9661600">
    <ele>1.8</ele>
   </trkpt>
   <trkpt lat="-37.8466270" lon="144.9661790">
    <ele>1.8</ele>
   </trkpt>
   <trkpt lat="-37.8466740" lon="144.9661910">
    <ele>1.6</ele>
   </trkpt>
   <trkpt lat="-37.8467200" lon="144.9662070">
    <ele>1.6</ele>
   </trkpt>
   <trkpt lat="-37.8467670" lon="144.9662140">
    <ele>1.2</ele>
   </trkpt>
   <trkpt lat="-37.8468150" lon="144.9662210">
    <ele>1.0</ele>
   </trkpt>
   <trkpt lat="-37.8468540" lon="144.9662200">
    <ele>0.8</ele>
   </trkpt>
   <trkpt lat="-37.8469000" lon="144.9662190">
    <ele>0.8</ele>
   </trkpt>
   <trkpt lat="-37.8469420" lon="144.9662170">
    <ele>0.8</ele>
   </trkpt>
   <trkpt lat="-37.8469860" lon="144.9662200">
    <ele>0.8</ele>
   </trkpt>
   <trkpt lat="-37.8470290" lon="144.9662130">
    <ele>0.8</ele>
   </trkpt>
   <trkpt lat="-37.8470740" lon="144.9662090">
    <ele>0.8</ele>
   </trkpt>
   <trkpt lat="-37.8471190" lon="144.9661920">
    <ele>0.6</ele>
   </trkpt>
   <trkpt lat="-37.8471580" lon="144.9661830">
    <ele>0.4</ele>
   </trkpt>
   <trkpt lat="-37.8472050" lon="144.9661670">
    <ele>0.2</ele>
   </trkpt>
   <trkpt lat="-37.8472500" lon="144.9661590">
    <ele>0.0</ele>
   </trkpt>
   <trkpt lat="-37.8473020" lon="144.9661440">
    <ele>-0.2</ele>
   </trkpt>
   <trkpt lat="-37.8473450" lon="144.9661340">
    <ele>-0.4</ele>
   </trkpt>
   <trkpt lat="-37.8473930" lon="144.9661110">
    <ele>-0.8</ele>
   </trkpt>
   <trkpt lat="-37.8474440" lon="144.9660980">
    <ele>-1.0</ele>
   </trkpt>
   <trkpt lat="-37.8474890" lon="144.9660880">
    <ele>-1.2</ele>
   </trkpt>
   <trkpt lat="-37.8475380" lon="144.9660700">
    <ele>-1.6</ele>
   </trkpt>
   <trkpt lat="-37.8475850" lon="144.9660770">
    <ele>-1.8</ele>
   </trkpt>
   <trkpt lat="-37.8476300" lon="144.9660910">
    <ele>-2.2</ele>
   </trkpt>
   <trkpt lat="-37.8476710" lon="144.9661190">
    <ele>-2.6</ele>
   </trkpt>
   <trkpt lat="-37.8477060" lon="144.9661580">
    <ele>-2.8</ele>
   </trkpt>
   <trkpt lat="-37.8477440" lon="144.9661920">
    <ele>-2.8</ele>
   </trkpt>
   <trkpt lat="-37.8477780" lon="144.9662280">
    <ele>-2.8</ele>
   </trkpt>
   <trkpt lat="-37.8478110" lon="144.9662690">
    <ele>-2.8</ele>
   </trkpt>
   <trkpt lat="-37.8478450" lon="144.9663050">
    <ele>-3.0</ele>
   </trkpt>
   <trkpt lat="-37.8478830" lon="144.9663460">
    <ele>-3.6</ele>
   </trkpt>
   <trkpt lat="-37.8479200" lon="144.9663800">
    <ele>-4.2</ele>
   </trkpt>
   <trkpt lat="-37.8479540" lon="144.9664200">
    <ele>-4.8</ele>
   </trkpt>
   <trkpt lat="-37.8479890" lon="144.9664570">
    <ele>-5.0</ele>
   </trkpt>
   <trkpt lat="-37.8480200" lon="144.9664950">
    <ele>-5.2</ele>
   </trkpt>
   <trkpt lat="-37.8480610" lon="144.9665320">
    <ele>-5.0</ele>
   </trkpt>
   <trkpt lat="-37.8480910" lon="144.9665720">
    <ele>-5.0</ele>
   </trkpt>
   <trkpt lat="-37.8481340" lon="144.9666160">
    <ele>-5.0</ele>
   </trkpt>
   <trkpt lat="-37.8481580" lon="144.9666530">
    <ele>-5.0</ele>
   </trkpt>
   <trkpt lat="-37.8481990" lon="144.9666950">
    <ele>-5.2</ele>
   </trkpt>
   <trkpt lat="-37.8482300" lon="144.9667310">
    <ele>-5.2</ele>
   </trkpt>
   <trkpt lat="-37.8482660" lon="144.9667790">
    <ele>-5.2</ele>
   </trkpt>
   <trkpt lat="-37.8482940" lon="144.9668150">
    <ele>-5.4</ele>
   </trkpt>
   <trkpt lat="-37.8483340" lon="144.9668590">
    <ele>-5.2</ele>
   </trkpt>
   <trkpt lat="-37.8483650" lon="144.9668940">
    <ele>-5.2</ele>
   </trkpt>
   <trkpt lat="-37.8484070" lon="144.9669360">
    <ele>-5.2</ele>
   </trkpt>
   <trkpt lat="-37.8484360" lon="144.9669740">
    <ele>-5.4</ele>
   </trkpt>
   <trkpt lat="-37.8484700" lon="144.9670210">
    <ele>-5.6</ele>
   </trkpt>
   <trkpt lat="-37.8485000" lon="144.9670600">
    <ele>-5.8</ele>
   </trkpt>
   <trkpt lat="-37.8485330" lon="144.9671060">
    <ele>-6.2</ele>
   </trkpt>
   <trkpt lat="-37.8485650" lon="144.9671480">
    <ele>-6.4</ele>
   </trkpt>
   <trkpt lat="-37.8485960" lon="144.9671910">
    <ele>-6.6</ele>
   </trkpt>
   <trkpt lat="-37.8486310" lon="144.9672300">
    <ele>-6.8</ele>
   </trkpt>
   <trkpt lat="-37.8486640" lon="144.9672700">
    <ele>-7.0</ele>
   </trkpt>
   <trkpt lat="-37.8487000" lon="144.9673080">
    <ele>-7.2</ele>
   </trkpt>
   <trkpt lat="-37.8487280" lon="144.9673490">
    <ele>-6.8</ele>
   </trkpt>
   <trkpt lat="-37.8487640" lon="144.9673880">
    <ele>-6.0</ele>
   </trkpt>
   <trkpt lat="-37.8487890" lon="144.9674290">
    <ele>-5.6</ele>
   </trkpt>
   <trkpt lat="-37.8488280" lon="144.9674710">
    <ele>-5.4</ele>
   </trkpt>
   <trkpt lat="-37.8488560" lon="144.9675090">
    <ele>-5.4</ele>
   </trkpt>
   <trkpt lat="-37.8489010" lon="144.9675540">
    <ele>-5.0</ele>
   </trkpt>
   <trkpt lat="-37.8489270" lon="144.9675920">
    <ele>-4.8</ele>
   </trkpt>
   <trkpt lat="-37.8489700" lon="144.9676430">
    <ele>-4.6</ele>
   </trkpt>
   <trkpt lat="-37.8489980" lon="144.9676860">
    <ele>-4.4</ele>
   </trkpt>
   <trkpt lat="-37.8490380" lon="144.9677410">
    <ele>-4.0</ele>
   </trkpt>
   <trkpt lat="-37.8490650" lon="144.9677790">
    <ele>-3.6</ele>
   </trkpt>
   <trkpt lat="-37.8491040" lon="144.9678230">
    <ele>-3.6</ele>
   </trkpt>
   <trkpt lat="-37.8491340" lon="144.9678600">
    <ele>-3.6</ele>
   </trkpt>
   <trkpt lat="-37.8491740" lon="144.9679020">
    <ele>-3.6</ele>
   </trkpt>
   <trkpt lat="-37.8492070" lon="144.9679460">
    <ele>-3.8</ele>
   </trkpt>
   <trkpt lat="-37.8492410" lon="144.9679930">
    <ele>-4.0</ele>
   </trkpt>
   <trkpt lat="-37.8492710" lon="144.9680330">
    <ele>-4.0</ele>
   </trkpt>
   <trkpt lat="-37.8493030" lon="144.9680790">
    <ele>-3.8</ele>
   </trkpt>
   <trkpt lat="-37.8493340" lon="144.9681160">
    <ele>-3.6</ele>
   </trkpt>
   <trkpt lat="-37.8493650" lon="144.9681590">
    <ele>-3.2</ele>
   </trkpt>
   <trkpt lat="-37.8493990" lon="144.9681980">
    <ele>-2.8</ele>
   </trkpt>
   <trkpt lat="-37.8494270" lon="144.9682310">
    <ele>-2.8</ele>
   </trkpt>
   <trkpt lat="-37.8494620" lon="144.9682660">
    <ele>-3.0</ele>
   </trkpt>
   <trkpt lat="-37.8494910" lon="144.9682980">
    <ele>-2.8</ele>
   </trkpt>
   <trkpt lat="-37.8495270" lon="144.9683450">
    <ele>-2.6</ele>
   </trkpt>
   <trkpt lat="-37.8495500" lon="144.9683830">
    <ele>-2.2</ele>
   </trkpt>
   <trkpt lat="-37.8495870" lon="144.9684310">
    <ele>-2.0</ele>
   </trkpt>
   <trkpt lat="-37.8496140" lon="144.9684670">
    <ele>-1.6</ele>
   </trkpt>
   <trkpt lat="-37.8496500" lon="144.9685170">
    <ele>-1.6</ele>
   </trkpt>
   <trkpt lat="-37.8496820" lon="144.9685570">
    <ele>-2.0</ele>
   </trkpt>
   <trkpt lat="-37.8497220" lon="144.9686100">
    <ele>-2.4</ele>
   </trkpt>
   <trkpt lat="-37.8497490" lon="144.9686440">
    <ele>-2.4</ele>
   </trkpt>
   <trkpt lat="-37.8497840" lon="144.9686910">
    <ele>-2.6</ele>
   </trkpt>
   <trkpt lat="-37.8498160" lon="144.9687340">
    <ele>-2.8</ele>
   </trkpt>
   <trkpt lat="-37.8498490" lon="144.9687780">
    <ele>-3.0</ele>
   </trkpt>
   <trkpt lat="-37.8498810" lon="144.9688180">
    <ele>-3.0</ele>
   </trkpt>
   <trkpt lat="-37.8499110" lon="144.9688590">
    <ele>-3.0</ele>
   </trkpt>
   <trkpt lat="-37.8499430" lon="144.9688980">
    <ele>-2.8</ele>
   </trkpt>
   <trkpt lat="-37.8499730" lon="144.9689430">
    <ele>-2.8</ele>
   </trkpt>
   <trkpt lat="-37.8500050" lon="144.9689900">
    <ele>-2.8</ele>
   </trkpt>
   <trkpt lat="-37.8500310" lon="144.9690300">
    <ele>-2.8</ele>
   </trkpt>
   <trkpt lat="-37.8500710" lon="144.9690770">
    <ele>-2.8</ele>
   </trkpt>
   <trkpt lat="-37.8500960" lon="144.9691150">
    <ele>-2.8</ele>
   </trkpt>
   <trkpt lat="-37.8501290" lon="144.9691620">
    <ele>-2.8</ele>
   </trkpt>
   <trkpt lat="-37.8501580" lon="144.9692010">
    <ele>-2.8</ele>
   </trkpt>
   <trkpt lat="-37.8501950" lon="144.9692520">
    <ele>-2.6</ele>
   </trkpt>
   <trkpt lat="-37.8502250" lon="144.9692900">
    <ele>-2.6</ele>
   </trkpt>
   <trkpt lat="-37.8502570" lon="144.9693260">
    <ele>-2.8</ele>
   </trkpt>
   <trkpt lat="-37.8502930" lon="144.9693620">
    <ele>-2.8</ele>
   </trkpt>
   <trkpt lat="-37.8503290" lon="144.9693960">
    <ele>-2.8</ele>
   </trkpt>
   <trkpt lat="-37.8503650" lon="144.9694330">
    <ele>-2.8</ele>
   </trkpt>
   <trkpt lat="-37.8503950" lon="144.9694740">
    <ele>-2.8</ele>
   </trkpt>
   <trkpt lat="-37.8504300" lon="144.9695160">
    <ele>-2.6</ele>
   </trkpt>
   <trkpt lat="-37.8504530" lon="144.9695550">
    <ele>-2.6</ele>
   </trkpt>
   <trkpt lat="-37.8504920" lon="144.9695990">
    <ele>-2.4</ele>
   </trkpt>
   <trkpt lat="-37.8505180" lon="144.9696360">
    <ele>-2.4</ele>
   </trkpt>
   <trkpt lat="-37.8505520" lon="144.9696900">
    <ele>-2.4</ele>
   </trkpt>
   <trkpt lat="-37.8505760" lon="144.9697290">
    <ele>-2.2</ele>
   </trkpt>
   <trkpt lat="-37.8506110" lon="144.9697820">
    <ele>-2.2</ele>
   </trkpt>
   <trkpt lat="-37.8506360" lon="144.9698190">
    <ele>-2.2</ele>
   </trkpt>
   <trkpt lat="-37.8506700" lon="144.9698590">
    <ele>-2.0</ele>
   </trkpt>
   <trkpt lat="-37.8507030" lon="144.9698940">
    <ele>-2.0</ele>
   </trkpt>
   <trkpt lat="-37.8507360" lon="144.9699370">
    <ele>-1.8</ele>
   </trkpt>
   <trkpt lat="-37.8507670" lon="144.9699740">
    <ele>-1.6</ele>
   </trkpt>
   <trkpt lat="-37.8507960" lon="144.9700090">
    <ele>-1.6</ele>
   </trkpt>
   <trkpt lat="-37.8508290" lon="144.9700440">
    <ele>-1.6</ele>
   </trkpt>
   <trkpt lat="-37.8508570" lon="144.9700830">
    <ele>-1.4</ele>
   </trkpt>
   <trkpt lat="-37.8508960" lon="144.9701270">
    <ele>-1.2</ele>
   </trkpt>
   <trkpt lat="-37.8509280" lon="144.9701640">
    <ele>-0.8</ele>
   </trkpt>
   <trkpt lat="-37.8509660" lon="144.9702120">
    <ele>0.0</ele>
   </trkpt>
   <trkpt lat="-37.8509940" lon="144.9702540">
    <ele>0.6</ele>
   </trkpt>
   <trkpt lat="-37.8510340" lon="144.9702990">
    <ele>1.0</ele>
   </trkpt>
   <trkpt lat="-37.8510640" lon="144.9703330">
    <ele>1.0</ele>
   </trkpt>
   <trkpt lat="-37.8510990" lon="144.9703760">
    <ele>0.6</ele>
   </trkpt>
   <trkpt lat="-37.8511310" lon="144.9704190">
    <ele>0.2</ele>
   </trkpt>
   <trkpt lat="-37.8511630" lon="144.9704630">
    <ele>-0.2</ele>
   </trkpt>
   <trkpt lat="-37.8511970" lon="144.9705030">
    <ele>-0.2</ele>
   </trkpt>
   <trkpt lat="-37.8512270" lon="144.9705430">
    <ele>-0.2</ele>
   </trkpt>
   <trkpt lat="-37.8512630" lon="144.9705830">
    <ele>-0.2</ele>
   </trkpt>
   <trkpt lat="-37.8512900" lon="144.9706170">
    <ele>-0.2</ele>
   </trkpt>
   <trkpt lat="-37.8513230" lon="144.9706590">
    <ele>-0.2</ele>
   </trkpt>
   <trkpt lat="-37.8513500" lon="144.9707000">
    <ele>0.0</ele>
   </trkpt>
   <trkpt lat="-37.8513810" lon="144.9707420">
    <ele>0.4</ele>
   </trkpt>
   <trkpt lat="-37.8514090" lon="144.9707760">
    <ele>0.8</ele>
   </trkpt>
   <trkpt lat="-37.8514430" lon="144.9708220">
    <ele>1.0</ele>
   </trkpt>
   <trkpt lat="-37.8514710" lon="144.9708610">
    <ele>0.8</ele>
   </trkpt>
   <trkpt lat="-37.8515070" lon="144.9709110">
    <ele>0.8</ele>
   </trkpt>
   <trkpt lat="-37.8515380" lon="144.9709470">
    <ele>0.6</ele>
   </trkpt>
   <trkpt lat="-37.8515740" lon="144.9709920">
    <ele>0.6</ele>
   </trkpt>
   <trkpt lat="-37.8516090" lon="144.9710290">
    <ele>0.6</ele>
   </trkpt>
   <trkpt lat="-37.8516440" lon="144.9710710">
    <ele>0.8</ele>
   </trkpt>
   <trkpt lat="-37.8516740" lon="144.9711120">
    <ele>0.8</ele>
   </trkpt>
   <trkpt lat="-37.8517070" lon="144.9711520">
    <ele>0.8</ele>
   </trkpt>
   <trkpt lat="-37.8517390" lon="144.9711940">
    <ele>1.0</ele>
   </trkpt>
   <trkpt lat="-37.8517690" lon="144.9712300">
    <ele>1.0</ele>
   </trkpt>
   <trkpt lat="-37.8518050" lon="144.9712710">
    <ele>1.0</ele>
   </trkpt>
   <trkpt lat="-37.8518340" lon="144.9713080">
    <ele>1.2</ele>
   </trkpt>
   <trkpt lat="-37.8518730" lon="144.9713520">
    <ele>1.2</ele>
   </trkpt>
   <trkpt lat="-37.8519030" lon="144.9713870">
    <ele>1.4</ele>
   </trkpt>
   <trkpt lat="-37.8519390" lon="144.9714350">
    <ele>1.6</ele>
   </trkpt>
   <trkpt lat="-37.8519720" lon="144.9714730">
    <ele>1.8</ele>
   </trkpt>
   <trkpt lat="-37.8520070" lon="144.9715130">
    <ele>1.8</ele>
   </trkpt>
   <trkpt lat="-37.8520350" lon="144.9715470">
    <ele>1.6</ele>
   </trkpt>
   <trkpt lat="-37.8520660" lon="144.9715900">
    <ele>1.4</ele>
   </trkpt>
   <trkpt lat="-37.8520960" lon="144.9716280">
    <ele>1.2</ele>
   </trkpt>
   <trkpt lat="-37.8521280" lon="144.9716690">
    <ele>1.0</ele>
   </trkpt>
   <trkpt lat="-37.8521620" lon="144.9717080">
    <ele>1.0</ele>
   </trkpt>
   <trkpt lat="-37.8521890" lon="144.9717500">
    <ele>1.0</ele>
   </trkpt>
   <trkpt lat="-37.8522290" lon="144.9717910">
    <ele>1.0</ele>
   </trkpt>
   <trkpt lat="-37.8522580" lon="144.9718360">
    <ele>0.8</ele>
   </trkpt>
   <trkpt lat="-37.8522980" lon="144.9718800">
    <ele>0.8</ele>
   </trkpt>
   <trkpt lat="-37.8523270" lon="144.9719240">
    <ele>0.8</ele>
   </trkpt>
   <trkpt lat="-37.8523660" lon="144.9719670">
    <ele>1.0</ele>
   </trkpt>
   <trkpt lat="-37.8523940" lon="144.9720060">
    <ele>1.0</ele>
   </trkpt>
   <trkpt lat="-37.8524340" lon="144.9720540">
    <ele>1.0</ele>
   </trkpt>
   <trkpt lat="-37.8524640" lon="144.9720950">
    <ele>1.2</ele>
   </trkpt>
   <trkpt lat="-37.8525040" lon="144.9721480">
    <ele>1.0</ele>
   </trkpt>
   <trkpt lat="-37.8525260" lon="144.9721880">
    <ele>0.8</ele>
   </trkpt>
   <trkpt lat="-37.8525660" lon="144.9722350">
    <ele>1.0</ele>
   </trkpt>
   <trkpt lat="-37.8525940" lon="144.9722740">
    <ele>1.0</ele>
   </trkpt>
   <trkpt lat="-37.8526320" lon="144.9723160">
    <ele>1.0</ele>
   </trkpt>
   <trkpt lat="-37.8526630" lon="144.9723520">
    <ele>1.0</ele>
   </trkpt>
   <trkpt lat="-37.8526940" lon="144.9723990">
    <ele>1.2</ele>
   </trkpt>
   <trkpt lat="-37.8527210" lon="144.9724410">
    <ele>0.8</ele>
   </trkpt>
   <trkpt lat="-37.8527480" lon="144.9724910">
    <ele>0.6</ele>
   </trkpt>
   <trkpt lat="-37.8527710" lon="144.9725400">
    <ele>0.2</ele>
   </trkpt>
   <trkpt lat="-37.8527880" lon="144.9725940">
    <ele>0.0</ele>
   </trkpt>
   <trkpt lat="-37.8528070" lon="144.9726480">
    <ele>-0.6</ele>
   </trkpt>
   <trkpt lat="-37.8528200" lon="144.9727010">
    <ele>-1.2</ele>
   </trkpt>
   <trkpt lat="-37.8528320" lon="144.9727610">
    <ele>-1.6</ele>
   </trkpt>
   <trkpt lat="-37.8528280" lon="144.9728110">
    <ele>-1.8</ele>
   </trkpt>
   <trkpt lat="-37.8528340" lon="144.9728730">
    <ele>-1.8</ele>
   </trkpt>
   <trkpt lat="-37.8528250" lon="144.9729260">
    <ele>-1.8</ele>
   </trkpt>
   <trkpt lat="-37.8528220" lon="144.9729860">
    <ele>-1.6</ele>
   </trkpt>
   <trkpt lat="-37.8528090" lon="144.9730360">
    <ele>-1.0</ele>
   </trkpt>
   <trkpt lat="-37.8527890" lon="144.9731000">
    <ele>-0.8</ele>
   </trkpt>
   <trkpt lat="-37.8527650" lon="144.9731460">
    <ele>-0.8</ele>
   </trkpt>
   <trkpt lat="-37.8527380" lon="144.9732000">
    <ele>-1.0</ele>
   </trkpt>
   <trkpt lat="-37.8527110" lon="144.9732400">
    <ele>-1.0</ele>
   </trkpt>
   <trkpt lat="-37.8526750" lon="144.9733020">
    <ele>-1.4</ele>
   </trkpt>
   <trkpt lat="-37.8526480" lon="144.9733410">
    <ele>-1.4</ele>
   </trkpt>
   <trkpt lat="-37.8526160" lon="144.9733880">
    <ele>-1.2</ele>
   </trkpt>
   <trkpt lat="-37.8525850" lon="144.9734260">
    <ele>-0.4</ele>
   </trkpt>
   <trkpt lat="-37.8525490" lon="144.9734690">
    <ele>-0.2</ele>
   </trkpt>
   <trkpt lat="-37.8525200" lon="144.9735100">
    <ele>0.0</ele>
   </trkpt>
   <trkpt lat="-37.8524840" lon="144.9735490">
    <ele>0.0</ele>
   </trkpt>
   <trkpt lat="-37.8524550" lon="144.9735910">
    <ele>-0.2</ele>
   </trkpt>
   <trkpt lat="-37.8524260" lon="144.9736220">
    <ele>-0.2</ele>
   </trkpt>
   <trkpt lat="-37.8523950" lon="144.9736640">
    <ele>-0.2</ele>
   </trkpt>
   <trkpt lat="-37.8523650" lon="144.9737000">
    <ele>-0.2</ele>
   </trkpt>
   <trkpt lat="-37.8523270" lon="144.9737450">
    <ele>0.0</ele>
   </trkpt>
   <trkpt lat="-37.8522980" lon="144.9737760">
    <ele>0.2</ele>
   </trkpt>
   <trkpt lat="-37.8522600" lon="144.9738190">
    <ele>0.6</ele>
   </trkpt>
   <trkpt lat="-37.8522320" lon="144.9738500">
    <ele>1.0</ele>
   </trkpt>
   <trkpt lat="-37.8521970" lon="144.9738860">
    <ele>0.8</ele>
   </trkpt>
   <trkpt lat="-37.8521700" lon="144.9739240">
    <ele>0.6</ele>
   </trkpt>
   <trkpt lat="-37.8521400" lon="144.9739690">
    <ele>0.6</ele>
   </trkpt>
   <trkpt lat="-37.8521230" lon="144.9740260">
    <ele>0.6</ele>
   </trkpt>
   <trkpt lat="-37.8521130" lon="144.9740830">
    <ele>0.8</ele>
   </trkpt>
   <trkpt lat="-37.8521140" lon="144.9741490">
    <ele>1.4</ele>
   </trkpt>
   <trkpt lat="-37.8521270" lon="144.9742040">
    <ele>1.8</ele>
   </trkpt>
   <trkpt lat="-37.8521560" lon="144.9742580">
    <ele>2.2</ele>
   </trkpt>
   <trkpt lat="-37.8521810" lon="144.9743040">
    <ele>2.6</ele>
   </trkpt>
   <trkpt lat="-37.8522230" lon="144.9743510">
    <ele>3.0</ele>
   </trkpt>
   <trkpt lat="-37.8522560" lon="144.9743900">
    <ele>3.0</ele>
   </trkpt>
   <trkpt lat="-37.8523010" lon="144.9744340">
    <ele>3.0</ele>
   </trkpt>
   <trkpt lat="-37.8523350" lon="144.9744690">
    <ele>3.0</ele>
   </trkpt>
   <trkpt lat="-37.8523720" lon="144.9745030">
    <ele>3.2</ele>
   </trkpt>
   <trkpt lat="-37.8524060" lon="144.9745350">
    <ele>3.2</ele>
   </trkpt>
   <trkpt lat="-37.8524410" lon="144.9745670">
    <ele>3.4</ele>
   </trkpt>
   <trkpt lat="-37.8524840" lon="144.9745940">
    <ele>3.4</ele>
   </trkpt>
   <trkpt lat="-37.8525220" lon="144.9746260">
    <ele>3.4</ele>
   </trkpt>
   <trkpt lat="-37.8525680" lon="144.9746540">
    <ele>3.2</ele>
   </trkpt>
   <trkpt lat="-37.8526020" lon="144.9746830">
    <ele>3.2</ele>
   </trkpt>
   <trkpt lat="-37.8526490" lon="144.9747160">
    <ele>3.2</ele>
   </trkpt>
   <trkpt lat="-37.8526900" lon="144.9747460">
    <ele>3.0</ele>
   </trkpt>
   <trkpt lat="-37.8527360" lon="144.9747790">
    <ele>3.0</ele>
   </trkpt>
   <trkpt lat="-37.8527700" lon="144.9748020">
    <ele>2.8</ele>
   </trkpt>
   <trkpt lat="-37.8528140" lon="144.9748290">
    <ele>2.6</ele>
   </trkpt>
   <trkpt lat="-37.8528510" lon="144.9748520">
    <ele>2.4</ele>
   </trkpt>
   <trkpt lat="-37.8528930" lon="144.9748790">
    <ele>2.2</ele>
   </trkpt>
   <trkpt lat="-37.8529330" lon="144.9749010">
    <ele>2.0</ele>
   </trkpt>
   <trkpt lat="-37.8529690" lon="144.9749280">
    <ele>2.0</ele>
   </trkpt>
   <trkpt lat="-37.8530100" lon="144.9749520">
    <ele>2.0</ele>
   </trkpt>
   <trkpt lat="-37.8530440" lon="144.9749820">
    <ele>2.0</ele>
   </trkpt>
   <trkpt lat="-37.8530880" lon="144.9750140">
    <ele>2.0</ele>
   </trkpt>
   <trkpt lat="-37.8531180" lon="144.9750430">
    <ele>2.0</ele>
   </trkpt>
   <trkpt lat="-37.8531600" lon="144.9750770">
    <ele>2.0</ele>
   </trkpt>
   <trkpt lat="-37.8532020" lon="144.9751030">
    <ele>2.0</ele>
   </trkpt>
   <trkpt lat="-37.8532490" lon="144.9751350">
    <ele>1.8</ele>
   </trkpt>
   <trkpt lat="-37.8532890" lon="144.9751600">
    <ele>1.6</ele>
   </trkpt>
   <trkpt lat="-37.8533330" lon="144.9751860">
    <ele>1.4</ele>
   </trkpt>
   <trkpt lat="-37.8533750" lon="144.9752130">
    <ele>1.0</ele>
   </trkpt>
   <trkpt lat="-37.8534130" lon="144.9752410">
    <ele>0.2</ele>
   </trkpt>
   <trkpt lat="-37.8534540" lon="144.9752630">
    <ele>-0.2</ele>
   </trkpt>
   <trkpt lat="-37.8534900" lon="144.9752870">
    <ele>-0.2</ele>
   </trkpt>
   <trkpt lat="-37.8535330" lon="144.9753150">
    <ele>0.0</ele>
   </trkpt>
   <trkpt lat="-37.8535680" lon="144.9753450">
    <ele>0.0</ele>
   </trkpt>
   <trkpt lat="-37.8536110" lon="144.9753800">
    <ele>0.6</ele>
   </trkpt>
   <trkpt lat="-37.8536400" lon="144.9754100">
    <ele>0.8</ele>
   </trkpt>
   <trkpt lat="-37.8536840" lon="144.9754480">
    <ele>0.8</ele>
   </trkpt>
   <trkpt lat="-37.8537100" lon="144.9754820">
    <ele>0.6</ele>
   </trkpt>
   <trkpt lat="-37.8537470" lon="144.9755240">
    <ele>0.4</ele>
   </trkpt>
   <trkpt lat="-37.8537730" lon="144.9755630">
    <ele>-0.2</ele>
   </trkpt>
   <trkpt lat="-37.8538020" lon="144.9756130">
    <ele>-1.0</ele>
   </trkpt>
   <trkpt lat="-37.8538240" lon="144.9756630">
    <ele>-1.2</ele>
   </trkpt>
   <trkpt lat="-37.8538410" lon="144.9757170">
    <ele>-1.8</ele>
   </trkpt>
   <trkpt lat="-37.8538570" lon="144.9757700">
    <ele>-2.0</ele>
   </trkpt>
   <trkpt lat="-37.8538640" lon="144.9758270">
    <ele>-2.0</ele>
   </trkpt>
   <trkpt lat="-37.8538720" lon="144.9758810">
    <ele>-1.4</ele>
   </trkpt>
   <trkpt lat="-37.8538690" lon="144.9759310">
    <ele>-1.2</ele>
   </trkpt>
   <trkpt lat="-37.8538660" lon="144.9759900">
    <ele>-1.0</ele>
   </trkpt>
   <trkpt lat="-37.8538550" lon="144.9760390">
    <ele>-0.8</ele>
   </trkpt>
   <trkpt lat="-37.8538430" lon="144.9760960">
    <ele>-0.6</ele>
   </trkpt>
   <trkpt lat="-37.8538360" lon="144.9761410">
    <ele>-0.8</ele>
   </trkpt>
   <trkpt lat="-37.8538210" lon="144.9762020">
    <ele>-0.8</ele>
   </trkpt>
   <trkpt lat="-37.8538100" lon="144.9762550">
    <ele>-0.8</ele>
   </trkpt>
   <trkpt lat="-37.8537930" lon="144.9763130">
    <ele>-1.0</ele>
   </trkpt>
   <trkpt lat="-37.8537840" lon="144.9763680">
    <ele>-1.2</ele>
   </trkpt>
   <trkpt lat="-37.8537700" lon="144.9764240">
    <ele>-1.0</ele>
   </trkpt>
   <trkpt lat="-37.8537580" lon="144.9764800">
    <ele>-1.2</ele>
   </trkpt>
   <trkpt lat="-37.8537420" lon="144.9765330">
    <ele>-1.0</ele>
   </trkpt>
   <trkpt lat="-37.8537310" lon="144.9765980">
    <ele>0.2</ele>
   </trkpt>
   <trkpt lat="-37.8537180" lon="144.9766500">
    <ele>1.0</ele>
   </trkpt>
   <trkpt lat="-37.8537080" lon="144.9767120">
    <ele>1.2</ele>
   </trkpt>
   <trkpt lat="-37.8536940" lon="144.9767610">
    <ele>1.6</ele>
   </trkpt>
   <trkpt lat="-37.8536770" lon="144.9768240">
    <ele>1.6</ele>
   </trkpt>
   <trkpt lat="-37.8536640" lon="144.9768690">
    <ele>1.2</ele>
   </trkpt>
   <trkpt lat="-37.8536510" lon="144.9769320">
    <ele>1.4</ele>
   </trkpt>
   <trkpt lat="-37.8536390" lon="144.9769830">
    <ele>1.4</ele>
   </trkpt>
   <trkpt lat="-37.8536260" lon="144.9770340">
    <ele>1.0</ele>
   </trkpt>
   <trkpt lat="-37.8536190" lon="144.9770840">
    <ele>1.0</ele>
   </trkpt>
   <trkpt lat="-37.8536080" lon="144.9771380">
    <ele>0.8</ele>
   </trkpt>
   <trkpt lat="-37.8536010" lon="144.9771910">
    <ele>0.6</ele>
   </trkpt>
   <trkpt lat="-37.8535880" lon="144.9772410">
    <ele>0.8</ele>
   </trkpt>
   <trkpt lat="-37.8535820" lon="144.9772960">
    <ele>0.8</ele>
   </trkpt>
   <trkpt lat="-37.8535690" lon="144.9773470">
    <ele>1.0</ele>
   </trkpt>
   <trkpt lat="-37.8535610" lon="144.9774070">
    <ele>1.0</ele>
   </trkpt>
   <trkpt lat="-37.8535480" lon="144.9774540">
    <ele>1.0</ele>
   </trkpt>
   <trkpt lat="-37.8535350" lon="144.9775210">
    <ele>1.2</ele>
   </trkpt>
   <trkpt lat="-37.8535250" lon="144.9775710">
    <ele>1.2</ele>
   </trkpt>
   <trkpt lat="-37.8535090" lon="144.9776240">
    <ele>1.0</ele>
   </trkpt>
   <trkpt lat="-37.8534990" lon="144.9776730">
    <ele>1.2</ele>
   </trkpt>
   <trkpt lat="-37.8534880" lon="144.9777220">
    <ele>1.8</ele>
   </trkpt>
   <trkpt lat="-37.8534810" lon="144.9777720">
    <ele>2.2</ele>
   </trkpt>
   <trkpt lat="-37.8534670" lon="144.9778210">
    <ele>2.6</ele>
   </trkpt>
   <trkpt lat="-37.8534620" lon="144.9778830">
    <ele>2.8</ele>
   </trkpt>
   <trkpt lat="-37.8534520" lon="144.9779310">
    <ele>2.8</ele>
   </trkpt>
   <trkpt lat="-37.8534440" lon="144.9779930">
    <ele>3.0</ele>
   </trkpt>
   <trkpt lat="-37.8534360" lon="144.9780470">
    <ele>3.2</ele>
   </trkpt>
   <trkpt lat="-37.8534320" lon="144.9781080">
    <ele>3.2</ele>
   </trkpt>
   <trkpt lat="-37.8534230" lon="144.9781560">
    <ele>3.4</ele>
   </trkpt>
   <trkpt lat="-37.8534150" lon="144.9782190">
    <ele>3.6</ele>
   </trkpt>
   <trkpt lat="-37.8534020" lon="144.9782750">
    <ele>3.4</ele>
   </trkpt>
   <trkpt lat="-37.8533930" lon="144.9783310">
    <ele>3.0</ele>
   </trkpt>
   <trkpt lat="-37.8533840" lon="144.9783900">
    <ele>2.6</ele>
   </trkpt>
   <trkpt lat="-37.8533660" lon="144.9784490">
    <ele>2.4</ele>
   </trkpt>
   <trkpt lat="-37.8533430" lon="144.9784990">
    <ele>2.2</ele>
   </trkpt>
   <trkpt lat="-37.8533060" lon="144.9785340">
    <ele>2.2</ele>
   </trkpt>
   <trkpt lat="-37.8532630" lon="144.9785540">
    <ele>3.0</ele>
   </trkpt>
   <trkpt lat="-37.8532260" lon="144.9785610">
    <ele>4.0</ele>
   </trkpt>
   <trkpt lat="-37.8531780" lon="144.9785580">
    <ele>5.8</ele>
   </trkpt>
   <trkpt lat="-37.8531440" lon="144.9785450">
    <ele>6.4</ele>
   </trkpt>
   <trkpt lat="-37.8530990" lon="144.9785300">
    <ele>7.6</ele>
   </trkpt>
   <trkpt lat="-37.8530620" lon="144.9785140">
    <ele>8.6</ele>
   </trkpt>
   <trkpt lat="-37.8530180" lon="144.9785050">
    <ele>9.8</ele>
   </trkpt>
   <trkpt lat="-37.8529740" lon="144.9784930">
    <ele>9.4</ele>
   </trkpt>
   <trkpt lat="-37.8529330" lon="144.9784840">
    <ele>8.0</ele>
   </trkpt>
   <trkpt lat="-37.8528930" lon="144.9784780">
    <ele>7.2</ele>
   </trkpt>
   <trkpt lat="-37.8528530" lon="144.9784650">
    <ele>6.2</ele>
   </trkpt>
   <trkpt lat="-37.8528070" lon="144.9784620">
    <ele>5.8</ele>
   </trkpt>
   <trkpt lat="-37.8527710" lon="144.9784510">
    <ele>5.8</ele>
   </trkpt>
   <trkpt lat="-37.8527250" lon="144.9784430">
    <ele>6.0</ele>
   </trkpt>
   <trkpt lat="-37.8526840" lon="144.9784330">
    <ele>6.0</ele>
   </trkpt>
   <trkpt lat="-37.8526370" lon="144.9784170">
    <ele>6.2</ele>
   </trkpt>
   <trkpt lat="-37.8525980" lon="144.9784040">
    <ele>5.8</ele>
   </trkpt>
   <trkpt lat="-37.8525480" lon="144.9783940">
    <ele>5.6</ele>
   </trkpt>
   <trkpt lat="-37.8525060" lon="144.9783830">
    <ele>5.4</ele>
   </trkpt>
   <trkpt lat="-37.8524620" lon="144.9783690">
    <ele>5.2</ele>
   </trkpt>
   <trkpt lat="-37.8524140" lon="144.9783590">
    <ele>5.8</ele>
   </trkpt>
   <trkpt lat="-37.8523730" lon="144.9783430">
    <ele>6.4</ele>
   </trkpt>
   <trkpt lat="-37.8523280" lon="144.9783320">
    <ele>7.2</ele>
   </trkpt>
   <trkpt lat="-37.8522880" lon="144.9783130">
    <ele>8.2</ele>
   </trkpt>
   <trkpt lat="-37.8522380" lon="144.9782970">
    <ele>8.4</ele>
   </trkpt>
   <trkpt lat="-37.8521970" lon="144.9782810">
    <ele>8.4</ele>
   </trkpt>
   <trkpt lat="-37.8521480" lon="144.9782680">
    <ele>8.4</ele>
   </trkpt>
   <trkpt lat="-37.8521090" lon="144.9782490">
    <ele>8.4</ele>
   </trkpt>
   <trkpt lat="-37.8520580" lon="144.9782320">
    <ele>7.6</ele>
   </trkpt>
   <trkpt lat="-37.8520170" lon="144.9782160">
    <ele>7.0</ele>
   </trkpt>
   <trkpt lat="-37.8519780" lon="144.9782010">
    <ele>6.2</ele>
   </trkpt>
   <trkpt lat="-37.8519410" lon="144.9781900">
    <ele>6.0</ele>
   </trkpt>
   <trkpt lat="-37.8519010" lon="144.9781730">
    <ele>6.0</ele>
   </trkpt>
   <trkpt lat="-37.8518610" lon="144.9781570">
    <ele>6.4</ele>
   </trkpt>
   <trkpt lat="-37.8518230" lon="144.9781370">
    <ele>6.6</ele>
   </trkpt>
   <trkpt lat="-37.8517770" lon="144.9781280">
    <ele>7.2</ele>
   </trkpt>
   <trkpt lat="-37.8517370" lon="144.9781090">
    <ele>7.6</ele>
   </trkpt>
   <trkpt lat="-37.8516910" lon="144.9780930">
    <ele>7.8</ele>
   </trkpt>
   <trkpt lat="-37.8516510" lon="144.9780770">
    <ele>8.0</ele>
   </trkpt>
   <trkpt lat="-37.8516020" lon="144.9780610">
    <ele>8.4</ele>
   </trkpt>
   <trkpt lat="-37.8515630" lon="144.9780430">
    <ele>8.6</ele>
   </trkpt>
   <trkpt lat="-37.8515160" lon="144.9780260">
    <ele>8.8</ele>
   </trkpt>
   <trkpt lat="-37.8514730" lon="144.9780130">
    <ele>9.2</ele>
   </trkpt>
   <trkpt lat="-37.8514330" lon="144.9779970">
    <ele>10.0</ele>
   </trkpt>
   <trkpt lat="-37.8513870" lon="144.9779810">
    <ele>10.2</ele>
   </trkpt>
   <trkpt lat="-37.8513480" lon="144.9779620">
    <ele>10.2</ele>
   </trkpt>
   <trkpt lat="-37.8513010" lon="144.9779510">
    <ele>10.2</ele>
   </trkpt>
   <trkpt lat="-37.8512640" lon="144.9779340">
    <ele>10.2</ele>
   </trkpt>
   <trkpt lat="-37.8512170" lon="144.9779240">
    <ele>10.4</ele>
   </trkpt>
   <trkpt lat="-37.8511760" lon="144.9779070">
    <ele>10.4</ele>
   </trkpt>
   <trkpt lat="-37.8511310" lon="144.9778880">
    <ele>10.8</ele>
   </trkpt>
   <trkpt lat="-37.8510940" lon="144.9778710">
    <ele>11.2</ele>
   </trkpt>
   <trkpt lat="-37.8510480" lon="144.9778530">
    <ele>11.6</ele>
   </trkpt>
   <trkpt lat="-37.8510060" lon="144.9778380">
    <ele>11.4</ele>
   </trkpt>
   <trkpt lat="-37.8509620" lon="144.9778210">
    <ele>11.4</ele>
   </trkpt>
   <trkpt lat="-37.8509200" lon="144.9778050">
    <ele>11.2</ele>
   </trkpt>
   <trkpt lat="-37.8508790" lon="144.9777900">
    <ele>11.0</ele>
   </trkpt>
   <trkpt lat="-37.8508350" lon="144.9777790">
    <ele>10.6</ele>
   </trkpt>
   <trkpt lat="-37.8507940" lon="144.9777630">
    <ele>10.0</ele>
   </trkpt>
   <trkpt lat="-37.8507520" lon="144.9777500">
    <ele>9.8</ele>
   </trkpt>
   <trkpt lat="-37.8507160" lon="144.9777320">
    <ele>9.8</ele>
   </trkpt>
   <trkpt lat="-37.8506700" lon="144.9777230">
    <ele>9.6</ele>
   </trkpt>
   <trkpt lat="-37.8506320" lon="144.9777040">
    <ele>9.6</ele>
   </trkpt>
   <trkpt lat="-37.8505840" lon="144.9776880">
    <ele>9.8</ele>
   </trkpt>
   <trkpt lat="-37.8505460" lon="144.9776640">
    <ele>10.0</ele>
   </trkpt>
   <trkpt lat="-37.8504950" lon="144.9776360">
    <ele>10.2</ele>
   </trkpt>
   <trkpt lat="-37.8504600" lon="144.9776140">
    <ele>10.4</ele>
   </trkpt>
   <trkpt lat="-37.8504160" lon="144.9775910">
    <ele>10.8</ele>
   </trkpt>
   <trkpt lat="-37.8503810" lon="144.9775690">
    <ele>10.4</ele>
   </trkpt>
   <trkpt lat="-37.8503450" lon="144.9775440">
    <ele>10.4</ele>
   </trkpt>
   <trkpt lat="-37.8502990" lon="144.9775230">
    <ele>10.2</ele>
   </trkpt>
   <trkpt lat="-37.8502630" lon="144.9774990">
    <ele>10.2</ele>
   </trkpt>
   <trkpt lat="-37.8502180" lon="144.9774800">
    <ele>10.2</ele>
   </trkpt>
   <trkpt lat="-37.8501820" lon="144.9774610">
    <ele>10.2</ele>
   </trkpt>
   <trkpt lat="-37.8501390" lon="144.9774330">
    <ele>10.2</ele>
   </trkpt>
   <trkpt lat="-37.8501070" lon="144.9774120">
    <ele>10.2</ele>
   </trkpt>
   <trkpt lat="-37.8500660" lon="144.9773870">
    <ele>10.2</ele>
   </trkpt>
   <trkpt lat="-37.8500280" lon="144.9773640">
    <ele>10.2</ele>
   </trkpt>
   <trkpt lat="-37.8499860" lon="144.9773390">
    <ele>10.4</ele>
   </trkpt>
   <trkpt lat="-37.8499460" lon="144.9773130">
    <ele>10.6</ele>
   </trkpt>
   <trkpt lat="-37.8499080" lon="144.9772850">
    <ele>10.8</ele>
   </trkpt>
   <trkpt lat="-37.8498680" lon="144.9772540">
    <ele>10.8</ele>
   </trkpt>
   <trkpt lat="-37.8498330" lon="144.9772200">
    <ele>10.8</ele>
   </trkpt>
   <trkpt lat="-37.8497930" lon="144.9771860">
    <ele>11.0</ele>
   </trkpt>
   <trkpt lat="-37.8497600" lon="144.9771510">
    <ele>11.0</ele>
   </trkpt>
   <trkpt lat="-37.8497230" lon="144.9771170">
    <ele>11.0</ele>
   </trkpt>
   <trkpt lat="-37.8496890" lon="144.9770830">
    <ele>11.2</ele>
   </trkpt>
   <trkpt lat="-37.8496530" lon="144.9770430">
    <ele>11.2</ele>
   </trkpt>
   <trkpt lat="-37.8496180" lon="144.9770030">
    <ele>11.0</ele>
   </trkpt>
   <trkpt lat="-37.8495790" lon="144.9769590">
    <ele>11.2</ele>
   </trkpt>
   <trkpt lat="-37.8495510" lon="144.9769240">
    <ele>11.2</ele>
   </trkpt>
   <trkpt lat="-37.8495150" lon="144.9768770">
    <ele>11.2</ele>
   </trkpt>
   <trkpt lat="-37.8494860" lon="144.9768350">
    <ele>11.4</ele>
   </trkpt>
   <trkpt lat="-37.8494510" lon="144.9767890">
    <ele>11.6</ele>
   </trkpt>
   <trkpt lat="-37.8494210" lon="144.9767500">
    <ele>11.8</ele>
   </trkpt>
   <trkpt lat="-37.8493890" lon="144.9767060">
    <ele>12.0</ele>
   </trkpt>
   <trkpt lat="-37.8493600" lon="144.9766650">
    <ele>11.8</ele>
   </trkpt>
   <trkpt lat="-37.8493340" lon="144.9766210">
    <ele>11.8</ele>
   </trkpt>
   <trkpt lat="-37.8493020" lon="144.9765830">
    <ele>11.8</ele>
   </trkpt>
   <trkpt lat="-37.8492770" lon="144.9765410">
    <ele>11.8</ele>
   </trkpt>
   <trkpt lat="-37.8492440" lon="144.9764990">
    <ele>11.8</ele>
   </trkpt>
   <trkpt lat="-37.8492180" lon="144.9764570">
    <ele>11.6</ele>
   </trkpt>
   <trkpt lat="-37.8491790" lon="144.9764160">
    <ele>11.4</ele>
   </trkpt>
   <trkpt lat="-37.8491500" lon="144.9763750">
    <ele>11.2</ele>
   </trkpt>
   <trkpt lat="-37.8491150" lon="144.9763300">
    <ele>11.0</ele>
   </trkpt>
   <trkpt lat="-37.8490920" lon="144.9762870">
    <ele>10.8</ele>
   </trkpt>
   <trkpt lat="-37.8490580" lon="144.9762420">
    <ele>10.6</ele>
   </trkpt>
   <trkpt lat="-37.8490330" lon="144.9761990">
    <ele>10.4</ele>
   </trkpt>
   <trkpt lat="-37.8489960" lon="144.9761470">
    <ele>10.4</ele>
   </trkpt>
   <trkpt lat="-37.8489670" lon="144.9761020">
    <ele>10.6</ele>
   </trkpt>
   <trkpt lat="-37.8489310" lon="144.9760500">
    <ele>10.6</ele>
   </trkpt>
   <trkpt lat="-37.8489010" lon="144.9760050">
    <ele>10.6</ele>
   </trkpt>
   <trkpt lat="-37.8488740" lon="144.9759560">
    <ele>10.6</ele>
   </trkpt>
   <trkpt lat="-37.8488450" lon="144.9759120">
    <ele>10.6</ele>
   </trkpt>
   <trkpt lat="-37.8488160" lon="144.9758670">
    <ele>10.8</ele>
   </trkpt>
   <trkpt lat="-37.8487880" lon="144.9758250">
    <ele>10.6</ele>
   </trkpt>
   <trkpt lat="-37.8487590" lon="144.9757840">
    <ele>11.0</ele>
   </trkpt>
   <trkpt lat="-37.8487290" lon="144.9757410">
    <ele>11.0</ele>
   </trkpt>
   <trkpt lat="-37.8487040" lon="144.9756970">
    <ele>11.4</ele>
   </trkpt>
   <trkpt lat="-37.8486710" lon="144.9756520">
    <ele>11.6</ele>
   </trkpt>
   <trkpt lat="-37.8486450" lon="144.9756100">
    <ele>11.4</ele>
   </trkpt>
   <trkpt lat="-37.8486090" lon="144.9755650">
    <ele>11.4</ele>
   </trkpt>
   <trkpt lat="-37.8485810" lon="144.9755250">
    <ele>11.2</ele>
   </trkpt>
   <trkpt lat="-37.8485460" lon="144.9754810">
    <ele>11.2</ele>
   </trkpt>
   <trkpt lat="-37.8485230" lon="144.9754440">
    <ele>11.0</ele>
   </trkpt>
   <trkpt lat="-37.8484880" lon="144.9754040">
    <ele>10.8</ele>
   </trkpt>
   <trkpt lat="-37.8484620" lon="144.9753650">
    <ele>10.6</ele>
   </trkpt>
   <trkpt lat="-37.8484290" lon="144.9753170">
    <ele>10.2</ele>
   </trkpt>
   <trkpt lat="-37.8484100" lon="144.9752750">
    <ele>10.2</ele>
   </trkpt>
   <trkpt lat="-37.8483830" lon="144.9752270">
    <ele>10.2</ele>
   </trkpt>
   <trkpt lat="-37.8483630" lon="144.9751850">
    <ele>10.4</ele>
   </trkpt>
   <trkpt lat="-37.8483320" lon="144.9751300">
    <ele>11.4</ele>
   </trkpt>
   <trkpt lat="-37.8483100" lon="144.9750860">
    <ele>12.6</ele>
   </trkpt>
   <trkpt lat="-37.8482830" lon="144.9750380">
    <ele>12.6</ele>
   </trkpt>
   <trkpt lat="-37.8482600" lon="144.9749920">
    <ele>12.8</ele>
   </trkpt>
   <trkpt lat="-37.8482370" lon="144.9749410">
    <ele>13.0</ele>
   </trkpt>
   <trkpt lat="-37.8482160" lon="144.9748880">
    <ele>13.0</ele>
   </trkpt>
   <trkpt lat="-37.8482040" lon="144.9748340">
    <ele>12.6</ele>
   </trkpt>
   <trkpt lat="-37.8481840" lon="144.9747770">
    <ele>12.4</ele>
   </trkpt>
   <trkpt lat="-37.8481750" lon="144.9747240">
    <ele>12.4</ele>
   </trkpt>
   <trkpt lat="-37.8481560" lon="144.9746640">
    <ele>12.2</ele>
   </trkpt>
   <trkpt lat="-37.8481500" lon="144.9746090">
    <ele>12.0</ele>
   </trkpt>
   <trkpt lat="-37.8481400" lon="144.9745500">
    <ele>11.8</ele>
   </trkpt>
   <trkpt lat="-37.8481380" lon="144.9744970">
    <ele>11.8</ele>
   </trkpt>
   <trkpt lat="-37.8481330" lon="144.9744350">
    <ele>11.8</ele>
   </trkpt>
   <trkpt lat="-37.8481370" lon="144.9743850">
    <ele>11.8</ele>
   </trkpt>
   <trkpt lat="-37.8481380" lon="144.9743260">
    <ele>11.6</ele>
   </trkpt>
   <trkpt lat="-37.8481340" lon="144.9742750">
    <ele>11.6</ele>
   </trkpt>
   <trkpt lat="-37.8481350" lon="144.9742190">
    <ele>11.4</ele>
   </trkpt>
   <trkpt lat="-37.8481300" lon="144.9741600">
    <ele>11.0</ele>
   </trkpt>
   <trkpt lat="-37.8481260" lon="144.9741070">
    <ele>10.8</ele>
   </trkpt>
   <trkpt lat="-37.8481200" lon="144.9740480">
    <ele>10.8</ele>
   </trkpt>
   <trkpt lat="-37.8481200" lon="144.9739940">
    <ele>10.8</ele>
   </trkpt>
   <trkpt lat="-37.8481150" lon="144.9739330">
    <ele>10.8</ele>
   </trkpt>
   <trkpt lat="-37.8481170" lon="144.9738810">
    <ele>10.8</ele>
   </trkpt>
   <trkpt lat="-37.8481090" lon="144.9738180">
    <ele>11.0</ele>
   </trkpt>
   <trkpt lat="-37.8481090" lon="144.9737650">
    <ele>11.0</ele>
   </trkpt>
   <trkpt lat="-37.8480950" lon="144.9737010">
    <ele>11.0</ele>
   </trkpt>
   <trkpt lat="-37.8480870" lon="144.9736450">
    <ele>11.0</ele>
   </trkpt>
   <trkpt lat="-37.8480730" lon="144.9735830">
    <ele>11.0</ele>
   </trkpt>
   <trkpt lat="-37.8480640" lon="144.9735290">
    <ele>11.0</ele>
   </trkpt>
   <trkpt lat="-37.8480460" lon="144.9734650">
    <ele>11.0</ele>
   </trkpt>
   <trkpt lat="-37.8480340" lon="144.9734120">
    <ele>11.2</ele>
   </trkpt>
   <trkpt lat="-37.8480100" lon="144.9733500">
    <ele>11.0</ele>
   </trkpt>
   <trkpt lat="-37.8479970" lon="144.9733010">
    <ele>11.0</ele>
   </trkpt>
   <trkpt lat="-37.8479720" lon="144.9732400">
    <ele>11.0</ele>
   </trkpt>
   <trkpt lat="-37.8479550" lon="144.9731950">
    <ele>10.8</ele>
   </trkpt>
   <trkpt lat="-37.8479280" lon="144.9731440">
    <ele>11.0</ele>
   </trkpt>
   <trkpt lat="-37.8479080" lon="144.9731010">
    <ele>11.2</ele>
   </trkpt>
   <trkpt lat="-37.8478810" lon="144.9730490">
    <ele>11.4</ele>
   </trkpt>
   <trkpt lat="-37.8478580" lon="144.9730030">
    <ele>11.8</ele>
   </trkpt>
   <trkpt lat="-37.8478310" lon="144.9729500">
    <ele>12.0</ele>
   </trkpt>
   <trkpt lat="-37.8478020" lon="144.9729020">
    <ele>12.2</ele>
   </trkpt>
   <trkpt lat="-37.8477760" lon="144.9728550">
    <ele>11.8</ele>
   </trkpt>
   <trkpt lat="-37.8477430" lon="144.9728100">
    <ele>11.6</ele>
   </trkpt>
   <trkpt lat="-37.8477140" lon="144.9727630">
    <ele>11.6</ele>
   </trkpt>
   <trkpt lat="-37.8476840" lon="144.9727160">
    <ele>11.6</ele>
   </trkpt>
   <trkpt lat="-37.8476560" lon="144.9726710">
    <ele>11.8</ele>
   </trkpt>
   <trkpt lat="-37.8476230" lon="144.9726290">
    <ele>12.0</ele>
   </trkpt>
   <trkpt lat="-37.8475940" lon="144.9725850">
    <ele>12.6</ele>
   </trkpt>
   <trkpt lat="-37.8475580" lon="144.9725440">
    <ele>13.0</ele>
   </trkpt>
   <trkpt lat="-37.8475320" lon="144.9725040">
    <ele>13.2</ele>
   </trkpt>
   <trkpt lat="-37.8474940" lon="144.9724630">
    <ele>13.2</ele>
   </trkpt>
   <trkpt lat="-37.8474680" lon="144.9724230">
    <ele>13.2</ele>
   </trkpt>
   <trkpt lat="-37.8474300" lon="144.9723780">
    <ele>13.0</ele>
   </trkpt>
   <trkpt lat="-37.8474050" lon="144.9723380">
    <ele>12.8</ele>
   </trkpt>
   <trkpt lat="-37.8473670" lon="144.9722900">
    <ele>12.6</ele>
   </trkpt>
   <trkpt lat="-37.8473400" lon="144.9722470">
    <ele>12.4</ele>
   </trkpt>
   <trkpt lat="-37.8473040" lon="144.9721960">
    <ele>12.2</ele>
   </trkpt>
   <trkpt lat="-37.8472820" lon="144.9721550">
    <ele>12.0</ele>
   </trkpt>
   <trkpt lat="-37.8472450" lon="144.9721020">
    <ele>12.0</ele>
   </trkpt>
   <trkpt lat="-37.8472150" lon="144.9720610">
    <ele>12.2</ele>
   </trkpt>
   <trkpt lat="-37.8471800" lon="144.9720180">
    <ele>12.4</ele>
   </trkpt>
   <trkpt lat="-37.8471520" lon="144.9719800">
    <ele>13.0</ele>
   </trkpt>
   <trkpt lat="-37.8471170" lon="144.9719310">
    <ele>13.0</ele>
   </trkpt>
   <trkpt lat="-37.8470940" lon="144.9718920">
    <ele>12.8</ele>
   </trkpt>
   <trkpt lat="-37.8470620" lon="144.9718470">
    <ele>12.8</ele>
   </trkpt>
   <trkpt lat="-37.8470310" lon="144.9718100">
    <ele>12.2</ele>
   </trkpt>
   <trkpt lat="-37.8469960" lon="144.9717680">
    <ele>11.8</ele>
   </trkpt>
   <trkpt lat="-37.8469650" lon="144.9717360">
    <ele>11.8</ele>
   </trkpt>
   <trkpt lat="-37.8469300" lon="144.9716950">
    <ele>11.8</ele>
   </trkpt>
   <trkpt lat="-37.8468900" lon="144.9716650">
    <ele>12.0</ele>
   </trkpt>
   <trkpt lat="-37.8468590" lon="144.9716270">
    <ele>11.8</ele>
   </trkpt>
   <trkpt lat="-37.8468190" lon="144.9715950">
    <ele>11.8</ele>
   </trkpt>
   <trkpt lat="-37.8467880" lon="144.9715610">
    <ele>11.8</ele>
   </trkpt>
   <trkpt lat="-37.8467440" lon="144.9715230">
    <ele>11.6</ele>
   </trkpt>
   <trkpt lat="-37.8467150" lon="144.9714900">
    <ele>11.4</ele>
   </trkpt>
   <trkpt lat="-37.8466730" lon="144.9714540">
    <ele>11.4</ele>
   </trkpt>
   <trkpt lat="-37.8466460" lon="144.9714290">
    <ele>11.4</ele>
   </trkpt>
   <trkpt lat="-37.8466100" lon="144.9713930">
    <ele>11.8</ele>
   </trkpt>
   <trkpt lat="-37.8465760" lon="144.9713590">
    <ele>12.2</ele>
   </trkpt>
   <trkpt lat="-37.8465470" lon="144.9713280">
    <ele>12.6</ele>
   </trkpt>
   <trkpt lat="-37.8465100" lon="144.9713040">
    <ele>12.8</ele>
   </trkpt>
   <trkpt lat="-37.8464770" lon="144.9712820">
    <ele>13.0</ele>
   </trkpt>
   <trkpt lat="-37.8464370" lon="144.9712550">
    <ele>13.4</ele>
   </trkpt>
   <trkpt lat="-37.8464080" lon="144.9712290">
    <ele>13.6</ele>
   </trkpt>
   <trkpt lat="-37.8463630" lon="144.9711970">
    <ele>13.6</ele>
   </trkpt>
   <trkpt lat="-37.8463290" lon="144.9711710">
    <ele>13.6</ele>
   </trkpt>
   <trkpt lat="-37.8462880" lon="144.9711450">
    <ele>13.6</ele>
   </trkpt>
   <trkpt lat="-37.8462530" lon="144.9711160">
    <ele>13.6</ele>
   </trkpt>
   <trkpt lat="-37.8462130" lon="144.9710840">
    <ele>13.6</ele>
   </trkpt>
   <trkpt lat="-37.8461740" lon="144.9710630">
    <ele>13.6</ele>
   </trkpt>
   <trkpt lat="-37.8461360" lon="144.9710360">
    <ele>13.6</ele>
   </trkpt>
   <trkpt lat="-37.8460940" lon="144.9710180">
    <ele>13.6</ele>
   </trkpt>
   <trkpt lat="-37.8460580" lon="144.9709910">
    <ele>13.6</ele>
   </trkpt>
   <trkpt lat="-37.8460150" lon="144.9709670">
    <ele>13.4</ele>
   </trkpt>
   <trkpt lat="-37.8459820" lon="144.9709430">
    <ele>13.8</ele>
   </trkpt>
   <trkpt lat="-37.8459380" lon="144.9709200">
    <ele>14.0</ele>
   </trkpt>
   <trkpt lat="-37.8458980" lon="144.9708950">
    <ele>13.8</ele>
   </trkpt>
   <trkpt lat="-37.8458600" lon="144.9708740">
    <ele>13.8</ele>
   </trkpt>
   <trkpt lat="-37.8458180" lon="144.9708590">
    <ele>13.8</ele>
   </trkpt>
   <trkpt lat="-37.8457800" lon="144.9708380">
    <ele>14.0</ele>
   </trkpt>
   <trkpt lat="-37.8457330" lon="144.9708260">
    <ele>14.0</ele>
   </trkpt>
   <trkpt lat="-37.8456970" lon="144.9708080">
    <ele>14.0</ele>
   </trkpt>
   <trkpt lat="-37.8456500" lon="144.9707940">
    <ele>14.2</ele>
   </trkpt>
   <trkpt lat="-37.8456150" lon="144.9707800">
    <ele>14.2</ele>
   </trkpt>
   <trkpt lat="-37.8455690" lon="144.9707640">
    <ele>14.4</ele>
   </trkpt>
   <trkpt lat="-37.8455330" lon="144.9707510">
    <ele>14.2</ele>
   </trkpt>
   <trkpt lat="-37.8454890" lon="144.9707340">
    <ele>14.0</ele>
   </trkpt>
   <trkpt lat="-37.8454450" lon="144.9707230">
    <ele>14.0</ele>
   </trkpt>
   <trkpt lat="-37.8454040" lon="144.9707090">
    <ele>14.0</ele>
   </trkpt>
   <trkpt lat="-37.8453570" lon="144.9706990">
    <ele>14.0</ele>
   </trkpt>
   <trkpt lat="-37.8453190" lon="144.9706860">
    <ele>14.4</ele>
   </trkpt>
   <trkpt lat="-37.8452700" lon="144.9706800">
    <ele>14.6</ele>
   </trkpt>
   <trkpt lat="-37.8452340" lon="144.9706740">
    <ele>15.0</ele>
   </trkpt>
   <trkpt lat="-37.8451850" lon="144.9706660">
    <ele>16.2</ele>
   </trkpt>
   <trkpt lat="-37.8451450" lon="144.9706580">
    <ele>16.4</ele>
   </trkpt>
   <trkpt lat="-37.8450950" lon="144.9706480">
    <ele>16.4</ele>
   </trkpt>
   <trkpt lat="-37.8450550" lon="144.9706370">
    <ele>16.2</ele>
   </trkpt>
   <trkpt lat="-37.8450120" lon="144.9706310">
    <ele>15.8</ele>
   </trkpt>
   <trkpt lat="-37.8449680" lon="144.9706310">
    <ele>15.2</ele>
   </trkpt>
   <trkpt lat="-37.8449260" lon="144.9706240">
    <ele>15.2</ele>
   </trkpt>
   <trkpt lat="-37.8448810" lon="144.9706290">
    <ele>15.2</ele>
   </trkpt>
   <trkpt lat="-37.8448400" lon="144.9706270">
    <ele>15.2</ele>
   </trkpt>
   <trkpt lat="-37.8447920" lon="144.9706350">
    <ele>15.2</ele>
   </trkpt>
   <trkpt lat="-37.8447490" lon="144.9706320">
    <ele>15.4</ele>
   </trkpt>
   <trkpt lat="-37.8447000" lon="144.9706360">
    <ele>15.4</ele>
   </trkpt>
   <trkpt lat="-37.8446560" lon="144.9706260">
    <ele>15.4</ele>
   </trkpt>
   <trkpt lat="-37.8446060" lon="144.9706290">
    <ele>15.2</ele>
   </trkpt>
   <trkpt lat="-37.8445660" lon="144.9706240">
    <ele>15.2</ele>
   </trkpt>
   <trkpt lat="-37.8445150" lon="144.9706260">
    <ele>14.8</ele>
   </trkpt>
   <trkpt lat="-37.8444700" lon="144.9706250">
    <ele>14.6</ele>
   </trkpt>
   <trkpt lat="-37.8444230" lon="144.9706380">
    <ele>14.4</ele>
   </trkpt>
   <trkpt lat="-37.8443800" lon="144.9706440">
    <ele>14.0</ele>
   </trkpt>
   <trkpt lat="-37.8443360" lon="144.9706530">
    <ele>13.4</ele>
   </trkpt>
   <trkpt lat="-37.8442940" lon="144.9706610">
    <ele>13.0</ele>
   </trkpt>
   <trkpt lat="-37.8442510" lon="144.9706660">
    <ele>13.2</ele>
   </trkpt>
   <trkpt lat="-37.8442060" lon="144.9706790">
    <ele>13.2</ele>
   </trkpt>
   <trkpt lat="-37.8441670" lon="144.9706850">
    <ele>13.4</ele>
   </trkpt>
   <trkpt lat="-37.8441240" lon="144.9707040">
    <ele>13.4</ele>
   </trkpt>
   <trkpt lat="-37.8440820" lon="144.9707110">
    <ele>13.8</ele>
   </trkpt>
   <trkpt lat="-37.8440330" lon="144.9707300">
    <ele>14.0</ele>
   </trkpt>
   <trkpt lat="-37.8439940" lon="144.9707370">
    <ele>14.0</ele>
   </trkpt>
   <trkpt lat="-37.8439410" lon="144.9707520">
    <ele>13.6</ele>
   </trkpt>
   <trkpt lat="-37.8439000" lon="144.9707630">
    <ele>13.2</ele>
   </trkpt>
   <trkpt lat="-37.8438540" lon="144.9707770">
    <ele>13.2</ele>
   </trkpt>
   <trkpt lat="-37.8438150" lon="144.9707920">
    <ele>13.2</ele>
   </trkpt>
   <trkpt lat="-37.8437730" lon="144.9708080">
    <ele>13.4</ele>
   </trkpt>
   <trkpt lat="-37.8437310" lon="144.9708270">
    <ele>13.6</ele>
   </trkpt>
   <trkpt lat="-37.8436900" lon="144.9708410">
    <ele>14.0</ele>
   </trkpt>
   <trkpt lat="-37.8436450" lon="144.9708650">
    <ele>14.4</ele>
   </trkpt>
   <trkpt lat="-37.8436050" lon="144.9708760">
    <ele>14.6</ele>
   </trkpt>
   <trkpt lat="-37.8435600" lon="144.9709040">
    <ele>14.8</ele>
   </trkpt>
   <trkpt lat="-37.8435230" lon="144.9709190">
    <ele>14.8</ele>
   </trkpt>
   <trkpt lat="-37.8434760" lon="144.9709400">
    <ele>14.6</ele>
   </trkpt>
   <trkpt lat="-37.8434380" lon="144.9709490">
    <ele>14.6</ele>
   </trkpt>
   <trkpt lat="-37.8433910" lon="144.9709620">
    <ele>14.4</ele>
   </trkpt>
   <trkpt lat="-37.8433500" lon="144.9709740">
    <ele>14.2</ele>
   </trkpt>
   <trkpt lat="-37.8433080" lon="144.9709950">
    <ele>14.0</ele>
   </trkpt>
   <trkpt lat="-37.8432700" lon="144.9710130">
    <ele>13.8</ele>
   </trkpt>
   <trkpt lat="-37.8432290" lon="144.9710260">
    <ele>13.8</ele>
   </trkpt>
   <trkpt lat="-37.8431880" lon="144.9710480">
    <ele>13.8</ele>
   </trkpt>
   <trkpt lat="-37.8431470" lon="144.9710600">
    <ele>13.8</ele>
   </trkpt>
   <trkpt lat="-37.8431020" lon="144.9710820">
    <ele>13.8</ele>
   </trkpt>
   <trkpt lat="-37.8430650" lon="144.9710950">
    <ele>13.8</ele>
   </trkpt>
   <trkpt lat="-37.8430200" lon="144.9711140">
    <ele>14.0</ele>
   </trkpt>
   <trkpt lat="-37.8429810" lon="144.9711240">
    <ele>14.0</ele>
   </trkpt>
   <trkpt lat="-37.8429370" lon="144.9711420">
    <ele>14.0</ele>
   </trkpt>
   <trkpt lat="-37.8428970" lon="144.9711580">
    <ele>14.0</ele>
   </trkpt>
   <trkpt lat="-37.8428570" lon="144.9711800">
    <ele>13.6</ele>
   </trkpt>
   <trkpt lat="-37.8428150" lon="144.9712050">
    <ele>13.0</ele>
   </trkpt>
   <trkpt lat="-37.8427770" lon="144.9712220">
    <ele>12.8</ele>
   </trkpt>
   <trkpt lat="-37.8427380" lon="144.9712490">
    <ele>12.6</ele>
   </trkpt>
   <trkpt lat="-37.8427000" lon="144.9712690">
    <ele>12.8</ele>
   </trkpt>
   <trkpt lat="-37.8426570" lon="144.9712950">
    <ele>12.8</ele>
   </trkpt>
   <trkpt lat="-37.8426220" lon="144.9713110">
    <ele>13.0</ele>
   </trkpt>
   <trkpt lat="-37.8425780" lon="144.9713320">
    <ele>13.0</ele>
   </trkpt>
   <trkpt lat="-37.8425390" lon="144.9713430">
    <ele>13.0</ele>
   </trkpt>
   <trkpt lat="-37.8424960" lon="144.9713630">
    <ele>13.0</ele>
   </trkpt>
   <trkpt lat="-37.8424620" lon="144.9713770">
    <ele>12.8</ele>
   </trkpt>
   <trkpt lat="-37.8424190" lon="144.9713960">
    <ele>12.6</ele>
   </trkpt>
   <trkpt lat="-37.8423820" lon="144.9714180">
    <ele>12.6</ele>
   </trkpt>
   <trkpt lat="-37.8423420" lon="144.9714400">
    <ele>12.8</ele>
   </trkpt>
   <trkpt lat="-37.8423000" lon="144.9714600">
    <ele>12.8</ele>
   </trkpt>
   <trkpt lat="-37.8422590" lon="144.9714720">
    <ele>12.6</ele>
   </trkpt>
   <trkpt lat="-37.8422130" lon="144.9714930">
    <ele>13.0</ele>
   </trkpt>
   <trkpt lat="-37.8421770" lon="144.9715060">
    <ele>13.0</ele>
   </trkpt>
   <trkpt lat="-37.8421330" lon="144.9715270">
    <ele>13.2</ele>
   </trkpt>
   <trkpt lat="-37.8420920" lon="144.9715370">
    <ele>13.2</ele>
   </trkpt>
   <trkpt lat="-37.8420460" lon="144.9715530">
    <ele>13.2</ele>
   </trkpt>
   <trkpt lat="-37.8420050" lon="144.9715640">
    <ele>13.6</ele>
   </trkpt>
   <trkpt lat="-37.8419560" lon="144.9715810">
    <ele>13.8</ele>
   </trkpt>
   <trkpt lat="-37.8419160" lon="144.9715920">
    <ele>14.0</ele>
   </trkpt>
   <trkpt lat="-37.8418720" lon="144.9716040">
    <ele>14.0</ele>
   </trkpt>
   <trkpt lat="-37.8418310" lon="144.9716190">
    <ele>14.0</ele>
   </trkpt>
   <trkpt lat="-37.8417890" lon="144.9716280">
    <ele>13.8</ele>
   </trkpt>
   <trkpt lat="-37.8417440" lon="144.9716420">
    <ele>13.4</ele>
   </trkpt>
   <trkpt lat="-37.8417030" lon="144.9716510">
    <ele>13.4</ele>
   </trkpt>
   <trkpt lat="-37.8416570" lon="144.9716600">
    <ele>13.2</ele>
   </trkpt>
   <trkpt lat="-37.8416190" lon="144.9716600">
    <ele>13.2</ele>
   </trkpt>
   <trkpt lat="-37.8415700" lon="144.9716700">
    <ele>13.4</ele>
   </trkpt>
   <trkpt lat="-37.8415320" lon="144.9716670">
    <ele>13.6</ele>
   </trkpt>
   <trkpt lat="-37.8414840" lon="144.9716750">
    <ele>14.0</ele>
   </trkpt>
   <trkpt lat="-37.8414390" lon="144.9716740">
    <ele>14.4</ele>
   </trkpt>
   <trkpt lat="-37.8413920" lon="144.9716790">
    <ele>15.0</ele>
   </trkpt>
   <trkpt lat="-37.8413500" lon="144.9716820">
    <ele>15.4</ele>
   </trkpt>
   <trkpt lat="-37.8413020" lon="144.9716760">
    <ele>16.6</ele>
   </trkpt>
   <trkpt lat="-37.8412590" lon="144.9716730">
    <ele>18.0</ele>
   </trkpt>
   <trkpt lat="-37.8412190" lon="144.9716650">
    <ele>18.4</ele>
   </trkpt>
   <trkpt lat="-37.8411750" lon="144.9716630">
    <ele>18.4</ele>
   </trkpt>
   <trkpt lat="-37.8411350" lon="144.9716560">
    <ele>18.2</ele>
   </trkpt>
   <trkpt lat="-37.8410920" lon="144.9716560">
    <ele>17.8</ele>
   </trkpt>
   <trkpt lat="-37.8410510" lon="144.9716440">
    <ele>17.2</ele>
   </trkpt>
   <trkpt lat="-37.8410050" lon="144.9716390">
    <ele>17.0</ele>
   </trkpt>
   <trkpt lat="-37.8409630" lon="144.9716250">
    <ele>17.0</ele>
   </trkpt>
   <trkpt lat="-37.8409130" lon="144.9716190">
    <ele>16.6</ele>
   </trkpt>
   <trkpt lat="-37.8408750" lon="144.9716010">
    <ele>16.2</ele>
   </trkpt>
   <trkpt lat="-37.8408270" lon="144.9715910">
    <ele>16.2</ele>
   </trkpt>
   <trkpt lat="-37.8407900" lon="144.9715790">
    <ele>16.0</ele>
   </trkpt>
   <trkpt lat="-37.8407430" lon="144.9715690">
    <ele>15.6</ele>
   </trkpt>
   <trkpt lat="-37.8406970" lon="144.9715660">
    <ele>15.8</ele>
   </trkpt>
   <trkpt lat="-37.8406560" lon="144.9715550">
    <ele>16.0</ele>
   </trkpt>
   <trkpt lat="-37.8406140" lon="144.9715490">
    <ele>16.0</ele>
   </trkpt>
   <trkpt lat="-37.8405690" lon="144.9715370">
    <ele>16.0</ele>
   </trkpt>
   <trkpt lat="-37.8405240" lon="144.9715350">
    <ele>15.8</ele>
   </trkpt>
   <trkpt lat="-37.8404840" lon="144.9715200">
    <ele>15.4</ele>
   </trkpt>
   <trkpt lat="-37.8404360" lon="144.9715210">
    <ele>15.0</ele>
   </trkpt>
   <trkpt lat="-37.8403940" lon="144.9715100">
    <ele>14.4</ele>
   </trkpt>
   <trkpt lat="-37.8403450" lon="144.9715070">
    <ele>14.4</ele>
   </trkpt>
   <trkpt lat="-37.8403050" lon="144.9714930">
    <ele>14.4</ele>
   </trkpt>
   <trkpt lat="-37.8402580" lon="144.9714830">
    <ele>14.2</ele>
   </trkpt>
   <trkpt lat="-37.8402180" lon="144.9714680">
    <ele>14.2</ele>
   </trkpt>
   <trkpt lat="-37.8401690" lon="144.9714670">
    <ele>14.2</ele>
   </trkpt>
   <trkpt lat="-37.8401260" lon="144.9714570">
    <ele>14.2</ele>
   </trkpt>
   <trkpt lat="-37.8400770" lon="144.9714440">
    <ele>14.0</ele>
   </trkpt>
   <trkpt lat="-37.8400360" lon="144.9714390">
    <ele>14.0</ele>
   </trkpt>
   <trkpt lat="-37.8399910" lon="144.9714260">
    <ele>14.0</ele>
   </trkpt>
   <trkpt lat="-37.8399460" lon="144.9714200">
    <ele>14.0</ele>
   </trkpt>
   <trkpt lat="-37.8399020" lon="144.9714070">
    <ele>14.0</ele>
   </trkpt>
   <trkpt lat="-37.8398590" lon="144.9713980">
    <ele>14.0</ele>
   </trkpt>
   <trkpt lat="-37.8398220" lon="144.9713790">
    <ele>14.0</ele>
   </trkpt>
   <trkpt lat="-37.8397750" lon="144.9713670">
    <ele>14.0</ele>
   </trkpt>
   <trkpt lat="-37.8397330" lon="144.9713460">
    <ele>14.0</ele>
   </trkpt>
   <trkpt lat="-37.8396870" lon="144.9713250">
    <ele>14.0</ele>
   </trkpt>
   <trkpt lat="-37.8396520" lon="144.9713050">
    <ele>13.8</ele>
   </trkpt>
   <trkpt lat="-37.8396010" lon="144.9712860">
    <ele>13.6</ele>
   </trkpt>
   <trkpt lat="-37.8395610" lon="144.9712640">
    <ele>13.6</ele>
   </trkpt>
   <trkpt lat="-37.8395160" lon="144.9712340">
    <ele>13.4</ele>
   </trkpt>
   <trkpt lat="-37.8394800" lon="144.9712070">
    <ele>13.4</ele>
   </trkpt>
   <trkpt lat="-37.8394370" lon="144.9711760">
    <ele>14.0</ele>
   </trkpt>
   <trkpt lat="-37.8393980" lon="144.9711470">
    <ele>14.2</ele>
   </trkpt>
   <trkpt lat="-37.8393570" lon="144.9711130">
    <ele>14.4</ele>
   </trkpt>
   <trkpt lat="-37.8393160" lon="144.9710820">
    <ele>14.6</ele>
   </trkpt>
   <trkpt lat="-37.8392780" lon="144.9710460">
    <ele>14.6</ele>
   </trkpt>
   <trkpt lat="-37.8392360" lon="144.9710080">
    <ele>14.8</ele>
   </trkpt>
   <trkpt lat="-37.8392030" lon="144.9709720">
    <ele>14.6</ele>
   </trkpt>
   <trkpt lat="-37.8391620" lon="144.9709320">
    <ele>14.8</ele>
   </trkpt>
   <trkpt lat="-37.8391330" lon="144.9708990">
    <ele>14.6</ele>
   </trkpt>
   <trkpt lat="-37.8390960" lon="144.9708570">
    <ele>14.6</ele>
   </trkpt>
   <trkpt lat="-37.8390680" lon="144.9708250">
    <ele>14.6</ele>
   </trkpt>
   <trkpt lat="-37.8390360" lon="144.9707830">
    <ele>14.6</ele>
   </trkpt>
   <trkpt lat="-37.8390110" lon="144.9707450">
    <ele>15.0</ele>
   </trkpt>
   <trkpt lat="-37.8389780" lon="144.9706980">
    <ele>15.2</ele>
   </trkpt>
   <trkpt lat="-37.8389500" lon="144.9706570">
    <ele>15.4</ele>
   </trkpt>
   <trkpt lat="-37.8389240" lon="144.9706110">
    <ele>15.8</ele>
   </trkpt>
   <trkpt lat="-37.8388940" lon="144.9705670">
    <ele>15.6</ele>
   </trkpt>
   <trkpt lat="-37.8388700" lon="144.9705210">
    <ele>15.4</ele>
   </trkpt>
   <trkpt lat="-37.8388430" lon="144.9704700">
    <ele>15.2</ele>
   </trkpt>
   <trkpt lat="-37.8388240" lon="144.9704210">
    <ele>15.0</ele>
   </trkpt>
   <trkpt lat="-37.8387980" lon="144.9703700">
    <ele>15.0</ele>
   </trkpt>
   <trkpt lat="-37.8387790" lon="144.9703200">
    <ele>14.8</ele>
   </trkpt>
   <trkpt lat="-37.8387540" lon="144.9702640">
    <ele>14.8</ele>
   </trkpt>
   <trkpt lat="-37.8387390" lon="144.9702160">
    <ele>14.8</ele>
   </trkpt>
   <trkpt lat="-37.8387170" lon="144.9701550">
    <ele>15.0</ele>
   </trkpt>
   <trkpt lat="-37.8387020" lon="144.9701030">
    <ele>15.2</ele>
   </trkpt>
   <trkpt lat="-37.8386910" lon="144.9700490">
    <ele>15.4</ele>
   </trkpt>
   <trkpt lat="-37.8386770" lon="144.9699970">
    <ele>15.6</ele>
   </trkpt>
   <trkpt lat="-37.8386670" lon="144.9699440">
    <ele>15.8</ele>
   </trkpt>
   <trkpt lat="-37.8386520" lon="144.9698880">
    <ele>15.6</ele>
   </trkpt>
   <trkpt lat="-37.8386450" lon="144.9698370">
    <ele>15.4</ele>
   </trkpt>
   <trkpt lat="-37.8386280" lon="144.9697780">
    <ele>15.2</ele>
   </trkpt>
   <trkpt lat="-37.8386230" lon="144.9697230">
    <ele>15.0</ele>
   </trkpt>
   <trkpt lat="-37.8386120" lon="144.9696610">
    <ele>14.6</ele>
   </trkpt>
   <trkpt lat="-37.8386070" lon="144.9696090">
    <ele>14.6</ele>
   </trkpt>
   <trkpt lat="-37.8385880" lon="144.9695420">
    <ele>14.4</ele>
   </trkpt>
   <trkpt lat="-37.8385720" lon="144.9694930">
    <ele>14.2</ele>
   </trkpt>
   <trkpt lat="-37.8385600" lon="144.9694310">
    <ele>14.2</ele>
   </trkpt>
   <trkpt lat="-37.8385500" lon="144.9693760">
    <ele>14.0</ele>
   </trkpt>
   <trkpt lat="-37.8385420" lon="144.9693180">
    <ele>14.0</ele>
   </trkpt>
   <trkpt lat="-37.8385310" lon="144.9692650">
    <ele>13.8</ele>
   </trkpt>
   <trkpt lat="-37.8385280" lon="144.9692060">
    <ele>13.8</ele>
   </trkpt>
   <trkpt lat="-37.8385170" lon="144.9691480">
    <ele>13.8</ele>
   </trkpt>
   <trkpt lat="-37.8385100" lon="144.9690930">
    <ele>13.8</ele>
   </trkpt>
   <trkpt lat="-37.8384950" lon="144.9690300">
    <ele>13.6</ele>
   </trkpt>
   <trkpt lat="-37.8384920" lon="144.9689760">
    <ele>13.6</ele>
   </trkpt>
   <trkpt lat="-37.8384800" lon="144.9689150">
    <ele>13.6</ele>
   </trkpt>
   <trkpt lat="-37.8384720" lon="144.9688610">
    <ele>13.6</ele>
   </trkpt>
   <trkpt lat="-37.8384530" lon="144.9687960">
    <ele>13.2</ele>
   </trkpt>
   <trkpt lat="-37.8384400" lon="144.9687470">
    <ele>13.0</ele>
   </trkpt>
   <trkpt lat="-37.8384200" lon="144.9686870">
    <ele>13.0</ele>
   </trkpt>
   <trkpt lat="-37.8384040" lon="144.9686350">
    <ele>12.8</ele>
   </trkpt>
   <trkpt lat="-37.8383860" lon="144.9685830">
    <ele>12.6</ele>
   </trkpt>
   <trkpt lat="-37.8383640" lon="144.9685270">
    <ele>12.8</ele>
   </trkpt>
   <trkpt lat="-37.8383470" lon="144.9684790">
    <ele>12.8</ele>
   </trkpt>
   <trkpt lat="-37.8383220" lon="144.9684230">
    <ele>12.6</ele>
   </trkpt>
   <trkpt lat="-37.8383050" lon="144.9683760">
    <ele>12.6</ele>
   </trkpt>
   <trkpt lat="-37.8382740" lon="144.9683280">
    <ele>12.4</ele>
   </trkpt>
   <trkpt lat="-37.8382520" lon="144.9682860">
    <ele>12.2</ele>
   </trkpt>
   <trkpt lat="-37.8382180" lon="144.9682360">
    <ele>12.0</ele>
   </trkpt>
   <trkpt lat="-37.8381980" lon="144.9681910">
    <ele>12.2</ele>
   </trkpt>
   <trkpt lat="-37.8381700" lon="144.9681360">
    <ele>12.0</ele>
   </trkpt>
   <trkpt lat="-37.8381480" lon="144.9680850">
    <ele>12.2</ele>
   </trkpt>
   <trkpt lat="-37.8381220" lon="144.9680250">
    <ele>12.2</ele>
   </trkpt>
   <trkpt lat="-37.8381020" lon="144.9679740">
    <ele>12.2</ele>
   </trkpt>
   <trkpt lat="-37.8380840" lon="144.9679180">
    <ele>12.0</ele>
   </trkpt>
   <trkpt lat="-37.8380740" lon="144.9678630">
    <ele>11.6</ele>
   </trkpt>
   <trkpt lat="-37.8380670" lon="144.9677990">
    <ele>11.4</ele>
   </trkpt>
   <trkpt lat="-37.8380690" lon="144.9677430">
    <ele>11.4</ele>
   </trkpt>
   <trkpt lat="-37.8380780" lon="144.9676850">
    <ele>11.2</ele>
   </trkpt>
   <trkpt lat="-37.8380880" lon="144.9676300">
    <ele>11.2</ele>
   </trkpt>
   <trkpt lat="-37.8381090" lon="144.9675800">
    <ele>11.2</ele>
   </trkpt>
   <trkpt lat="-37.8381270" lon="144.9675300">
    <ele>11.2</ele>
   </trkpt>
   <trkpt lat="-37.8381470" lon="144.9674850">
    <ele>11.2</ele>
   </trkpt>
   <trkpt lat="-37.8381650" lon="144.9674350">
    <ele>11.0</ele>
   </trkpt>
   <trkpt lat="-37.8381820" lon="144.9673910">
    <ele>11.0</ele>
   </trkpt>
   <trkpt lat="-37.8382040" lon="144.9673330">
    <ele>10.8</ele>
   </trkpt>
   <trkpt lat="-37.8382250" lon="144.9672890">
    <ele>10.8</ele>
   </trkpt>
   <trkpt lat="-37.8382500" lon="144.9672310">
    <ele>10.6</ele>
   </trkpt>
   <trkpt lat="-37.8382790" lon="144.9671860">
    <ele>10.6</ele>
   </trkpt>
   <trkpt lat="-37.8383030" lon="144.9671310">
    <ele>10.6</ele>
   </trkpt>
   <trkpt lat="-37.8383190" lon="144.9670790">
    <ele>10.4</ele>
   </trkpt>
   <trkpt lat="-37.8383430" lon="144.9670210">
    <ele>10.4</ele>
   </trkpt>
   <trkpt lat="-37.8383620" lon="144.9669660">
    <ele>10.2</ele>
   </trkpt>
   <trkpt lat="-37.8383840" lon="144.9669160">
    <ele>10.2</ele>
   </trkpt>
   <trkpt lat="-37.8384060" lon="144.9668630">
    <ele>10.4</ele>
   </trkpt>
   <trkpt lat="-37.8384270" lon="144.9668210">
    <ele>10.4</ele>
   </trkpt>
   <trkpt lat="-37.8384490" lon="144.9667660">
    <ele>10.4</ele>
   </trkpt>
   <trkpt lat="-37.8384750" lon="144.9667250">
    <ele>10.6</ele>
   </trkpt>
   <trkpt lat="-37.8384950" lon="144.9666630">
    <ele>10.6</ele>
   </trkpt>
   <trkpt lat="-37.8385150" lon="144.9666190">
    <ele>10.6</ele>
   </trkpt>
   <trkpt lat="-37.8385320" lon="144.9665610">
    <ele>10.6</ele>
   </trkpt>
   <trkpt lat="-37.8385430" lon="144.9665020">
    <ele>10.6</ele>
   </trkpt>
   <trkpt lat="-37.8385570" lon="144.9664530">
    <ele>10.8</ele>
   </trkpt>
   <trkpt lat="-37.8385710" lon="144.9663960">
    <ele>10.6</ele>
   </trkpt>
   <trkpt lat="-37.8385850" lon="144.9663470">
    <ele>10.6</ele>
   </trkpt>
   <trkpt lat="-37.8385990" lon="144.9662910">
    <ele>10.6</ele>
   </trkpt>
   <trkpt lat="-37.8386110" lon="144.9662450">
    <ele>10.6</ele>
   </trkpt>
   <trkpt lat="-37.8386270" lon="144.9661910">
    <ele>10.8</ele>
   </trkpt>
   <trkpt lat="-37.8386440" lon="144.9661430">
    <ele>10.8</ele>
   </trkpt>
   <trkpt lat="-37.8386730" lon="144.9660790">
    <ele>10.6</ele>
   </trkpt>
   <trkpt lat="-37.8386900" lon="144.9660320">
    <ele>10.4</ele>
   </trkpt>
   <trkpt lat="-37.8387110" lon="144.9659740">
    <ele>10.4</ele>
   </trkpt>
   <trkpt lat="-37.8387230" lon="144.9659310">
    <ele>10.4</ele>
   </trkpt>
   <trkpt lat="-37.8387400" lon="144.9658730">
    <ele>10.4</ele>
   </trkpt>
   <trkpt lat="-37.8387500" lon="144.9658200">
    <ele>10.2</ele>
   </trkpt>
   <trkpt lat="-37.8387680" lon="144.9657640">
    <ele>10.2</ele>
   </trkpt>
   <trkpt lat="-37.8387840" lon="144.9657060">
    <ele>10.0</ele>
   </trkpt>
   <trkpt lat="-37.8388080" lon="144.9656600">
    <ele>10.0</ele>
   </trkpt>
   <trkpt lat="-37.8388230" lon="144.9656030">
    <ele>10.0</ele>
   </trkpt>
   <trkpt lat="-37.8388400" lon="144.9655540">
    <ele>9.8</ele>
   </trkpt>
   <trkpt lat="-37.8388560" lon="144.9654940">
    <ele>9.8</ele>
   </trkpt>
   <trkpt lat="-37.8388760" lon="144.9654450">
    <ele>9.8</ele>
   </trkpt>
   <trkpt lat="-37.8389000" lon="144.9653880">
    <ele>9.6</ele>
   </trkpt>
   <trkpt lat="-37.8389200" lon="144.9653350">
    <ele>9.4</ele>
   </trkpt>
   <trkpt lat="-37.8389430" lon="144.9652860">
    <ele>9.4</ele>
   </trkpt>
   <trkpt lat="-37.8389650" lon="144.9652440">
    <ele>9.4</ele>
   </trkpt>
   <trkpt lat="-37.8389850" lon="144.9651870">
    <ele>9.2</ele>
   </trkpt>
   <trkpt lat="-37.8390010" lon="144.9651400">
    <ele>9.2</ele>
   </trkpt>
   <trkpt lat="-37.8390310" lon="144.9650960">
    <ele>9.2</ele>
   </trkpt>
   <trkpt lat="-37.8390610" lon="144.9650500">
    <ele>9.2</ele>
   </trkpt>
   <trkpt lat="-37.8390880" lon="144.9650080">
    <ele>9.2</ele>
   </trkpt>
   <trkpt lat="-37.8391130" lon="144.9649570">
    <ele>9.2</ele>
   </trkpt>
   <trkpt lat="-37.8391400" lon="144.9649160">
    <ele>9.2</ele>
   </trkpt>
   <trkpt lat="-37.8391710" lon="144.9648630">
    <ele>9.2</ele>
   </trkpt>
   <trkpt lat="-37.8391980" lon="144.9648200">
    <ele>9.2</ele>
   </trkpt>
   <trkpt lat="-37.8392280" lon="144.9647660">
    <ele>9.4</ele>
   </trkpt>
   <trkpt lat="-37.8392530" lon="144.9647210">
    <ele>9.2</ele>
   </trkpt>
   <trkpt lat="-37.8392820" lon="144.9646770">
    <ele>9.2</ele>
   </trkpt>
   <trkpt lat="-37.8393070" lon="144.9646310">
    <ele>9.2</ele>
   </trkpt>
   <trkpt lat="-37.8393380" lon="144.9645950">
    <ele>9.2</ele>
   </trkpt>
   <trkpt lat="-37.8393590" lon="144.9645440">
    <ele>9.2</ele>
   </trkpt>
   <trkpt lat="-37.8393850" lon="144.9645080">
    <ele>9.0</ele>
   </trkpt>
   <trkpt lat="-37.8394120" lon="144.9644530">
    <ele>9.0</ele>
   </trkpt>
   <trkpt lat="-37.8394390" lon="144.9644130">
    <ele>9.0</ele>
   </trkpt>
   <trkpt lat="-37.8394680" lon="144.9643630">
    <ele>8.8</ele>
   </trkpt>
   <trkpt lat="-37.8394950" lon="144.9643170">
    <ele>8.6</ele>
   </trkpt>
   <trkpt lat="-37.8395250" lon="144.9642630">
    <ele>8.6</ele>
   </trkpt>
   <trkpt lat="-37.8395520" lon="144.9642190">
    <ele>8.6</ele>
   </trkpt>
   <trkpt lat="-37.8395830" lon="144.9641660">
    <ele>8.4</ele>
   </trkpt>
   <trkpt lat="-37.8396090" lon="144.9641220">
    <ele>8.4</ele>
   </trkpt>
   <trkpt lat="-37.8396360" lon="144.9640720">
    <ele>8.4</ele>
   </trkpt>
   <trkpt lat="-37.8396620" lon="144.9640270">
    <ele>8.4</ele>
   </trkpt>
   <trkpt lat="-37.8396870" lon="144.9639780">
    <ele>8.2</ele>
   </trkpt>
   <trkpt lat="-37.8397100" lon="144.9639320">
    <ele>8.2</ele>
   </trkpt>
   <trkpt lat="-37.8397420" lon="144.9638870">
    <ele>8.0</ele>
   </trkpt>
   <trkpt lat="-37.8397750" lon="144.9638410">
    <ele>7.8</ele>
   </trkpt>
   <trkpt lat="-37.8398110" lon="144.9638120">
    <ele>7.6</ele>
   </trkpt>
   <trkpt lat="-37.8398540" lon="144.9637820">
    <ele>7.4</ele>
   </trkpt>
   <trkpt lat="-37.8398890" lon="144.9637650">
    <ele>7.2</ele>
   </trkpt>
   <trkpt lat="-37.8399340" lon="144.9637430">
    <ele>7.0</ele>
   </trkpt>
   <trkpt lat="-37.8399740" lon="144.9637350">
    <ele>6.8</ele>
   </trkpt>
   <trkpt lat="-37.8400240" lon="144.9637300">
    <ele>6.8</ele>
   </trkpt>
   <trkpt lat="-37.8400680" lon="144.9637270">
    <ele>6.6</ele>
   </trkpt>
   <trkpt lat="-37.8401220" lon="144.9637260">
    <ele>6.6</ele>
   </trkpt>
   <trkpt lat="-37.8401680" lon="144.9637310">
    <ele>6.6</ele>
   </trkpt>
   <trkpt lat="-37.8402200" lon="144.9637270">
    <ele>6.4</ele>
   </trkpt>
   <trkpt lat="-37.8402630" lon="144.9637240">
    <ele>6.2</ele>
   </trkpt>
   <trkpt lat="-37.8403120" lon="144.9637200">
    <ele>6.2</ele>
   </trkpt>
   <trkpt lat="-37.8403530" lon="144.9637190">
    <ele>6.2</ele>
   </trkpt>
   <trkpt lat="-37.8404030" lon="144.9637180">
    <ele>6.2</ele>
   </trkpt>
   <trkpt lat="-37.8404510" lon="144.9637170">
    <ele>6.0</ele>
   </trkpt>
   <trkpt lat="-37.8404960" lon="144.9637200">
    <ele>5.8</ele>
   </trkpt>
   <trkpt lat="-37.8405450" lon="144.9637210">
    <ele>5.6</ele>
   </trkpt>
   <trkpt lat="-37.8405880" lon="144.9637260">
    <ele>5.4</ele>
   </trkpt>
   <trkpt lat="-37.8406350" lon="144.9637240">
    <ele>5.2</ele>
   </trkpt>
   <trkpt lat="-37.8406810" lon="144.9637320">
    <ele>5.0</ele>
   </trkpt>
   <trkpt lat="-37.8407320" lon="144.9637330">
    <ele>4.8</ele>
   </trkpt>
   <trkpt lat="-37.8407740" lon="144.9637330">
    <ele>4.6</ele>
   </trkpt>
   <trkpt lat="-37.8408290" lon="144.9637260">
    <ele>4.6</ele>
   </trkpt>
   <trkpt lat="-37.8408760" lon="144.9637270">
    <ele>4.4</ele>
   </trkpt>
   <trkpt lat="-37.8409290" lon="144.9637220">
    <ele>4.0</ele>
   </trkpt>
   <trkpt lat="-37.8409750" lon="144.9637230">
    <ele>3.8</ele>
   </trkpt>
   <trkpt lat="-37.8410270" lon="144.9637200">
    <ele>3.6</ele>
   </trkpt>
   <trkpt lat="-37.8410740" lon="144.9637220">
    <ele>3.4</ele>
   </trkpt>
   <trkpt lat="-37.8411250" lon="144.9637240">
    <ele>3.4</ele>
   </trkpt>
   <trkpt lat="-37.8411750" lon="144.9637310">
    <ele>3.2</ele>
   </trkpt>
   <trkpt lat="-37.8412230" lon="144.9637380">
    <ele>3.0</ele>
   </trkpt>
   <trkpt lat="-37.8412720" lon="144.9637360">
    <ele>2.8</ele>
   </trkpt>
   <trkpt lat="-37.8413210" lon="144.9637380">
    <ele>2.6</ele>
   </trkpt>
   <trkpt lat="-37.8413740" lon="144.9637350">
    <ele>2.4</ele>
   </trkpt>
   <trkpt lat="-37.8414260" lon="144.9637410">
    <ele>2.2</ele>
   </trkpt>
   <trkpt lat="-37.8414800" lon="144.9637390">
    <ele>1.8</ele>
   </trkpt>
   <trkpt lat="-37.8415230" lon="144.9637410">
    <ele>1.6</ele>
   </trkpt>
   <trkpt lat="-37.8415760" lon="144.9637390">
    <ele>1.4</ele>
   </trkpt>
   <trkpt lat="-37.8416220" lon="144.9637440">
    <ele>1.2</ele>
   </trkpt>
   <trkpt lat="-37.8416770" lon="144.9637310">
    <ele>1.0</ele>
   </trkpt>
   <trkpt lat="-37.8417200" lon="144.9637220">
    <ele>0.8</ele>
   </trkpt>
   <trkpt lat="-37.8417660" lon="144.9636950">
    <ele>0.6</ele>
   </trkpt>
   <trkpt lat="-37.8418020" lon="144.9636600">
    <ele>0.4</ele>
   </trkpt>
   <trkpt lat="-37.8418340" lon="144.9636160">
    <ele>0.2</ele>
   </trkpt>
   <trkpt lat="-37.8418630" lon="144.9635660">
    <ele>0.2</ele>
   </trkpt>
   <trkpt lat="-37.8418880" lon="144.9635150">
    <ele>0.0</ele>
   </trkpt>
   <trkpt lat="-37.8419010" lon="144.9634550">
    <ele>0.0</ele>
   </trkpt>
   <trkpt lat="-37.8419220" lon="144.9634040">
    <ele>-0.2</ele>
   </trkpt>
   <trkpt lat="-37.8419310" lon="144.9633390">
    <ele>-0.2</ele>
   </trkpt>
   <trkpt lat="-37.8419410" lon="144.9632840">
    <ele>-0.6</ele>
   </trkpt>
   <trkpt lat="-37.8419510" lon="144.9632200">
    <ele>-1.0</ele>
   </trkpt>
   <trkpt lat="-37.8419680" lon="144.9631730">
    <ele>-1.0</ele>
   </trkpt>
   <trkpt lat="-37.8419850" lon="144.9631050">
    <ele>-1.0</ele>
   </trkpt>
   <trkpt lat="-37.8419930" lon="144.9630590">
    <ele>-1.0</ele>
   </trkpt>
   <trkpt lat="-37.8420020" lon="144.9630010">
    <ele>-1.0</ele>
   </trkpt>
   <trkpt lat="-37.8420070" lon="144.9629550">
    <ele>-1.0</ele>
   </trkpt>
   <trkpt lat="-37.8420210" lon="144.9628980">
    <ele>-0.6</ele>
   </trkpt>
   <trkpt lat="-37.8420320" lon="144.9628450">
    <ele>-0.2</ele>
   </trkpt>
   <trkpt lat="-37.8420410" lon="144.9627830">
    <ele>0.0</ele>
   </trkpt>
   <trkpt lat="-37.8420480" lon="144.9627210">
    <ele>0.0</ele>
   </trkpt>
   <trkpt lat="-37.8420560" lon="144.9626660">
    <ele>0.0</ele>
   </trkpt>
   <trkpt lat="-37.8420590" lon="144.9626060">
    <ele>0.0</ele>
   </trkpt>
   <trkpt lat="-37.8420700" lon="144.9625500">
    <ele>-0.2</ele>
   </trkpt>
   <trkpt lat="-37.8420770" lon="144.9624840">
    <ele>-0.2</ele>
   </trkpt>
   <trkpt lat="-37.8420910" lon="144.9624320">
    <ele>0.0</ele>
   </trkpt>
   <trkpt lat="-37.8421110" lon="144.9623670">
    <ele>0.0</ele>
   </trkpt>
   <trkpt lat="-37.8421310" lon="144.9623110">
    <ele>0.0</ele>
   </trkpt>
   <trkpt lat="-37.8421660" lon="144.9622520">
    <ele>0.0</ele>
   </trkpt>
   <trkpt lat="-37.8422030" lon="144.9622170">
    <ele>0.0</ele>
   </trkpt>
   <trkpt lat="-37.8422570" lon="144.9621950">
    <ele>-0.2</ele>
   </trkpt>
   <trkpt lat="-37.8423020" lon="144.9621950">
    <ele>-0.2</ele>
   </trkpt>
   <trkpt lat="-37.8423550" lon="144.9622090">
    <ele>-0.2</ele>
   </trkpt>
   <trkpt lat="-37.8423980" lon="144.9622260">
    <ele>-0.2</ele>
   </trkpt>
   <trkpt lat="-37.8424500" lon="144.9622460">
    <ele>-0.2</ele>
   </trkpt>
   <trkpt lat="-37.8424930" lon="144.9622680">
    <ele>-0.4</ele>
   </trkpt>
   <trkpt lat="-37.8425440" lon="144.9622950">
    <ele>-0.4</ele>
   </trkpt>
   <trkpt lat="-37.8425840" lon="144.9623190">
    <ele>-0.4</ele>
   </trkpt>
   <trkpt lat="-37.8426280" lon="144.9623470">
    <ele>-0.4</ele>
   </trkpt>
   <trkpt lat="-37.8426690" lon="144.9623740">
    <ele>-0.4</ele>
   </trkpt>
   <trkpt lat="-37.8427120" lon="144.9624020">
    <ele>-0.4</ele>
   </trkpt>
   <trkpt lat="-37.8427540" lon="144.9624300">
    <ele>-0.4</ele>
   </trkpt>
   <trkpt lat="-37.8427930" lon="144.9624570">
    <ele>-0.4</ele>
   </trkpt>
   <trkpt lat="-37.8428350" lon="144.9624840">
    <ele>-0.6</ele>
   </trkpt>
   <trkpt lat="-37.8428740" lon="144.9625150">
    <ele>-0.6</ele>
   </trkpt>
   <trkpt lat="-37.8429340" lon="144.9625350">
    <ele>-0.8</ele>
   </trkpt>
   <trkpt lat="-37.8429670" lon="144.9625680">
    <ele>-0.8</ele>
   </trkpt>
   <trkpt lat="-37.8430090" lon="144.9626000">
    <ele>-1.0</ele>
   </trkpt>
   <trkpt lat="-37.8430410" lon="144.9626290">
    <ele>-1.2</ele>
   </trkpt>
   <trkpt lat="-37.8430910" lon="144.9626620">
    <ele>-1.4</ele>
   </trkpt>
   <trkpt lat="-37.8431260" lon="144.9626940">
    <ele>-1.6</ele>
   </trkpt>
   <trkpt lat="-37.8431780" lon="144.9627320">
    <ele>-2.0</ele>
   </trkpt>
   <trkpt lat="-37.8432170" lon="144.9627670">
    <ele>-2.2</ele>
   </trkpt>
   <trkpt lat="-37.8432540" lon="144.9627960">
    <ele>-2.2</ele>
   </trkpt>
   <trkpt lat="-37.8432900" lon="144.9628260">
    <ele>-2.4</ele>
   </trkpt>
   <trkpt lat="-37.8433300" lon="144.9628570">
    <ele>-2.4</ele>
   </trkpt>
   <trkpt lat="-37.8433710" lon="144.9628860">
    <ele>-2.6</ele>
   </trkpt>
   <trkpt lat="-37.8434080" lon="144.9629160">
    <ele>-2.6</ele>
   </trkpt>
   <trkpt lat="-37.8434540" lon="144.9629480">
    <ele>-2.6</ele>
   </trkpt>
   <trkpt lat="-37.8434890" lon="144.9629800">
    <ele>-2.6</ele>
   </trkpt>
   <trkpt lat="-37.8435320" lon="144.9630070">
    <ele>-2.6</ele>
   </trkpt>
   <trkpt lat="-37.8435680" lon="144.9630400">
    <ele>-2.6</ele>
   </trkpt>
   <trkpt lat="-37.8436150" lon="144.9630680">
    <ele>-2.8</ele>
   </trkpt>
   <trkpt lat="-37.8436580" lon="144.9630960">
    <ele>-2.8</ele>
   </trkpt>
   <trkpt lat="-37.8437050" lon="144.9631250">
    <ele>-2.8</ele>
   </trkpt>
   <trkpt lat="-37.8437330" lon="144.9631610">
    <ele>-2.8</ele>
   </trkpt>
   <trkpt lat="-37.8437710" lon="144.9631950">
    <ele>-2.8</ele>
   </trkpt>
   <trkpt lat="-37.8438060" lon="144.9632280">
    <ele>-2.8</ele>
   </trkpt>
   <trkpt lat="-37.8438520" lon="144.9632630">
    <ele>-2.8</ele>
   </trkpt>
   <trkpt lat="-37.8438870" lon="144.9632950">
    <ele>-2.8</ele>
   </trkpt>
   <trkpt lat="-37.8439270" lon="144.9633290">
    <ele>-2.8</ele>
   </trkpt>
   <trkpt lat="-37.8439640" lon="144.9633560">
    <ele>-3.0</ele>
   </trkpt>
   <trkpt lat="-37.8440020" lon="144.9633860">
    <ele>-3.0</ele>
   </trkpt>
   <trkpt lat="-37.8440420" lon="144.9634150">
    <ele>-3.2</ele>
   </trkpt>
   <trkpt lat="-37.8440830" lon="144.9634530">
    <ele>-3.2</ele>
   </trkpt>
   <trkpt lat="-37.8441260" lon="144.9634840">
    <ele>-3.4</ele>
   </trkpt>
   <trkpt lat="-37.8441640" lon="144.9635170">
    <ele>-3.4</ele>
   </trkpt>
   <trkpt lat="-37.8442040" lon="144.9635500">
    <ele>-3.4</ele>
   </trkpt>
   <trkpt lat="-37.8442400" lon="144.9635820">
    <ele>-3.4</ele>
   </trkpt>
   <trkpt lat="-37.8442820" lon="144.9636110">
    <ele>-3.4</ele>
   </trkpt>
   <trkpt lat="-37.8443180" lon="144.9636470">
    <ele>-3.4</ele>
   </trkpt>
   <trkpt lat="-37.8443610" lon="144.9636770">
    <ele>-3.6</ele>
   </trkpt>
   <trkpt lat="-37.8443960" lon="144.9637150">
    <ele>-3.6</ele>
   </trkpt>
   <trkpt lat="-37.8444370" lon="144.9637490">
    <ele>-3.6</ele>
   </trkpt>
   <trkpt lat="-37.8444710" lon="144.9637840">
    <ele>-3.6</ele>
   </trkpt>
   <trkpt lat="-37.8445160" lon="144.9638200">
    <ele>-3.6</ele>
   </trkpt>
   <trkpt lat="-37.8445440" lon="144.9638530">
    <ele>-3.4</ele>
   </trkpt>
   <trkpt lat="-37.8445890" lon="144.9638890">
    <ele>-3.4</ele>
   </trkpt>
   <trkpt lat="-37.8446170" lon="144.9639230">
    <ele>-3.2</ele>
   </trkpt>
   <trkpt lat="-37.8446570" lon="144.9639610">
    <ele>-3.2</ele>
   </trkpt>
   <trkpt lat="-37.8446860" lon="144.9639980">
    <ele>-3.2</ele>
   </trkpt>
   <trkpt lat="-37.8447220" lon="144.9640390">
    <ele>-3.2</ele>
   </trkpt>
   <trkpt lat="-37.8447550" lon="144.9640760">
    <ele>-3.2</ele>
   </trkpt>
   <trkpt lat="-37.8447870" lon="144.9641130">
    <ele>-3.0</ele>
   </trkpt>
   <trkpt lat="-37.8448230" lon="144.9641480">
    <ele>-3.0</ele>
   </trkpt>
   <trkpt lat="-37.8448520" lon="144.9641830">
    <ele>-2.8</ele>
   </trkpt>
   <trkpt lat="-37.8448910" lon="144.9642180">
    <ele>-2.8</ele>
   </trkpt>
   <trkpt lat="-37.8449180" lon="144.9642570">
    <ele>-2.8</ele>
   </trkpt>
   <trkpt lat="-37.8449600" lon="144.9642930">
    <ele>-2.8</ele>
   </trkpt>
   <trkpt lat="-37.8449890" lon="144.9643300">
    <ele>-2.8</ele>
   </trkpt>
   <trkpt lat="-37.8450310" lon="144.9643660">
    <ele>-3.0</ele>
   </trkpt>
   <trkpt lat="-37.8450610" lon="144.9643990">
    <ele>-3.0</ele>
   </trkpt>
   <trkpt lat="-37.8451050" lon="144.9644390">
    <ele>-3.0</ele>
   </trkpt>
   <trkpt lat="-37.8451320" lon="144.9644780">
    <ele>-3.0</ele>
   </trkpt>
   <trkpt lat="-37.8451660" lon="144.9645120">
    <ele>-3.0</ele>
   </trkpt>
   <trkpt lat="-37.8451940" lon="144.9645440">
    <ele>-3.2</ele>
   </trkpt>
   <trkpt lat="-37.8452330" lon="144.9645840">
    <ele>-3.4</ele>
   </trkpt>
   <trkpt lat="-37.8452620" lon="144.9646190">
    <ele>-3.4</ele>
   </trkpt>
   <trkpt lat="-37.8452930" lon="144.9646580">
    <ele>-3.6</ele>
   </trkpt>
   <trkpt lat="-37.8453240" lon="144.9646950">
    <ele>-3.8</ele>
   </trkpt>
   <trkpt lat="-37.8453540" lon="144.9647340">
    <ele>-3.8</ele>
   </trkpt>
   <trkpt lat="-37.8453920" lon="144.9647720">
    <ele>-4.0</ele>
   </trkpt>
   <trkpt lat="-37.8454230" lon="144.9648080">
    <ele>-4.0</ele>
   </trkpt>
   <trkpt lat="-37.8454640" lon="144.9648450">
    <ele>-4.0</ele>
   </trkpt>
   <trkpt lat="-37.8454910" lon="144.9648780">
    <ele>-4.2</ele>
   </trkpt>
   <trkpt lat="-37.8455280" lon="144.9649220">
    <ele>-4.4</ele>
   </trkpt>
   <trkpt lat="-37.8455510" lon="144.9649540">
    <ele>-4.6</ele>
   </trkpt>
   <trkpt lat="-37.8455910" lon="144.9649940">
    <ele>-4.8</ele>
   </trkpt>
   <trkpt lat="-37.8456170" lon="144.9650290">
    <ele>-5.0</ele>
   </trkpt>
   <trkpt lat="-37.8456540" lon="144.9650730">
    <ele>-5.2</ele>
   </trkpt>
   <trkpt lat="-37.8456820" lon="144.9651180">
    <ele>-5.2</ele>
   </trkpt>
   <trkpt lat="-37.8457180" lon="144.9651620">
    <ele>-5.2</ele>
   </trkpt>
   <trkpt lat="-37.8457520" lon="144.9652050">
    <ele>-5.0</ele>
   </trkpt>
   <trkpt lat="-37.8457820" lon="144.9652530">
    <ele>-5.0</ele>
   </trkpt>
   <trkpt lat="-37.8458130" lon="144.9652940">
    <ele>-5.0</ele>
   </trkpt>
   <trkpt lat="-37.8458460" lon="144.9653380">
    <ele>-5.0</ele>
   </trkpt>
   <trkpt lat="-37.8458780" lon="144.9653810">
    <ele>-5.0</ele>
   </trkpt>
   <trkpt lat="-37.8459070" lon="144.9654260">
    <ele>-5.0</ele>
   </trkpt>
   <trkpt lat="-37.8459430" lon="144.9654670">
    <ele>-5.0</ele>
   </trkpt>
   <trkpt lat="-37.8459730" lon="144.9655130">
    <ele>-5.0</ele>
   </trkpt>
   <trkpt lat="-37.8460050" lon="144.9655630">
    <ele>-5.0</ele>
   </trkpt>
   <trkpt lat="-37.8460280" lon="144.9656020">
    <ele>-5.2</ele>
   </trkpt>
   <trkpt lat="-37.8460620" lon="144.9656480">
    <ele>-5.4</ele>
   </trkpt>
   <trkpt lat="-37.8460910" lon="144.9656910">
    <ele>-5.4</ele>
   </trkpt>
   <trkpt lat="-37.8461330" lon="144.9657400">
    <ele>-5.6</ele>
   </trkpt>
   <trkpt lat="-37.8461610" lon="144.9657820">
    <ele>-5.6</ele>
   </trkpt>
   <trkpt lat="-37.8462000" lon="144.9658270">
    <ele>-5.4</ele>
   </trkpt>
   <trkpt lat="-37.8462320" lon="144.9658690">
    <ele>-5.2</ele>
   </trkpt>
   <trkpt lat="-37.8462670" lon="144.9659120">
    <ele>-5.2</ele>
   </trkpt>
   <trkpt lat="-37.8463010" lon="144.9659480">
    <ele>-5.2</ele>
   </trkpt>
   <trkpt lat="-37.8463340" lon="144.9659830">
    <ele>-5.4</ele>
   </trkpt>
   <trkpt lat="-37.8463760" lon="144.9660130">
    <ele>-5.6</ele>
   </trkpt>
   <trkpt lat="-37.8464100" lon="144.9660470">
    <ele>-5.8</ele>
   </trkpt>
   <trkpt lat="-37.8464530" lon="144.9660750">
    <ele>-6.0</ele>
   </trkpt>
   <trkpt lat="-37.8464910" lon="144.9661050">
    <ele>-6.2</ele>
   </trkpt>
   <trkpt lat="-37.8465410" lon="144.9661290">
    <ele>-6.2</ele>
   </trkpt>
   <trkpt lat="-37.8465830" lon="144.9661530">
    <ele>-6.2</ele>
   </trkpt>
   <trkpt lat="-37.8466350" lon="144.9661710">
    <ele>-6.2</ele>
   </trkpt>
   <trkpt lat="-37.8466770" lon="144.9661910">
    <ele>-6.2</ele>
   </trkpt>
   <trkpt lat="-37.8467310" lon="144.9662070">
    <ele>-6.4</ele>
   </trkpt>
   <trkpt lat="-37.8467750" lon="144.9662270">
    <ele>-6.4</ele>
   </trkpt>
   <trkpt lat="-37.8468320" lon="144.9662340">
    <ele>-6.6</ele>
   </trkpt>
   <trkpt lat="-37.8468740" lon="144.9662450">
    <ele>-6.6</ele>
   </trkpt>
   <trkpt lat="-37.8469290" lon="144.9662470">
    <ele>-6.8</ele>
   </trkpt>
   <trkpt lat="-37.8469690" lon="144.9662520">
    <ele>-7.0</ele>
   </trkpt>
   <trkpt lat="-37.8470200" lon="144.9662460">
    <ele>-7.2</ele>
   </trkpt>
   <trkpt lat="-37.8470650" lon="144.9662390">
    <ele>-7.2</ele>
   </trkpt>
   <trkpt lat="-37.8471180" lon="144.9662340">
    <ele>-7.4</ele>
   </trkpt>
   <trkpt lat="-37.8471640" lon="144.9662250">
    <ele>-7.6</ele>
   </trkpt>
   <trkpt lat="-37.8472120" lon="144.9662100">
    <ele>-7.8</ele>
   </trkpt>
   <trkpt lat="-37.8472590" lon="144.9661920">
    <ele>-8.0</ele>
   </trkpt>
   <trkpt lat="-37.8473060" lon="144.9661800">
    <ele>-8.2</ele>
   </trkpt>
   <trkpt lat="-37.8473530" lon="144.9661600">
    <ele>-8.4</ele>
   </trkpt>
   <trkpt lat="-37.8473990" lon="144.9661450">
    <ele>-8.6</ele>
   </trkpt>
   <trkpt lat="-37.8474460" lon="144.9661160">
    <ele>-8.8</ele>
   </trkpt>
   <trkpt lat="-37.8474930" lon="144.9660960">
    <ele>-9.0</ele>
   </trkpt>
   <trkpt lat="-37.8475450" lon="144.9660650">
    <ele>-9.2</ele>
   </trkpt>
   <trkpt lat="-37.8475940" lon="144.9660540">
    <ele>-9.6</ele>
   </trkpt>
   <trkpt lat="-37.8476510" lon="144.9660520">
    <ele>-9.8</ele>
   </trkpt>
   <trkpt lat="-37.8476890" lon="144.9660670">
    <ele>-10.2</ele>
   </trkpt>
   <trkpt lat="-37.8477380" lon="144.9660880">
    <ele>-10.4</ele>
   </trkpt>
   <trkpt lat="-37.8477730" lon="144.9661130">
    <ele>-10.6</ele>
   </trkpt>
   <trkpt lat="-37.8478190" lon="144.9661420">
    <ele>-11.0</ele>
   </trkpt>
   <trkpt lat="-37.8478520" lon="144.9661740">
    <ele>-11.2</ele>
   </trkpt>
   <trkpt lat="-37.8478930" lon="144.9662100">
    <ele>-11.4</ele>
   </trkpt>
   <trkpt lat="-37.8479230" lon="144.9662420">
    <ele>-11.4</ele>
   </trkpt>
   <trkpt lat="-37.8479620" lon="144.9662820">
    <ele>-11.6</ele>
   </trkpt>
   <trkpt lat="-37.8479940" lon="144.9663190">
    <ele>-11.8</ele>
   </trkpt>
   <trkpt lat="-37.8480300" lon="144.9663620">
    <ele>-11.8</ele>
   </trkpt>
   <trkpt lat="-37.8480630" lon="144.9664000">
    <ele>-12.0</ele>
   </trkpt>
   <trkpt lat="-37.8480980" lon="144.9664420">
    <ele>-12.0</ele>
   </trkpt>
   <trkpt lat="-37.8481330" lon="144.9664810">
    <ele>-12.2</ele>
   </trkpt>
   <trkpt lat="-37.8481620" lon="144.9665220">
    <ele>-12.4</ele>
   </trkpt>
   <trkpt lat="-37.8481950" lon="144.9665590">
    <ele>-12.6</ele>
   </trkpt>
   <trkpt lat="-37.8482230" lon="144.9665960">
    <ele>-12.8</ele>
   </trkpt>
   <trkpt lat="-37.8482620" lon="144.9666300">
    <ele>-13.0</ele>
   </trkpt>
   <trkpt lat="-37.8482880" lon="144.9666650">
    <ele>-13.2</ele>
   </trkpt>
   <trkpt lat="-37.8483250" lon="144.9667030">
    <ele>-13.2</ele>
   </trkpt>
   <trkpt lat="-37.8483540" lon="144.9667400">
    <ele>-13.2</ele>
   </trkpt>
   <trkpt lat="-37.8484000" lon="144.9667850">
    <ele>-13.4</ele>
   </trkpt>
   <trkpt lat="-37.8484290" lon="144.9668220">
    <ele>-13.4</ele>
   </trkpt>
   <trkpt lat="-37.8484730" lon="144.9668690">
    <ele>-13.4</ele>
   </trkpt>
   <trkpt lat="-37.8485040" lon="144.9669070">
    <ele>-13.6</ele>
   </trkpt>
   <trkpt lat="-37.8485360" lon="144.9669520">
    <ele>-13.8</ele>
   </trkpt>
   <trkpt lat="-37.8485610" lon="144.9669860">
    <ele>-14.0</ele>
   </trkpt>
   <trkpt lat="-37.8485900" lon="144.9670250">
    <ele>-14.2</ele>
   </trkpt>
   <trkpt lat="-37.8486190" lon="144.9670570">
    <ele>-14.4</ele>
   </trkpt>
   <trkpt lat="-37.8486490" lon="144.9670950">
    <ele>-14.4</ele>
   </trkpt>
   <trkpt lat="-37.8486850" lon="144.9671320">
    <ele>-14.4</ele>
   </trkpt>
   <trkpt lat="-37.8487140" lon="144.9671680">
    <ele>-14.6</ele>
   </trkpt>
   <trkpt lat="-37.8487500" lon="144.9672080">
    <ele>-14.8</ele>
   </trkpt>
   <trkpt lat="-37.8487740" lon="144.9672470">
    <ele>-14.8</ele>
   </trkpt>
   <trkpt lat="-37.8488160" lon="144.9672910">
    <ele>-14.8</ele>
   </trkpt>
   <trkpt lat="-37.8488470" lon="144.9673320">
    <ele>-14.8</ele>
   </trkpt>
   <trkpt lat="-37.8488870" lon="144.9673750">
    <ele>-14.6</ele>
   </trkpt>
   <trkpt lat="-37.8489180" lon="144.9674150">
    <ele>-14.4</ele>
   </trkpt>
   <trkpt lat="-37.8489580" lon="144.9674640">
    <ele>-14.2</ele>
   </trkpt>
   <trkpt lat="-37.8489860" lon="144.9675000">
    <ele>-14.2</ele>
   </trkpt>
   <trkpt lat="-37.8490160" lon="144.9675410">
    <ele>-14.4</ele>
   </trkpt>
   <trkpt lat="-37.8490470" lon="144.9675810">
    <ele>-14.4</ele>
   </trkpt>
   <trkpt lat="-37.8490770" lon="144.9676260">
    <ele>-14.4</ele>
   </trkpt>
   <trkpt lat="-37.8491090" lon="144.9676670">
    <ele>-14.4</ele>
   </trkpt>
   <trkpt lat="-37.8491370" lon="144.9677120">
    <ele>-14.4</ele>
   </trkpt>
   <trkpt lat="-37.8491690" lon="144.9677500">
    <ele>-14.4</ele>
   </trkpt>
   <trkpt lat="-37.8491930" lon="144.9677860">
    <ele>-14.4</ele>
   </trkpt>
   <trkpt lat="-37.8492310" lon="144.9678280">
    <ele>-14.4</ele>
   </trkpt>
   <trkpt lat="-37.8492570" lon="144.9678640">
    <ele>-14.4</ele>
   </trkpt>
   <trkpt lat="-37.8493030" lon="144.9679060">
    <ele>-14.4</ele>
   </trkpt>
   <trkpt lat="-37.8493320" lon="144.9679410">
    <ele>-14.2</ele>
   </trkpt>
   <trkpt lat="-37.8493690" lon="144.9679800">
    <ele>-14.0</ele>
   </trkpt>
   <trkpt lat="-37.8493960" lon="144.9680200">
    <ele>-14.0</ele>
   </trkpt>
   <trkpt lat="-37.8494350" lon="144.9680600">
    <ele>-13.8</ele>
   </trkpt>
   <trkpt lat="-37.8494650" lon="144.9681010">
    <ele>-13.8</ele>
   </trkpt>
   <trkpt lat="-37.8495030" lon="144.9681480">
    <ele>-13.8</ele>
   </trkpt>
   <trkpt lat="-37.8495320" lon="144.9681880">
    <ele>-13.8</ele>
   </trkpt>
   <trkpt lat="-37.8495610" lon="144.9682320">
    <ele>-13.8</ele>
   </trkpt>
   <trkpt lat="-37.8495900" lon="144.9682740">
    <ele>-13.8</ele>
   </trkpt>
   <trkpt lat="-37.8496200" lon="144.9683210">
    <ele>-13.6</ele>
   </trkpt>
   <trkpt lat="-37.8496560" lon="144.9683690">
    <ele>-13.4</ele>
   </trkpt>
   <trkpt lat="-37.8496890" lon="144.9684170">
    <ele>-13.4</ele>
   </trkpt>
   <trkpt lat="-37.8497250" lon="144.9684570">
    <ele>-13.4</ele>
   </trkpt>
   <trkpt lat="-37.8497540" lon="144.9684960">
    <ele>-13.2</ele>
   </trkpt>
   <trkpt lat="-37.8497880" lon="144.9685290">
    <ele>-13.4</ele>
   </trkpt>
   <trkpt lat="-37.8498110" lon="144.9685630">
    <ele>-13.6</ele>
   </trkpt>
   <trkpt lat="-37.8498500" lon="144.9686030">
    <ele>-13.6</ele>
   </trkpt>
   <trkpt lat="-37.8498760" lon="144.9686410">
    <ele>-13.8</ele>
   </trkpt>
   <trkpt lat="-37.8499140" lon="144.9686900">
    <ele>-13.8</ele>
   </trkpt>
   <trkpt lat="-37.8499430" lon="144.9687290">
    <ele>-13.8</ele>
   </trkpt>
   <trkpt lat="-37.8499760" lon="144.9687750">
    <ele>-13.8</ele>
   </trkpt>
   <trkpt lat="-37.8500050" lon="144.9688140">
    <ele>-13.8</ele>
   </trkpt>
   <trkpt lat="-37.8500310" lon="144.9688590">
    <ele>-14.0</ele>
   </trkpt>
   <trkpt lat="-37.8500660" lon="144.9689030">
    <ele>-14.2</ele>
   </trkpt>
   <trkpt lat="-37.8500950" lon="144.9689440">
    <ele>-14.2</ele>
   </trkpt>
   <trkpt lat="-37.8501360" lon="144.9689830">
    <ele>-14.2</ele>
   </trkpt>
   <trkpt lat="-37.8501640" lon="144.9690230">
    <ele>-14.4</ele>
   </trkpt>
   <trkpt lat="-37.8501970" lon="144.9690670">
    <ele>-14.4</ele>
   </trkpt>
   <trkpt lat="-37.8502200" lon="144.9691020">
    <ele>-14.2</ele>
   </trkpt>
   <trkpt lat="-37.8502590" lon="144.9691480">
    <ele>-14.2</ele>
   </trkpt>
   <trkpt lat="-37.8502830" lon="144.9691870">
    <ele>-14.2</ele>
   </trkpt>
   <trkpt lat="-37.8503280" lon="144.9692370">
    <ele>-14.2</ele>
   </trkpt>
   <trkpt lat="-37.8503540" lon="144.9692720">
    <ele>-14.2</ele>
   </trkpt>
   <trkpt lat="-37.8503910" lon="144.9693150">
    <ele>-14.0</ele>
   </trkpt>
   <trkpt lat="-37.8504170" lon="144.9693510">
    <ele>-14.0</ele>
   </trkpt>
   <trkpt lat="-37.8504520" lon="144.9693910">
    <ele>-13.8</ele>
   </trkpt>
   <trkpt lat="-37.8504830" lon="144.9694290">
    <ele>-13.6</ele>
   </trkpt>
   <trkpt lat="-37.8505150" lon="144.9694700">
    <ele>-13.4</ele>
   </trkpt>
   <trkpt lat="-37.8505450" lon="144.9695120">
    <ele>-13.4</ele>
   </trkpt>
   <trkpt lat="-37.8505750" lon="144.9695520">
    <ele>-13.2</ele>
   </trkpt>
   <trkpt lat="-37.8506150" lon="144.9695900">
    <ele>-13.2</ele>
   </trkpt>
   <trkpt lat="-37.8506450" lon="144.9696240">
    <ele>-13.2</ele>
   </trkpt>
   <trkpt lat="-37.8506840" lon="144.9696640">
    <ele>-13.2</ele>
   </trkpt>
   <trkpt lat="-37.8507150" lon="144.9697030">
    <ele>-13.0</ele>
   </trkpt>
   <trkpt lat="-37.8507550" lon="144.9697430">
    <ele>-13.0</ele>
   </trkpt>
   <trkpt lat="-37.8507850" lon="144.9697790">
    <ele>-13.0</ele>
   </trkpt>
   <trkpt lat="-37.8508250" lon="144.9698230">
    <ele>-13.2</ele>
   </trkpt>
   <trkpt lat="-37.8508540" lon="144.9698630">
    <ele>-13.4</ele>
   </trkpt>
   <trkpt lat="-37.8508890" lon="144.9699050">
    <ele>-13.6</ele>
   </trkpt>
   <trkpt lat="-37.8509180" lon="144.9699470">
    <ele>-13.6</ele>
   </trkpt>
   <trkpt lat="-37.8509490" lon="144.9699920">
    <ele>-13.6</ele>
   </trkpt>
   <trkpt lat="-37.8509800" lon="144.9700340">
    <ele>-13.4</ele>
   </trkpt>
   <trkpt lat="-37.8510120" lon="144.9700760">
    <ele>-13.2</ele>
   </trkpt>
   <trkpt lat="-37.8510500" lon="144.9701120">
    <ele>-13.0</ele>
   </trkpt>
   <trkpt lat="-37.8510770" lon="144.9701500">
    <ele>-13.0</ele>
   </trkpt>
   <trkpt lat="-37.8511130" lon="144.9701950">
    <ele>-13.0</ele>
   </trkpt>
   <trkpt lat="-37.8511340" lon="144.9702370">
    <ele>-13.0</ele>
   </trkpt>
   <trkpt lat="-37.8511680" lon="144.9702880">
    <ele>-13.2</ele>
   </trkpt>
   <trkpt lat="-37.8511920" lon="144.9703300">
    <ele>-13.2</ele>
   </trkpt>
   <trkpt lat="-37.8512270" lon="144.9703780">
    <ele>-13.2</ele>
   </trkpt>
   <trkpt lat="-37.8512490" lon="144.9704180">
    <ele>-13.0</ele>
   </trkpt>
   <trkpt lat="-37.8512780" lon="144.9704660">
    <ele>-12.8</ele>
   </trkpt>
   <trkpt lat="-37.8513060" lon="144.9705070">
    <ele>-12.6</ele>
   </trkpt>
   <trkpt lat="-37.8513350" lon="144.9705490">
    <ele>-12.4</ele>
   </trkpt>
   <trkpt lat="-37.8513680" lon="144.9705940">
    <ele>-12.4</ele>
   </trkpt>
   <trkpt lat="-37.8514020" lon="144.9706360">
    <ele>-12.6</ele>
   </trkpt>
   <trkpt lat="-37.8514370" lon="144.9706800">
    <ele>-12.6</ele>
   </trkpt>
   <trkpt lat="-37.8514680" lon="144.9707190">
    <ele>-12.8</ele>
   </trkpt>
   <trkpt lat="-37.8515090" lon="144.9707630">
    <ele>-12.8</ele>
   </trkpt>
   <trkpt lat="-37.8515370" lon="144.9708030">
    <ele>-12.8</ele>
   </trkpt>
   <trkpt lat="-37.8515820" lon="144.9708510">
    <ele>-12.8</ele>
   </trkpt>
   <trkpt lat="-37.8516110" lon="144.9708860">
    <ele>-12.6</ele>
   </trkpt>
   <trkpt lat="-37.8516550" lon="144.9709340">
    <ele>-12.2</ele>
   </trkpt>
   <trkpt lat="-37.8516830" lon="144.9709730">
    <ele>-12.0</ele>
   </trkpt>
   <trkpt lat="-37.8517210" lon="144.9710180">
    <ele>-11.8</ele>
   </trkpt>
   <trkpt lat="-37.8517530" lon="144.9710530">
    <ele>-11.6</ele>
   </trkpt>
   <trkpt lat="-37.8517950" lon="144.9710930">
    <ele>-11.4</ele>
   </trkpt>
   <trkpt lat="-37.8518340" lon="144.9711280">
    <ele>-11.4</ele>
   </trkpt>
   <trkpt lat="-37.8518720" lon="144.9711660">
    <ele>-11.2</ele>
   </trkpt>
   <trkpt lat="-37.8519070" lon="144.9712040">
    <ele>-11.2</ele>
   </trkpt>
   <trkpt lat="-37.8519390" lon="144.9712470">
    <ele>-11.2</ele>
   </trkpt>
   <trkpt lat="-37.8519770" lon="144.9712820">
    <ele>-11.0</ele>
   </trkpt>
   <trkpt lat="-37.8520050" lon="144.9713170">
    <ele>-11.0</ele>
   </trkpt>
   <trkpt lat="-37.8520470" lon="144.9713510">
    <ele>-10.8</ele>
   </trkpt>
   <trkpt lat="-37.8520730" lon="144.9713870">
    <ele>-10.8</ele>
   </trkpt>
   <trkpt lat="-37.8521160" lon="144.9714300">
    <ele>-10.8</ele>
   </trkpt>
   <trkpt lat="-37.8521400" lon="144.9714700">
    <ele>-10.8</ele>
   </trkpt>
   <trkpt lat="-37.8521840" lon="144.9715110">
    <ele>-10.6</ele>
   </trkpt>
   <trkpt lat="-37.8522120" lon="144.9715460">
    <ele>-10.8</ele>
   </trkpt>
   <trkpt lat="-37.8522530" lon="144.9715870">
    <ele>-10.8</ele>
   </trkpt>
   <trkpt lat="-37.8522810" lon="144.9716220">
    <ele>-10.8</ele>
   </trkpt>
   <trkpt lat="-37.8523160" lon="144.9716650">
    <ele>-11.0</ele>
   </trkpt>
   <trkpt lat="-37.8523460" lon="144.9717010">
    <ele>-11.2</ele>
   </trkpt>
   <trkpt lat="-37.8523750" lon="144.9717460">
    <ele>-11.2</ele>
   </trkpt>
   <trkpt lat="-37.8524070" lon="144.9717860">
    <ele>-11.6</ele>
   </trkpt>
   <trkpt lat="-37.8524320" lon="144.9718240">
    <ele>-11.6</ele>
   </trkpt>
   <trkpt lat="-37.8524680" lon="144.9718640">
    <ele>-11.2</ele>
   </trkpt>
   <trkpt lat="-37.8524910" lon="144.9719040">
    <ele>-10.4</ele>
   </trkpt>
   <trkpt lat="-37.8525300" lon="144.9719460">
    <ele>-9.8</ele>
   </trkpt>
   <trkpt lat="-37.8525600" lon="144.9719890">
    <ele>-9.4</ele>
   </trkpt>
   <trkpt lat="-37.8526020" lon="144.9720360">
    <ele>-9.4</ele>
   </trkpt>
   <trkpt lat="-37.8526320" lon="144.9720750">
    <ele>-9.6</ele>
   </trkpt>
   <trkpt lat="-37.8526740" lon="144.9721240">
    <ele>-10.2</ele>
   </trkpt>
   <trkpt lat="-37.8526960" lon="144.9721630">
    <ele>-10.4</ele>
   </trkpt>
   <trkpt lat="-37.8527350" lon="144.9722120">
    <ele>-10.6</ele>
   </trkpt>
   <trkpt lat="-37.8527610" lon="144.9722490">
    <ele>-10.6</ele>
   </trkpt>
   <trkpt lat="-37.8527970" lon="144.9722950">
    <ele>-10.8</ele>
   </trkpt>
   <trkpt lat="-37.8528210" lon="144.9723380">
    <ele>-11.0</ele>
   </trkpt>
   <trkpt lat="-37.8528490" lon="144.9723950">
    <ele>-11.2</ele>
   </trkpt>
   <trkpt lat="-37.8528700" lon="144.9724440">
    <ele>-11.4</ele>
   </trkpt>
   <trkpt lat="-37.8528980" lon="144.9725040">
    <ele>-11.6</ele>
   </trkpt>
   <trkpt lat="-37.8529100" lon="144.9725550">
    <ele>-11.6</ele>
   </trkpt>
   <trkpt lat="-37.8529270" lon="144.9726190">
    <ele>-11.8</ele>
   </trkpt>
   <trkpt lat="-37.8529370" lon="144.9726740">
    <ele>-12.0</ele>
   </trkpt>
   <trkpt lat="-37.8529420" lon="144.9727430">
    <ele>-12.2</ele>
   </trkpt>
   <trkpt lat="-37.8529390" lon="144.9728030">
    <ele>-12.2</ele>
   </trkpt>
   <trkpt lat="-37.8529280" lon="144.9728750">
    <ele>-12.6</ele>
   </trkpt>
   <trkpt lat="-37.8529130" lon="144.9729360">
    <ele>-12.6</ele>
   </trkpt>
   <trkpt lat="-37.8528920" lon="144.9730050">
    <ele>-12.6</ele>
   </trkpt>
   <trkpt lat="-37.8528750" lon="144.9730620">
    <ele>-12.4</ele>
   </trkpt>
   <trkpt lat="-37.8528530" lon="144.9731140">
    <ele>-12.4</ele>
   </trkpt>
   <trkpt lat="-37.8528320" lon="144.9731720">
    <ele>-12.0</ele>
   </trkpt>
   <trkpt lat="-37.8528010" lon="144.9732240">
    <ele>-12.0</ele>
   </trkpt>
   <trkpt lat="-37.8527660" lon="144.9732860">
    <ele>-11.6</ele>
   </trkpt>
   <trkpt lat="-37.8527330" lon="144.9733320">
    <ele>-11.4</ele>
   </trkpt>
   <trkpt lat="-37.8526940" lon="144.9733930">
    <ele>-11.0</ele>
   </trkpt>
   <trkpt lat="-37.8526640" lon="144.9734290">
    <ele>-10.4</ele>
   </trkpt>
   <trkpt lat="-37.8526250" lon="144.9734820">
    <ele>-9.8</ele>
   </trkpt>
   <trkpt lat="-37.8525960" lon="144.9735200">
    <ele>-9.0</ele>
   </trkpt>
   <trkpt lat="-37.8525600" lon="144.9735610">
    <ele>-8.6</ele>
   </trkpt>
   <trkpt lat="-37.8525290" lon="144.9735950">
    <ele>-8.4</ele>
   </trkpt>
   <trkpt lat="-37.8524910" lon="144.9736320">
    <ele>-8.2</ele>
   </trkpt>
   <trkpt lat="-37.8524570" lon="144.9736740">
    <ele>-7.8</ele>
   </trkpt>
   <trkpt lat="-37.8524230" lon="144.9737050">
    <ele>-6.8</ele>
   </trkpt>
   <trkpt lat="-37.8523820" lon="144.9737440">
    <ele>-6.6</ele>
   </trkpt>
   <trkpt lat="-37.8523480" lon="144.9737720">
    <ele>-6.4</ele>
   </trkpt>
   <trkpt lat="-37.8523040" lon="144.9738130">
    <ele>-6.4</ele>
   </trkpt>
   <trkpt lat="-37.8522710" lon="144.9738500">
    <ele>-6.4</ele>
   </trkpt>
   <trkpt lat="-37.8522290" lon="144.9738930">
    <ele>-6.6</ele>
   </trkpt>
   <trkpt lat="-37.8521990" lon="144.9739260">
    <ele>-6.6</ele>
   </trkpt>
   <trkpt lat="-37.8521660" lon="144.9739740">
    <ele>-6.2</ele>
   </trkpt>
   <trkpt lat="-37.8521470" lon="144.9740150">
    <ele>-5.8</ele>
   </trkpt>
   <trkpt lat="-37.8521390" lon="144.9740830">
    <ele>-5.6</ele>
   </trkpt>
   <trkpt lat="-37.8521490" lon="144.9741400">
    <ele>-4.8</ele>
   </trkpt>
   <trkpt lat="-37.8521730" lon="144.9742060">
    <ele>-4.4</ele>
   </trkpt>
   <trkpt lat="-37.8522120" lon="144.9742500">
    <ele>-4.2</ele>
   </trkpt>
   <trkpt lat="-37.8522610" lon="144.9742930">
    <ele>-3.8</ele>
   </trkpt>
   <trkpt lat="-37.8522980" lon="144.9743270">
    <ele>-3.6</ele>
   </trkpt>
   <trkpt lat="-37.8523420" lon="144.9743650">
    <ele>-3.8</ele>
   </trkpt>
   <trkpt lat="-37.8523820" lon="144.9743960">
    <ele>-3.8</ele>
   </trkpt>
   <trkpt lat="-37.8524250" lon="144.9744270">
    <ele>-4.0</ele>
   </trkpt>
   <trkpt lat="-37.8524650" lon="144.9744580">
    <ele>-4.2</ele>
   </trkpt>
   <trkpt lat="-37.8525050" lon="144.9744920">
    <ele>-4.4</ele>
   </trkpt>
   <trkpt lat="-37.8525460" lon="144.9745200">
    <ele>-4.6</ele>
   </trkpt>
   <trkpt lat="-37.8525850" lon="144.9745500">
    <ele>-4.8</ele>
   </trkpt>
   <trkpt lat="-37.8526290" lon="144.9745730">
    <ele>-4.8</ele>
   </trkpt>
   <trkpt lat="-37.8526670" lon="144.9746050">
    <ele>-4.8</ele>
   </trkpt>
   <trkpt lat="-37.8527120" lon="144.9746280">
    <ele>-4.8</ele>
   </trkpt>
   <trkpt lat="-37.8527460" lon="144.9746540">
    <ele>-4.8</ele>
   </trkpt>
   <trkpt lat="-37.8527910" lon="144.9746840">
    <ele>-4.8</ele>
   </trkpt>
   <trkpt lat="-37.8528290" lon="144.9747090">
    <ele>-5.0</ele>
   </trkpt>
   <trkpt lat="-37.8528720" lon="144.9747380">
    <ele>-5.0</ele>
   </trkpt>
   <trkpt lat="-37.8529120" lon="144.9747670">
    <ele>-5.0</ele>
   </trkpt>
   <trkpt lat="-37.8529510" lon="144.9747960">
    <ele>-5.0</ele>
   </trkpt>
   <trkpt lat="-37.8529930" lon="144.9748190">
    <ele>-4.8</ele>
   </trkpt>
   <trkpt lat="-37.8530270" lon="144.9748460">
    <ele>-4.8</ele>
   </trkpt>
   <trkpt lat="-37.8530700" lon="144.9748670">
    <ele>-4.8</ele>
   </trkpt>
   <trkpt lat="-37.8531060" lon="144.9748960">
    <ele>-5.0</ele>
   </trkpt>
   <trkpt lat="-37.8531510" lon="144.9749200">
    <ele>-5.2</ele>
   </trkpt>
   <trkpt lat="-37.8531850" lon="144.9749480">
    <ele>-5.2</ele>
   </trkpt>
   <trkpt lat="-37.8532320" lon="144.9749780">
    <ele>-5.2</ele>
   </trkpt>
   <trkpt lat="-37.8532660" lon="144.9750110">
    <ele>-5.2</ele>
   </trkpt>
   <trkpt lat="-37.8533180" lon="144.9750470">
    <ele>-5.2</ele>
   </trkpt>
   <trkpt lat="-37.8533530" lon="144.9750790">
    <ele>-5.0</ele>
   </trkpt>
   <trkpt lat="-37.8533990" lon="144.9751150">
    <ele>-5.4</ele>
   </trkpt>
   <trkpt lat="-37.8534350" lon="144.9751470">
    <ele>-5.6</ele>
   </trkpt>
   <trkpt lat="-37.8534780" lon="144.9751770">
    <ele>-5.8</ele>
   </trkpt>
   <trkpt lat="-37.8535160" lon="144.9752040">
    <ele>-6.2</ele>
   </trkpt>
   <trkpt lat="-37.8535500" lon="144.9752330">
    <ele>-6.6</ele>
   </trkpt>
   <trkpt lat="-37.8535870" lon="144.9752620">
    <ele>-6.4</ele>
   </trkpt>
   <trkpt lat="-37.8536220" lon="144.9752970">
    <ele>-6.2</ele>
   </trkpt>
   <trkpt lat="-37.8536600" lon="144.9753330">
    <ele>-6.2</ele>
   </trkpt>
   <trkpt lat="-37.8536920" lon="144.9753690">
    <ele>-6.2</ele>
   </trkpt>
   <trkpt lat="-37.8537270" lon="144.9754050">
    <ele>-6.2</ele>
   </trkpt>
   <trkpt lat="-37.8537580" lon="144.9754450">
    <ele>-6.6</ele>
   </trkpt>
   <trkpt lat="-37.8537970" lon="144.9754910">
    <ele>-7.0</ele>
   </trkpt>
   <trkpt lat="-37.8538180" lon="144.9755310">
    <ele>-7.4</ele>
   </trkpt>
   <trkpt lat="-37.8538520" lon="144.9755840">
    <ele>-8.4</ele>
   </trkpt>
   <trkpt lat="-37.8538700" lon="144.9756280">
    <ele>-9.0</ele>
   </trkpt>
   <trkpt lat="-37.8538980" lon="144.9756880">
    <ele>-9.0</ele>
   </trkpt>
   <trkpt lat="-37.8539110" lon="144.9757320">
    <ele>-8.8</ele>
   </trkpt>
   <trkpt lat="-37.8539210" lon="144.9757930">
    <ele>-8.6</ele>
   </trkpt>
   <trkpt lat="-37.8539270" lon="144.9758410">
    <ele>-8.2</ele>
   </trkpt>
   <trkpt lat="-37.8539360" lon="144.9759030">
    <ele>-7.8</ele>
   </trkpt>
   <trkpt lat="-37.8539400" lon="144.9759600">
    <ele>-7.8</ele>
   </trkpt>
   <trkpt lat="-37.8539420" lon="144.9760220">
    <ele>-7.4</ele>
   </trkpt>
   <trkpt lat="-37.8539390" lon="144.9760740">
    <ele>-7.0</ele>
   </trkpt>
   <trkpt lat="-37.8539280" lon="144.9761260">
    <ele>-6.4</ele>
   </trkpt>
   <trkpt lat="-37.8539190" lon="144.9761870">
    <ele>-5.6</ele>
   </trkpt>
   <trkpt lat="-37.8539030" lon="144.9762450">
    <ele>-5.2</ele>
   </trkpt>
   <trkpt lat="-37.8538920" lon="144.9763020">
    <ele>-5.2</ele>
   </trkpt>
   <trkpt lat="-37.8538740" lon="144.9763510">
    <ele>-5.4</ele>
   </trkpt>
   <trkpt lat="-37.8538550" lon="144.9764110">
    <ele>-5.8</ele>
   </trkpt>
   <trkpt lat="-37.8538360" lon="144.9764600">
    <ele>-6.2</ele>
   </trkpt>
   <trkpt lat="-37.8538170" lon="144.9765170">
    <ele>-6.2</ele>
   </trkpt>
   <trkpt lat="-37.8538000" lon="144.9765620">
    <ele>-6.4</ele>
   </trkpt>
   <trkpt lat="-37.8537850" lon="144.9766230">
    <ele>-6.0</ele>
   </trkpt>
   <trkpt lat="-37.8537690" lon="144.9766710">
    <ele>-5.6</ele>
   </trkpt>
   <trkpt lat="-37.8537530" lon="144.9767310">
    <ele>-5.2</ele>
   </trkpt>
   <trkpt lat="-37.8537420" lon="144.9767850">
    <ele>-4.8</ele>
   </trkpt>
   <trkpt lat="-37.8537270" lon="144.9768400">
    <ele>-4.4</ele>
   </trkpt>
   <trkpt lat="-37.8537190" lon="144.9768980">
    <ele>-4.2</ele>
   </trkpt>
   <trkpt lat="-37.8537070" lon="144.9769440">
    <ele>-4.2</ele>
   </trkpt>
   <trkpt lat="-37.8537000" lon="144.9770050">
    <ele>-4.2</ele>
   </trkpt>
   <trkpt lat="-37.8536860" lon="144.9770570">
    <ele>-4.0</ele>
   </trkpt>
   <trkpt lat="-37.8536720" lon="144.9771180">
    <ele>-4.0</ele>
   </trkpt>
   <trkpt lat="-37.8536620" lon="144.9771710">
    <ele>-3.6</ele>
   </trkpt>
   <trkpt lat="-37.8536510" lon="144.9772330">
    <ele>-3.4</ele>
   </trkpt>
   <trkpt lat="-37.8536410" lon="144.9772840">
    <ele>-3.4</ele>
   </trkpt>
   <trkpt lat="-37.8536320" lon="144.9773430">
    <ele>-3.2</ele>
   </trkpt>
   <trkpt lat="-37.8536210" lon="144.9773980">
    <ele>-3.2</ele>
   </trkpt>
   <trkpt lat="-37.8536050" lon="144.9774540">
    <ele>-2.8</ele>
   </trkpt>
   <trkpt lat="-37.8535890" lon="144.9775050">
    <ele>-2.6</ele>
   </trkpt>
   <trkpt lat="-37.8535750" lon="144.9775590">
    <ele>-2.4</ele>
   </trkpt>
   <trkpt lat="-37.8535650" lon="144.9776120">
    <ele>-2.0</ele>
   </trkpt>
   <trkpt lat="-37.8535550" lon="144.9776700">
    <ele>-2.0</ele>
   </trkpt>
   <trkpt lat="-37.8535470" lon="144.9777310">
    <ele>-1.8</ele>
   </trkpt>
   <trkpt lat="-37.8535330" lon="144.9777810">
    <ele>-1.8</ele>
   </trkpt>
   <trkpt lat="-37.8535280" lon="144.9778450">
    <ele>-1.8</ele>
   </trkpt>
   <trkpt lat="-37.8535150" lon="144.9778950">
    <ele>-1.6</ele>
   </trkpt>
   <trkpt lat="-37.8535100" lon="144.9779590">
    <ele>-1.4</ele>
   </trkpt>
   <trkpt lat="-37.8534960" lon="144.9780080">
    <ele>-1.2</ele>
   </trkpt>
   <trkpt lat="-37.8534840" lon="144.9780700">
    <ele>-1.0</ele>
   </trkpt>
   <trkpt lat="-37.8534730" lon="144.9781180">
    <ele>-0.6</ele>
   </trkpt>
   <trkpt lat="-37.8534590" lon="144.9781770">
    <ele>-0.4</ele>
   </trkpt>
   <trkpt lat="-37.8534470" lon="144.9782280">
    <ele>-0.4</ele>
   </trkpt>
   <trkpt lat="-37.8534330" lon="144.9782870">
    <ele>-0.2</ele>
   </trkpt>
   <trkpt lat="-37.8534230" lon="144.9783430">
    <ele>-0.2</ele>
   </trkpt>
   <trkpt lat="-37.8534050" lon="144.9783970">
    <ele>0.2</ele>
   </trkpt>
   <trkpt lat="-37.8533890" lon="144.9784560">
    <ele>0.6</ele>
   </trkpt>
   <trkpt lat="-37.8533660" lon="144.9785080">
    <ele>0.8</ele>
   </trkpt>
   <trkpt lat="-37.8533370" lon="144.9785490">
    <ele>1.0</ele>
   </trkpt>
   <trkpt lat="-37.8533020" lon="144.9785750">
    <ele>1.4</ele>
   </trkpt>
   <trkpt lat="-37.8532600" lon="144.9785860">
    <ele>0.8</ele>
   </trkpt>
   <trkpt lat="-37.8532140" lon="144.9785830">
    <ele>0.8</ele>
   </trkpt>
   <trkpt lat="-37.8531730" lon="144.9785820">
    <ele>0.6</ele>
   </trkpt>
   <trkpt lat="-37.8531300" lon="144.9785720">
    <ele>0.4</ele>
   </trkpt>
   <trkpt lat="-37.8530840" lon="144.9785660">
    <ele>0.4</ele>
   </trkpt>
   <trkpt lat="-37.8530430" lon="144.9785550">
    <ele>0.4</ele>
   </trkpt>
   <trkpt lat="-37.8529940" lon="144.9785480">
    <ele>0.4</ele>
   </trkpt>
   <trkpt lat="-37.8529520" lon="144.9785380">
    <ele>0.4</ele>
   </trkpt>
   <trkpt lat="-37.8529040" lon="144.9785330">
    <ele>0.8</ele>
   </trkpt>
   <trkpt lat="-37.8528630" lon="144.9785230">
    <ele>1.0</ele>
   </trkpt>
   <trkpt lat="-37.8528150" lon="144.9785150">
    <ele>2.0</ele>
   </trkpt>
   <trkpt lat="-37.8527780" lon="144.9785020">
    <ele>2.8</ele>
   </trkpt>
   <trkpt lat="-37.8527270" lon="144.9784890">
    <ele>3.4</ele>
   </trkpt>
   <trkpt lat="-37.8526760" lon="144.9784760">
    <ele>3.4</ele>
   </trkpt>
   <trkpt lat="-37.8526280" lon="144.9784610">
    <ele>3.4</ele>
   </trkpt>
   <trkpt lat="-37.8525880" lon="144.9784450">
    <ele>3.4</ele>
   </trkpt>
   <trkpt lat="-37.8525440" lon="144.9784320">
    <ele>3.4</ele>
   </trkpt>
   <trkpt lat="-37.8525030" lon="144.9784220">
    <ele>3.4</ele>
   </trkpt>
   <trkpt lat="-37.8524650" lon="144.9784060">
    <ele>3.6</ele>
   </trkpt>
   <trkpt lat="-37.8524220" lon="144.9783940">
    <ele>3.6</ele>
   </trkpt>
   <trkpt lat="-37.8523850" lon="144.9783750">
    <ele>4.0</ele>
   </trkpt>
   <trkpt lat="-37.8523370" lon="144.9783600">
    <ele>4.2</ele>
   </trkpt>
   <trkpt lat="-37.8523000" lon="144.9783440">
    <ele>4.4</ele>
   </trkpt>
   <trkpt lat="-37.8522520" lon="144.9783310">
    <ele>4.4</ele>
   </trkpt>
   <trkpt lat="-37.8522090" lon="144.9783170">
    <ele>4.4</ele>
   </trkpt>
   <trkpt lat="-37.8521610" lon="144.9783040">
    <ele>4.6</ele>
   </trkpt>
   <trkpt lat="-37.8521190" lon="144.9782880">
    <ele>4.6</ele>
   </trkpt>
   <trkpt lat="-37.8520760" lon="144.9782700">
    <ele>5.0</ele>
   </trkpt>
   <trkpt lat="-37.8520370" lon="144.9782580">
    <ele>5.2</ele>
   </trkpt>
   <trkpt lat="-37.8519940" lon="144.9782390">
    <ele>5.2</ele>
   </trkpt>
   <trkpt lat="-37.8519550" lon="144.9782250">
    <ele>5.2</ele>
   </trkpt>
   <trkpt lat="-37.8519190" lon="144.9782080">
    <ele>5.2</ele>
   </trkpt>
   <trkpt lat="-37.8518730" lon="144.9781940">
    <ele>5.2</ele>
   </trkpt>
   <trkpt lat="-37.8518320" lon="144.9781780">
    <ele>5.4</ele>
   </trkpt>
   <trkpt lat="-37.8517830" lon="144.9781650">
    <ele>5.6</ele>
   </trkpt>
   <trkpt lat="-37.8517480" lon="144.9781480">
    <ele>5.8</ele>
   </trkpt>
   <trkpt lat="-37.8517020" lon="144.9781310">
    <ele>6.0</ele>
   </trkpt>
   <trkpt lat="-37.8516680" lon="144.9781160">
    <ele>6.2</ele>
   </trkpt>
   <trkpt lat="-37.8516260" lon="144.9781000">
    <ele>6.6</ele>
   </trkpt>
   <trkpt lat="-37.8515820" lon="144.9780880">
    <ele>6.4</ele>
   </trkpt>
   <trkpt lat="-37.8515430" lon="144.9780720">
    <ele>6.2</ele>
   </trkpt>
   <trkpt lat="-37.8514970" lon="144.9780600">
    <ele>6.0</ele>
   </trkpt>
   <trkpt lat="-37.8514550" lon="144.9780420">
    <ele>6.0</ele>
   </trkpt>
   <trkpt lat="-37.8514070" lon="144.9780300">
    <ele>6.0</ele>
   </trkpt>
   <trkpt lat="-37.8513690" lon="144.9780150">
    <ele>6.2</ele>
   </trkpt>
   <trkpt lat="-37.8513240" lon="144.9780020">
    <ele>6.6</ele>
   </trkpt>
   <trkpt lat="-37.8512860" lon="144.9779890">
    <ele>7.2</ele>
   </trkpt>
   <trkpt lat="-37.8512440" lon="144.9779760">
    <ele>7.8</ele>
   </trkpt>
   <trkpt lat="-37.8512050" lon="144.9779640">
    <ele>8.2</ele>
   </trkpt>
   <trkpt lat="-37.8511720" lon="144.9779520">
    <ele>8.0</ele>
   </trkpt>
   <trkpt lat="-37.8511300" lon="144.9779410">
    <ele>8.0</ele>
   </trkpt>
   <trkpt lat="-37.8510980" lon="144.9779280">
    <ele>8.2</ele>
   </trkpt>
   <trkpt lat="-37.8510540" lon="144.9779170">
    <ele>8.2</ele>
   </trkpt>
   <trkpt lat="-37.8510190" lon="144.9778970">
    <ele>8.6</ele>
   </trkpt>
   <trkpt lat="-37.8509780" lon="144.9778820">
    <ele>9.0</ele>
   </trkpt>
   <trkpt lat="-37.8509420" lon="144.9778620">
    <ele>9.4</ele>
   </trkpt>
   <trkpt lat="-37.8509000" lon="144.9778460">
    <ele>9.8</ele>
   </trkpt>
   <trkpt lat="-37.8508600" lon="144.9778300">
    <ele>10.0</ele>
   </trkpt>
   <trkpt lat="-37.8508170" lon="144.9778100">
    <ele>10.4</ele>
   </trkpt>
   <trkpt lat="-37.8507740" lon="144.9777960">
    <ele>10.6</ele>
   </trkpt>
   <trkpt lat="-37.8507320" lon="144.9777760">
    <ele>10.8</ele>
   </trkpt>
   <trkpt lat="-37.8506860" lon="144.9777600">
    <ele>11.2</ele>
   </trkpt>
   <trkpt lat="-37.8506470" lon="144.9777380">
    <ele>11.6</ele>
   </trkpt>
   <trkpt lat="-37.8506020" lon="144.9777210">
    <ele>11.8</ele>
   </trkpt>
   <trkpt lat="-37.8505640" lon="144.9776990">
    <ele>12.0</ele>
   </trkpt>
   <trkpt lat="-37.8505170" lon="144.9776830">
    <ele>12.2</ele>
   </trkpt>
   <trkpt lat="-37.8504790" lon="144.9776670">
    <ele>12.4</ele>
   </trkpt>
   <trkpt lat="-37.8504330" lon="144.9776430">
    <ele>12.4</ele>
   </trkpt>
   <trkpt lat="-37.8503960" lon="144.9776270">
    <ele>12.0</ele>
   </trkpt>
   <trkpt lat="-37.8503520" lon="144.9776070">
    <ele>12.0</ele>
   </trkpt>
   <trkpt lat="-37.8503140" lon="144.9775850">
    <ele>12.0</ele>
   </trkpt>
   <trkpt lat="-37.8502740" lon="144.9775640">
    <ele>11.8</ele>
   </trkpt>
   <trkpt lat="-37.8502320" lon="144.9775430">
    <ele>12.0</ele>
   </trkpt>
   <trkpt lat="-37.8501960" lon="144.9775180">
    <ele>12.0</ele>
   </trkpt>
   <trkpt lat="-37.8501520" lon="144.9775000">
    <ele>11.8</ele>
   </trkpt>
   <trkpt lat="-37.8501160" lon="144.9774760">
    <ele>12.0</ele>
   </trkpt>
   <trkpt lat="-37.8500730" lon="144.9774510">
    <ele>11.8</ele>
   </trkpt>
   <trkpt lat="-37.8500360" lon="144.9774240">
    <ele>11.8</ele>
   </trkpt>
   <trkpt lat="-37.8499940" lon="144.9773940">
    <ele>11.6</ele>
   </trkpt>
   <trkpt lat="-37.8499590" lon="144.9773640">
    <ele>11.6</ele>
   </trkpt>
   <trkpt lat="-37.8499230" lon="144.9773320">
    <ele>11.4</ele>
   </trkpt>
   <trkpt lat="-37.8498820" lon="144.9773010">
    <ele>11.6</ele>
   </trkpt>
   <trkpt lat="-37.8498440" lon="144.9772670">
    <ele>11.8</ele>
   </trkpt>
   <trkpt lat="-37.8497990" lon="144.9772350">
    <ele>12.0</ele>
   </trkpt>
   <trkpt lat="-37.8497660" lon="144.9772030">
    <ele>12.2</ele>
   </trkpt>
   <trkpt lat="-37.8497230" lon="144.9771650">
    <ele>12.4</ele>
   </trkpt>
   <trkpt lat="-37.8496900" lon="144.9771320">
    <ele>12.4</ele>
   </trkpt>
   <trkpt lat="-37.8496510" lon="144.9770900">
    <ele>12.4</ele>
   </trkpt>
   <trkpt lat="-37.8496210" lon="144.9770550">
    <ele>12.6</ele>
   </trkpt>
   <trkpt lat="-37.8495870" lon="144.9770120">
    <ele>12.4</ele>
   </trkpt>
   <trkpt lat="-37.8495590" lon="144.9769750">
    <ele>12.6</ele>
   </trkpt>
   <trkpt lat="-37.8495250" lon="144.9769320">
    <ele>13.0</ele>
   </trkpt>
   <trkpt lat="-37.8494960" lon="144.9768940">
    <ele>13.2</ele>
   </trkpt>
   <trkpt lat="-37.8494650" lon="144.9768530">
    <ele>13.2</ele>
   </trkpt>
   <trkpt lat="-37.8494310" lon="144.9768150">
    <ele>13.2</ele>
   </trkpt>
   <trkpt lat="-37.8493980" lon="144.9767710">
    <ele>13.6</ele>
   </trkpt>
   <trkpt lat="-37.8493650" lon="144.9767290">
    <ele>13.6</ele>
   </trkpt>
   <trkpt lat="-37.8493390" lon="144.9766860">
    <ele>14.0</ele>
   </trkpt>
   <trkpt lat="-37.8493070" lon="144.9766450">
    <ele>14.4</ele>
   </trkpt>
   <trkpt lat="-37.8492830" lon="144.9766050">
    <ele>15.2</ele>
   </trkpt>
   <trkpt lat="-37.8492490" lon="144.9765630">
    <ele>15.6</ele>
   </trkpt>
   <trkpt lat="-37.8492230" lon="144.9765250">
    <ele>15.8</ele>
   </trkpt>
   <trkpt lat="-37.8491910" lon="144.9764820">
    <ele>16.2</ele>
   </trkpt>
   <trkpt lat="-37.8491650" lon="144.9764410">
    <ele>16.2</ele>
   </trkpt>
   <trkpt lat="-37.8491360" lon="144.9763960">
    <ele>15.8</ele>
   </trkpt>
   <trkpt lat="-37.8491070" lon="144.9763570">
    <ele>14.6</ele>
   </trkpt>
   <trkpt lat="-37.8490740" lon="144.9763060">
    <ele>14.2</ele>
   </trkpt>
   <trkpt lat="-37.8490470" lon="144.9762630">
    <ele>14.2</ele>
   </trkpt>
   <trkpt lat="-37.8490190" lon="144.9762130">
    <ele>14.4</ele>
   </trkpt>
   <trkpt lat="-37.8489870" lon="144.9761690">
    <ele>14.8</ele>
   </trkpt>
   <trkpt lat="-37.8489580" lon="144.9761230">
    <ele>14.8</ele>
   </trkpt>
   <trkpt lat="-37.8489230" lon="144.9760800">
    <ele>14.6</ele>
   </trkpt>
   <trkpt lat="-37.8488970" lon="144.9760350">
    <ele>14.4</ele>
   </trkpt>
   <trkpt lat="-37.8488630" lon="144.9759910">
    <ele>14.4</ele>
   </trkpt>
   <trkpt lat="-37.8488370" lon="144.9759500">
    <ele>13.8</ele>
   </trkpt>
   <trkpt lat="-37.8488060" lon="144.9759100">
    <ele>13.8</ele>
   </trkpt>
   <trkpt lat="-37.8487810" lon="144.9758700">
    <ele>14.0</ele>
   </trkpt>
   <trkpt lat="-37.8487560" lon="144.9758290">
    <ele>14.0</ele>
   </trkpt>
   <trkpt lat="-37.8487280" lon="144.9757920">
    <ele>14.2</ele>
   </trkpt>
   <trkpt lat="-37.8486990" lon="144.9757530">
    <ele>14.4</ele>
   </trkpt>
   <trkpt lat="-37.8486690" lon="144.9757120">
    <ele>14.8</ele>
   </trkpt>
   <trkpt lat="-37.8486460" lon="144.9756740">
    <ele>15.0</ele>
   </trkpt>
   <trkpt lat="-37.8486110" lon="144.9756300">
    <ele>15.6</ele>
   </trkpt>
   <trkpt lat="-37.8485900" lon="144.9755910">
    <ele>15.8</ele>
   </trkpt>
   <trkpt lat="-37.8485570" lon="144.9755480">
    <ele>16.2</ele>
   </trkpt>
   <trkpt lat="-37.8485320" lon="144.9755100">
    <ele>16.4</ele>
   </trkpt>
   <trkpt lat="-37.8485000" lon="144.9754650">
    <ele>16.6</ele>
   </trkpt>
   <trkpt lat="-37.8484770" lon="144.9754250">
    <ele>16.4</ele>
   </trkpt>
   <trkpt lat="-37.8484480" lon="144.9753840">
    <ele>16.6</ele>
   </trkpt>
   <trkpt lat="-37.8484150" lon="144.9753410">
    <ele>16.4</ele>
   </trkpt>
   <trkpt lat="-37.8483900" lon="144.9752980">
    <ele>15.6</ele>
   </trkpt>
   <trkpt lat="-37.8483640" lon="144.9752520">
    <ele>15.2</ele>
   </trkpt>
   <trkpt lat="-37.8483420" lon="144.9752080">
    <ele>15.2</ele>
   </trkpt>
   <trkpt lat="-37.8483150" lon="144.9751600">
    <ele>15.2</ele>
   </trkpt>
   <trkpt lat="-37.8482990" lon="144.9751160">
    <ele>15.4</ele>
   </trkpt>
   <trkpt lat="-37.8482760" lon="144.9750630">
    <ele>15.8</ele>
   </trkpt>
   <trkpt lat="-37.8482630" lon="144.9750190">
    <ele>15.4</ele>
   </trkpt>
   <trkpt lat="-37.8482400" lon="144.9749600">
    <ele>15.4</ele>
   </trkpt>
   <trkpt lat="-37.8482240" lon="144.9749150">
    <ele>15.4</ele>
   </trkpt>
   <trkpt lat="-37.8482060" lon="144.9748610">
    <ele>15.8</ele>
   </trkpt>
   <trkpt lat="-37.8481890" lon="144.9748070">
    <ele>16.0</ele>
   </trkpt>
   <trkpt lat="-37.8481690" lon="144.9747490">
    <ele>16.6</ele>
   </trkpt>
   <trkpt lat="-37.8481530" lon="144.9746910">
    <ele>16.8</ele>
   </trkpt>
   <trkpt lat="-37.8481410" lon="144.9746370">
    <ele>16.8</ele>
   </trkpt>
   <trkpt lat="-37.8481220" lon="144.9745810">
    <ele>16.6</ele>
   </trkpt>
   <trkpt lat="-37.8481140" lon="144.9745320">
    <ele>16.2</ele>
   </trkpt>
   <trkpt lat="-37.8481050" lon="144.9744740">
    <ele>16.0</ele>
   </trkpt>
   <trkpt lat="-37.8481020" lon="144.9744260">
    <ele>16.0</ele>
   </trkpt>
   <trkpt lat="-37.8480990" lon="144.9743650">
    <ele>15.8</ele>
   </trkpt>
   <trkpt lat="-37.8480980" lon="144.9743180">
    <ele>15.6</ele>
   </trkpt>
   <trkpt lat="-37.8480920" lon="144.9742580">
    <ele>15.4</ele>
   </trkpt>
   <trkpt lat="-37.8480930" lon="144.9742090">
    <ele>15.2</ele>
   </trkpt>
   <trkpt lat="-37.8480880" lon="144.9741500">
    <ele>15.2</ele>
   </trkpt>
   <trkpt lat="-37.8480870" lon="144.9740980">
    <ele>15.2</ele>
   </trkpt>
   <trkpt lat="-37.8480860" lon="144.9740460">
    <ele>15.4</ele>
   </trkpt>
   <trkpt lat="-37.8480810" lon="144.9739890">
    <ele>15.4</ele>
   </trkpt>
   <trkpt lat="-37.8480820" lon="144.9739350">
    <ele>15.4</ele>
   </trkpt>
   <trkpt lat="-37.8480780" lon="144.9738750">
    <ele>15.4</ele>
   </trkpt>
   <trkpt lat="-37.8480810" lon="144.9738210">
    <ele>15.6</ele>
   </trkpt>
   <trkpt lat="-37.8480750" lon="144.9737600">
    <ele>15.6</ele>
   </trkpt>
   <trkpt lat="-37.8480750" lon="144.9737040">
    <ele>15.6</ele>
   </trkpt>
   <trkpt lat="-37.8480650" lon="144.9736400">
    <ele>15.6</ele>
   </trkpt>
   <trkpt lat="-37.8480590" lon="144.9735870">
    <ele>15.6</ele>
   </trkpt>
   <trkpt lat="-37.8480440" lon="144.9735250">
    <ele>15.4</ele>
   </trkpt>
   <trkpt lat="-37.8480350" lon="144.9734760">
    <ele>15.2</ele>
   </trkpt>
   <trkpt lat="-37.8480190" lon="144.9734140">
    <ele>15.2</ele>
   </trkpt>
   <trkpt lat="-37.8480070" lon="144.9733630">
    <ele>15.0</ele>
   </trkpt>
   <trkpt lat="-37.8479900" lon="144.9733090">
    <ele>14.8</ele>
   </trkpt>
   <trkpt lat="-37.8479680" lon="144.9732560">
    <ele>15.0</ele>
   </trkpt>
   <trkpt lat="-37.8479510" lon="144.9732070">
    <ele>15.6</ele>
   </trkpt>
   <trkpt lat="-37.8479230" lon="144.9731600">
    <ele>15.8</ele>
   </trkpt>
   <trkpt lat="-37.8479040" lon="144.9731160">
    <ele>15.8</ele>
   </trkpt>
   <trkpt lat="-37.8478740" lon="144.9730660">
    <ele>16.0</ele>
   </trkpt>
   <trkpt lat="-37.8478510" lon="144.9730250">
    <ele>16.0</ele>
   </trkpt>
   <trkpt lat="-37.8478160" lon="144.9729730">
    <ele>15.8</ele>
   </trkpt>
   <trkpt lat="-37.8477900" lon="144.9729350">
    <ele>15.6</ele>
   </trkpt>
   <trkpt lat="-37.8477590" lon="144.9728880">
    <ele>15.6</ele>
   </trkpt>
   <trkpt lat="-37.8477350" lon="144.9728460">
    <ele>16.0</ele>
   </trkpt>
   <trkpt lat="-37.8477090" lon="144.9728020">
    <ele>16.2</ele>
   </trkpt>
   <trkpt lat="-37.8476810" lon="144.9727560">
    <ele>16.2</ele>
   </trkpt>
   <trkpt lat="-37.8476590" lon="144.9727130">
    <ele>16.2</ele>
   </trkpt>
   <trkpt lat="-37.8476270" lon="144.9726780">
    <ele>16.2</ele>
   </trkpt>
   <trkpt lat="-37.8476030" lon="144.9726380">
    <ele>16.0</ele>
   </trkpt>
   <trkpt lat="-37.8475680" lon="144.9725950">
    <ele>16.0</ele>
   </trkpt>
   <trkpt lat="-37.8475440" lon="144.9725520">
    <ele>16.0</ele>
   </trkpt>
   <trkpt lat="-37.8475080" lon="144.9725060">
    <ele>16.0</ele>
   </trkpt>
   <trkpt lat="-37.8474810" lon="144.9724670">
    <ele>16.4</ele>
   </trkpt>
   <trkpt lat="-37.8474440" lon="144.9724190">
    <ele>16.4</ele>
   </trkpt>
   <trkpt lat="-37.8474170" lon="144.9723780">
    <ele>16.2</ele>
   </trkpt>
   <trkpt lat="-37.8473830" lon="144.9723320">
    <ele>16.2</ele>
   </trkpt>
   <trkpt lat="-37.8473540" lon="144.9722900">
    <ele>16.2</ele>
   </trkpt>
   <trkpt lat="-37.8473280" lon="144.9722440">
    <ele>16.4</ele>
   </trkpt>
   <trkpt lat="-37.8472940" lon="144.9721980">
    <ele>16.2</ele>
   </trkpt>
   <trkpt lat="-37.8472710" lon="144.9721550">
    <ele>16.4</ele>
   </trkpt>
   <trkpt lat="-37.8472370" lon="144.9721110">
    <ele>16.2</ele>
   </trkpt>
   <trkpt lat="-37.8472130" lon="144.9720710">
    <ele>16.0</ele>
   </trkpt>
   <trkpt lat="-37.8471810" lon="144.9720290">
    <ele>15.8</ele>
   </trkpt>
   <trkpt lat="-37.8471550" lon="144.9719910">
    <ele>15.8</ele>
   </trkpt>
   <trkpt lat="-37.8471220" lon="144.9719540">
    <ele>15.6</ele>
   </trkpt>
   <trkpt lat="-37.8470950" lon="144.9719180">
    <ele>15.4</ele>
   </trkpt>
   <trkpt lat="-37.8470610" lon="144.9718770">
    <ele>15.4</ele>
   </trkpt>
   <trkpt lat="-37.8470350" lon="144.9718410">
    <ele>15.2</ele>
   </trkpt>
   <trkpt lat="-37.8470050" lon="144.9717960">
    <ele>15.4</ele>
   </trkpt>
   <trkpt lat="-37.8469720" lon="144.9717530">
    <ele>15.4</ele>
   </trkpt>
   <trkpt lat="-37.8469430" lon="144.9717160">
    <ele>15.6</ele>
   </trkpt>
   <trkpt lat="-37.8469050" lon="144.9716800">
    <ele>15.8</ele>
   </trkpt>
   <trkpt lat="-37.8468740" lon="144.9716410">
    <ele>16.0</ele>
   </trkpt>
   <trkpt lat="-37.8468360" lon="144.9716050">
    <ele>16.0</ele>
   </trkpt>
   <trkpt lat="-37.8468030" lon="144.9715660">
    <ele>16.2</ele>
   </trkpt>
   <trkpt lat="-37.8467620" lon="144.9715310">
    <ele>16.2</ele>
   </trkpt>
   <trkpt lat="-37.8467310" lon="144.9714940">
    <ele>16.4</ele>
   </trkpt>
   <trkpt lat="-37.8466920" lon="144.9714560">
    <ele>16.2</ele>
   </trkpt>
   <trkpt lat="-37.8466590" lon="144.9714250">
    <ele>16.4</ele>
   </trkpt>
   <trkpt lat="-37.8466140" lon="144.9713890">
    <ele>16.6</ele>
   </trkpt>
   <trkpt lat="-37.8465870" lon="144.9713560">
    <ele>16.8</ele>
   </trkpt>
   <trkpt lat="-37.8465500" lon="144.9713190">
    <ele>17.2</ele>
   </trkpt>
   <trkpt lat="-37.8465130" lon="144.9712930">
    <ele>17.4</ele>
   </trkpt>
   <trkpt lat="-37.8464740" lon="144.9712630">
    <ele>17.4</ele>
   </trkpt>
   <trkpt lat="-37.8464370" lon="144.9712370">
    <ele>17.4</ele>
   </trkpt>
   <trkpt lat="-37.8464020" lon="144.9712080">
    <ele>17.2</ele>
   </trkpt>
   <trkpt lat="-37.8463640" lon="144.9711860">
    <ele>17.0</ele>
   </trkpt>
   <trkpt lat="-37.8463270" lon="144.9711560">
    <ele>17.0</ele>
   </trkpt>
   <trkpt lat="-37.8462830" lon="144.9711290">
    <ele>16.8</ele>
   </trkpt>
   <trkpt lat="-37.8462470" lon="144.9711010">
    <ele>17.0</ele>
   </trkpt>
   <trkpt lat="-37.8462020" lon="144.9710690">
    <ele>17.2</ele>
   </trkpt>
   <trkpt lat="-37.8461620" lon="144.9710460">
    <ele>17.8</ele>
   </trkpt>
   <trkpt lat="-37.8461200" lon="144.9710180">
    <ele>18.2</ele>
   </trkpt>
   <trkpt lat="-37.8460800" lon="144.9709980">
    <ele>18.6</ele>
   </trkpt>
   <trkpt lat="-37.8460440" lon="144.9709720">
    <ele>18.6</ele>
   </trkpt>
   <trkpt lat="-37.8459980" lon="144.9709510">
    <ele>18.4</ele>
   </trkpt>
   <trkpt lat="-37.8459640" lon="144.9709300">
    <ele>18.2</ele>
   </trkpt>
   <trkpt lat="-37.8459180" lon="144.9709130">
    <ele>17.8</ele>
   </trkpt>
   <trkpt lat="-37.8458820" lon="144.9708910">
    <ele>17.8</ele>
   </trkpt>
   <trkpt lat="-37.8458380" lon="144.9708700">
    <ele>17.6</ele>
   </trkpt>
   <trkpt lat="-37.8458010" lon="144.9708550">
    <ele>17.6</ele>
   </trkpt>
   <trkpt lat="-37.8457600" lon="144.9708370">
    <ele>17.8</ele>
   </trkpt>
   <trkpt lat="-37.8457190" lon="144.9708220">
    <ele>17.8</ele>
   </trkpt>
   <trkpt lat="-37.8456830" lon="144.9708050">
    <ele>17.8</ele>
   </trkpt>
   <trkpt lat="-37.8456360" lon="144.9707940">
    <ele>17.8</ele>
   </trkpt>
   <trkpt lat="-37.8456020" lon="144.9707790">
    <ele>18.0</ele>
   </trkpt>
   <trkpt lat="-37.8455570" lon="144.9707710">
    <ele>18.0</ele>
   </trkpt>
   <trkpt lat="-37.8455190" lon="144.9707580">
    <ele>18.2</ele>
   </trkpt>
   <trkpt lat="-37.8454770" lon="144.9707440">
    <ele>18.4</ele>
   </trkpt>
   <trkpt lat="-37.8454400" lon="144.9707330">
    <ele>18.2</ele>
   </trkpt>
   <trkpt lat="-37.8453990" lon="144.9707180">
    <ele>18.4</ele>
   </trkpt>
   <trkpt lat="-37.8453510" lon="144.9707140">
    <ele>18.6</ele>
   </trkpt>
   <trkpt lat="-37.8453150" lon="144.9707000">
    <ele>18.4</ele>
   </trkpt>
   <trkpt lat="-37.8452690" lon="144.9706950">
    <ele>18.4</ele>
   </trkpt>
   <trkpt lat="-37.8452300" lon="144.9706840">
    <ele>18.6</ele>
   </trkpt>
   <trkpt lat="-37.8451810" lon="144.9706770">
    <ele>18.8</ele>
   </trkpt>
   <trkpt lat="-37.8451380" lon="144.9706700">
    <ele>18.4</ele>
   </trkpt>
   <trkpt lat="-37.8450930" lon="144.9706610">
    <ele>18.4</ele>
   </trkpt>
   <trkpt lat="-37.8450510" lon="144.9706580">
    <ele>18.4</ele>
   </trkpt>
   <trkpt lat="-37.8450100" lon="144.9706480">
    <ele>18.4</ele>
   </trkpt>
   <trkpt lat="-37.8449640" lon="144.9706510">
    <ele>18.4</ele>
   </trkpt>
   <trkpt lat="-37.8449280" lon="144.9706450">
    <ele>18.4</ele>
   </trkpt>
   <trkpt lat="-37.8448850" lon="144.9706470">
    <ele>18.2</ele>
   </trkpt>
   <trkpt lat="-37.8448470" lon="144.9706430">
    <ele>18.0</ele>
   </trkpt>
   <trkpt lat="-37.8448010" lon="144.9706430">
    <ele>17.8</ele>
   </trkpt>
   <trkpt lat="-37.8447610" lon="144.9706410">
    <ele>17.8</ele>
   </trkpt>
   <trkpt lat="-37.8447150" lon="144.9706400">
    <ele>17.8</ele>
   </trkpt>
   <trkpt lat="-37.8446700" lon="144.9706460">
    <ele>18.0</ele>
   </trkpt>
   <trkpt lat="-37.8446280" lon="144.9706410">
    <ele>18.0</ele>
   </trkpt>
   <trkpt lat="-37.8445820" lon="144.9706430">
    <ele>18.2</ele>
   </trkpt>
   <trkpt lat="-37.8445410" lon="144.9706370">
    <ele>18.4</ele>
   </trkpt>
   <trkpt lat="-37.8444950" lon="144.9706450">
    <ele>18.6</ele>
   </trkpt>
   <trkpt lat="-37.8444550" lon="144.9706430">
    <ele>18.8</ele>
   </trkpt>
   <trkpt lat="-37.8444090" lon="144.9706490">
    <ele>19.0</ele>
   </trkpt>
   <trkpt lat="-37.8443660" lon="144.9706530">
    <ele>18.8</ele>
   </trkpt>
   <trkpt lat="-37.8443240" lon="144.9706600">
    <ele>19.0</ele>
   </trkpt>
   <trkpt lat="-37.8442830" lon="144.9706710">
    <ele>19.2</ele>
   </trkpt>
   <trkpt lat="-37.8442450" lon="144.9706750">
    <ele>19.4</ele>
   </trkpt>
   <trkpt lat="-37.8442010" lon="144.9706920">
    <ele>19.6</ele>
   </trkpt>
   <trkpt lat="-37.8441640" lon="144.9706950">
    <ele>19.8</ele>
   </trkpt>
   <trkpt lat="-37.8441190" lon="144.9707090">
    <ele>19.2</ele>
   </trkpt>
   <trkpt lat="-37.8440830" lon="144.9707180">
    <ele>18.4</ele>
   </trkpt>
   <trkpt lat="-37.8440380" lon="144.9707280">
    <ele>17.4</ele>
   </trkpt>
   <trkpt lat="-37.8440000" lon="144.9707380">
    <ele>17.2</ele>
   </trkpt>
   <trkpt lat="-37.8439580" lon="144.9707480">
    <ele>17.0</ele>
   </trkpt>
   <trkpt lat="-37.8439150" lon="144.9707640">
    <ele>17.2</ele>
   </trkpt>
   <trkpt lat="-37.8438760" lon="144.9707720">
    <ele>17.2</ele>
   </trkpt>
   <trkpt lat="-37.8438370" lon="144.9707950">
    <ele>17.8</ele>
   </trkpt>
   <trkpt lat="-37.8437980" lon="144.9708040">
    <ele>18.4</ele>
   </trkpt>
   <trkpt lat="-37.8437520" lon="144.9708220">
    <ele>18.8</ele>
   </trkpt>
   <trkpt lat="-37.8437120" lon="144.9708290">
    <ele>18.6</ele>
   </trkpt>
   <trkpt lat="-37.8436650" lon="144.9708460">
    <ele>18.6</ele>
   </trkpt>
   <trkpt lat="-37.8436240" lon="144.9708660">
    <ele>18.6</ele>
   </trkpt>
   <trkpt lat="-37.8435800" lon="144.9708850">
    <ele>18.4</ele>
   </trkpt>
   <trkpt lat="-37.8435400" lon="144.9709070">
    <ele>18.6</ele>
   </trkpt>
   <trkpt lat="-37.8434990" lon="144.9709150">
    <ele>18.8</ele>
   </trkpt>
   <trkpt lat="-37.8434550" lon="144.9709370">
    <ele>19.2</ele>
   </trkpt>
   <trkpt lat="-37.8434210" lon="144.9709450">
    <ele>19.4</ele>
   </trkpt>
   <trkpt lat="-37.8433750" lon="144.9709620">
    <ele>19.2</ele>
   </trkpt>
   <trkpt lat="-37.8433420" lon="144.9709680">
    <ele>19.0</ele>
   </trkpt>
   <trkpt lat="-37.8433030" lon="144.9709840">
    <ele>18.6</ele>
   </trkpt>
   <trkpt lat="-37.8432670" lon="144.9710040">
    <ele>18.0</ele>
   </trkpt>
   <trkpt lat="-37.8432290" lon="144.9710180">
    <ele>16.8</ele>
   </trkpt>
   <trkpt lat="-37.8431890" lon="144.9710390">
    <ele>17.2</ele>
   </trkpt>
   <trkpt lat="-37.8431530" lon="144.9710500">
    <ele>17.6</ele>
   </trkpt>
   <trkpt lat="-37.8431170" lon="144.9710760">
    <ele>17.6</ele>
   </trkpt>
   <trkpt lat="-37.8430830" lon="144.9710890">
    <ele>17.6</ele>
   </trkpt>
   <trkpt lat="-37.8430370" lon="144.9711120">
    <ele>17.8</ele>
   </trkpt>
   <trkpt lat="-37.8430020" lon="144.9711290">
    <ele>17.6</ele>
   </trkpt>
   <trkpt lat="-37.8429650" lon="144.9711500">
    <ele>17.8</ele>
   </trkpt>
   <trkpt lat="-37.8429310" lon="144.9711730">
    <ele>18.0</ele>
   </trkpt>
   <trkpt lat="-37.8428940" lon="144.9711850">
    <ele>18.2</ele>
   </trkpt>
   <trkpt lat="-37.8428560" lon="144.9712110">
    <ele>18.4</ele>
   </trkpt>
   <trkpt lat="-37.8428220" lon="144.9712260">
    <ele>18.6</ele>
   </trkpt>
   <trkpt lat="-37.8427800" lon="144.9712490">
    <ele>17.8</ele>
   </trkpt>
   <trkpt lat="-37.8427440" lon="144.9712620">
    <ele>17.0</ele>
   </trkpt>
   <trkpt lat="-37.8427010" lon="144.9712830">
    <ele>17.0</ele>
   </trkpt>
   <trkpt lat="-37.8426660" lon="144.9712980">
    <ele>16.8</ele>
   </trkpt>
   <trkpt lat="-37.8426250" lon="144.9713210">
    <ele>16.8</ele>
   </trkpt>
   <trkpt lat="-37.8425850" lon="144.9713430">
    <ele>16.8</ele>
   </trkpt>
   <trkpt lat="-37.8425480" lon="144.9713590">
    <ele>17.4</ele>
   </trkpt>
   <trkpt lat="-37.8425090" lon="144.9713820">
    <ele>18.2</ele>
   </trkpt>
   <trkpt lat="-37.8424730" lon="144.9713970">
    <ele>18.6</ele>
   </trkpt>
   <trkpt lat="-37.8424320" lon="144.9714250">
    <ele>19.0</ele>
   </trkpt>
   <trkpt lat="-37.8423950" lon="144.9714400">
    <ele>19.2</ele>
   </trkpt>
   <trkpt lat="-37.8423530" lon="144.9714590">
    <ele>19.2</ele>
   </trkpt>
   <trkpt lat="-37.8423180" lon="144.9714730">
    <ele>19.4</ele>
   </trkpt>
   <trkpt lat="-37.8422770" lon="144.9714920">
    <ele>19.6</ele>
   </trkpt>
   <trkpt lat="-37.8422400" lon="144.9715090">
    <ele>19.8</ele>
   </trkpt>
   <trkpt lat="-37.8422000" lon="144.9715240">
    <ele>20.0</ele>
   </trkpt>
   <trkpt lat="-37.8421600" lon="144.9715460">
    <ele>20.0</ele>
   </trkpt>
   <trkpt lat="-37.8421220" lon="144.9715570">
    <ele>20.0</ele>
   </trkpt>
   <trkpt lat="-37.8420820" lon="144.9715770">
    <ele>19.6</ele>
   </trkpt>
   <trkpt lat="-37.8420460" lon="144.9715810">
    <ele>19.8</ele>
   </trkpt>
   <trkpt lat="-37.8420020" lon="144.9715960">
    <ele>20.0</ele>
   </trkpt>
   <trkpt lat="-37.8419650" lon="144.9716040">
    <ele>19.6</ele>
   </trkpt>
   <trkpt lat="-37.8419260" lon="144.9716150">
    <ele>20.0</ele>
   </trkpt>
   <trkpt lat="-37.8418850" lon="144.9716260">
    <ele>19.8</ele>
   </trkpt>
   <trkpt lat="-37.8418460" lon="144.9716300">
    <ele>19.8</ele>
   </trkpt>
   <trkpt lat="-37.8418060" lon="144.9716440">
    <ele>20.0</ele>
   </trkpt>
   <trkpt lat="-37.8417670" lon="144.9716490">
    <ele>20.4</ele>
   </trkpt>
   <trkpt lat="-37.8417210" lon="144.9716660">
    <ele>20.6</ele>
   </trkpt>
   <trkpt lat="-37.8416820" lon="144.9716710">
    <ele>20.6</ele>
   </trkpt>
   <trkpt lat="-37.8416400" lon="144.9716760">
    <ele>20.8</ele>
   </trkpt>
   <trkpt lat="-37.8416000" lon="144.9716800">
    <ele>20.8</ele>
   </trkpt>
   <trkpt lat="-37.8415590" lon="144.9716830">
    <ele>21.2</ele>
   </trkpt>
   <trkpt lat="-37.8415130" lon="144.9716940">
    <ele>21.4</ele>
   </trkpt>
   <trkpt lat="-37.8414740" lon="144.9716920">
    <ele>21.4</ele>
   </trkpt>
   <trkpt lat="-37.8414290" lon="144.9717020">
    <ele>21.4</ele>
   </trkpt>
   <trkpt lat="-37.8413930" lon="144.9716980">
    <ele>21.6</ele>
   </trkpt>
   <trkpt lat="-37.8413490" lon="144.9717010">
    <ele>21.4</ele>
   </trkpt>
   <trkpt lat="-37.8413100" lon="144.9716960">
    <ele>21.2</ele>
   </trkpt>
   <trkpt lat="-37.8412610" lon="144.9716920">
    <ele>21.4</ele>
   </trkpt>
   <trkpt lat="-37.8412170" lon="144.9716930">
    <ele>21.4</ele>
   </trkpt>
   <trkpt lat="-37.8411760" lon="144.9716890">
    <ele>21.4</ele>
   </trkpt>
   <trkpt lat="-37.8411310" lon="144.9716890">
    <ele>21.4</ele>
   </trkpt>
   <trkpt lat="-37.8410940" lon="144.9716880">
    <ele>21.2</ele>
   </trkpt>
   <trkpt lat="-37.8410470" lon="144.9716870">
    <ele>21.0</ele>
   </trkpt>
   <trkpt lat="-37.8410110" lon="144.9716810">
    <ele>20.8</ele>
   </trkpt>
   <trkpt lat="-37.8409670" lon="144.9716760">
    <ele>20.6</ele>
   </trkpt>
   <trkpt lat="-37.8409300" lon="144.9716680">
    <ele>20.4</ele>
   </trkpt>
   <trkpt lat="-37.8408870" lon="144.9716590">
    <ele>20.6</ele>
   </trkpt>
   <trkpt lat="-37.8408460" lon="144.9716520">
    <ele>20.4</ele>
   </trkpt>
   <trkpt lat="-37.8408030" lon="144.9716360">
    <ele>20.4</ele>
   </trkpt>
   <trkpt lat="-37.8407580" lon="144.9716270">
    <ele>20.6</ele>
   </trkpt>
   <trkpt lat="-37.8407170" lon="144.9716140">
    <ele>20.8</ele>
   </trkpt>
   <trkpt lat="-37.8406670" lon="144.9716090">
    <ele>20.8</ele>
   </trkpt>
   <trkpt lat="-37.8406260" lon="144.9715940">
    <ele>21.0</ele>
   </trkpt>
   <trkpt lat="-37.8405790" lon="144.9715810">
    <ele>21.2</ele>
   </trkpt>
   <trkpt lat="-37.8405370" lon="144.9715660">
    <ele>21.2</ele>
   </trkpt>
   <trkpt lat="-37.8404950" lon="144.9715540">
    <ele>21.4</ele>
   </trkpt>
   <trkpt lat="-37.8404500" lon="144.9715480">
    <ele>21.6</ele>
   </trkpt>
   <trkpt lat="-37.8404130" lon="144.9715370">
    <ele>21.6</ele>
   </trkpt>
   <trkpt lat="-37.8403690" lon="144.9715320">
    <ele>21.6</ele>
   </trkpt>
   <trkpt lat="-37.8403300" lon="144.9715200">
    <ele>21.4</ele>
   </trkpt>
   <trkpt lat="-37.8402850" lon="144.9715140">
    <ele>21.2</ele>
   </trkpt>
   <trkpt lat="-37.8402490" lon="144.9715070">
    <ele>21.2</ele>
   </trkpt>
   <trkpt lat="-37.8402070" lon="144.9714990">
    <ele>20.6</ele>
   </trkpt>
   <trkpt lat="-37.8401670" lon="144.9714920">
    <ele>20.0</ele>
   </trkpt>
   <trkpt lat="-37.8401290" lon="144.9714800">
    <ele>19.8</ele>
   </trkpt>
   <trkpt lat="-37.8400870" lon="144.9714730">
    <ele>19.8</ele>
   </trkpt>
   <trkpt lat="-37.8400480" lon="144.9714620">
    <ele>19.4</ele>
   </trkpt>
   <trkpt lat="-37.8400040" lon="144.9714500">
    <ele>19.2</ele>
   </trkpt>
   <trkpt lat="-37.8399650" lon="144.9714330">
    <ele>19.0</ele>
   </trkpt>
   <trkpt lat="-37.8399200" lon="144.9714250">
    <ele>19.0</ele>
   </trkpt>
   <trkpt lat="-37.8398810" lon="144.9714110">
    <ele>19.0</ele>
   </trkpt>
   <trkpt lat="-37.8398340" lon="144.9713960">
    <ele>19.4</ele>
   </trkpt>
   <trkpt lat="-37.8397930" lon="144.9713840">
    <ele>19.8</ele>
   </trkpt>
   <trkpt lat="-37.8397500" lon="144.9713690">
    <ele>20.0</ele>
   </trkpt>
   <trkpt lat="-37.8397130" lon="144.9713530">
    <ele>20.0</ele>
   </trkpt>
   <trkpt lat="-37.8396760" lon="144.9713340">
    <ele>20.0</ele>
   </trkpt>
   <trkpt lat="-37.8396370" lon="144.9713140">
    <ele>20.0</ele>
   </trkpt>
   <trkpt lat="-37.8396040" lon="144.9712920">
    <ele>19.8</ele>
   </trkpt>
   <trkpt lat="-37.8395600" lon="144.9712690">
    <ele>20.0</ele>
   </trkpt>
   <trkpt lat="-37.8395260" lon="144.9712450">
    <ele>20.0</ele>
   </trkpt>
   <trkpt lat="-37.8394810" lon="144.9712260">
    <ele>20.2</ele>
   </trkpt>
   <trkpt lat="-37.8394440" lon="144.9712020">
    <ele>19.8</ele>
   </trkpt>
   <trkpt lat="-37.8394020" lon="144.9711710">
    <ele>19.8</ele>
   </trkpt>
   <trkpt lat="-37.8393670" lon="144.9711420">
    <ele>19.8</ele>
   </trkpt>
   <trkpt lat="-37.8393270" lon="144.9711080">
    <ele>19.6</ele>
   </trkpt>
   <trkpt lat="-37.8392860" lon="144.9710780">
    <ele>19.6</ele>
   </trkpt>
   <trkpt lat="-37.8392570" lon="144.9710470">
    <ele>19.4</ele>
   </trkpt>
   <trkpt lat="-37.8392170" lon="144.9710150">
    <ele>19.0</ele>
   </trkpt>
   <trkpt lat="-37.8391850" lon="144.9709760">
    <ele>18.8</ele>
   </trkpt>
   <trkpt lat="-37.8391470" lon="144.9709390">
    <ele>18.8</ele>
   </trkpt>
   <trkpt lat="-37.8391230" lon="144.9709040">
    <ele>18.8</ele>
   </trkpt>
   <trkpt lat="-37.8390870" lon="144.9708630">
    <ele>19.0</ele>
   </trkpt>
   <trkpt lat="-37.8390540" lon="144.9708260">
    <ele>19.0</ele>
   </trkpt>
   <trkpt lat="-37.8390260" lon="144.9707880">
    <ele>19.6</ele>
   </trkpt>
   <trkpt lat="-37.8389880" lon="144.9707480">
    <ele>19.6</ele>
   </trkpt>
   <trkpt lat="-37.8389640" lon="144.9707130">
    <ele>19.4</ele>
   </trkpt>
   <trkpt lat="-37.8389290" lon="144.9706700">
    <ele>19.4</ele>
   </trkpt>
   <trkpt lat="-37.8389070" lon="144.9706340">
    <ele>19.6</ele>
   </trkpt>
   <trkpt lat="-37.8388780" lon="144.9705900">
    <ele>19.6</ele>
   </trkpt>
   <trkpt lat="-37.8388560" lon="144.9705480">
    <ele>19.4</ele>
   </trkpt>
   <trkpt lat="-37.8388310" lon="144.9705000">
    <ele>19.2</ele>
   </trkpt>
   <trkpt lat="-37.8388080" lon="144.9704560">
    <ele>19.0</ele>
   </trkpt>
   <trkpt lat="-37.8387890" lon="144.9704150">
    <ele>18.8</ele>
   </trkpt>
   <trkpt lat="-37.8387650" lon="144.9703690">
    <ele>18.8</ele>
   </trkpt>
   <trkpt lat="-37.8387540" lon="144.9703270">
    <ele>18.8</ele>
   </trkpt>
   <trkpt lat="-37.8387260" lon="144.9702780">
    <ele>18.8</ele>
   </trkpt>
   <trkpt lat="-37.8387090" lon="144.9702360">
    <ele>19.0</ele>
   </trkpt>
   <trkpt lat="-37.8386880" lon="144.9701810">
    <ele>19.0</ele>
   </trkpt>
   <trkpt lat="-37.8386710" lon="144.9701350">
    <ele>19.0</ele>
   </trkpt>
   <trkpt lat="-37.8386540" lon="144.9700830">
    <ele>19.0</ele>
   </trkpt>
   <trkpt lat="-37.8386380" lon="144.9700320">
    <ele>19.0</ele>
   </trkpt>
   <trkpt lat="-37.8386270" lon="144.9699840">
    <ele>19.0</ele>
   </trkpt>
   <trkpt lat="-37.8386100" lon="144.9699280">
    <ele>19.0</ele>
   </trkpt>
   <trkpt lat="-37.8386040" lon="144.9698810">
    <ele>19.0</ele>
   </trkpt>
   <trkpt lat="-37.8385890" lon="144.9698260">
    <ele>18.8</ele>
   </trkpt>
   <trkpt lat="-37.8385850" lon="144.9697790">
    <ele>18.8</ele>
   </trkpt>
   <trkpt lat="-37.8385780" lon="144.9697220">
    <ele>19.0</ele>
   </trkpt>
   <trkpt lat="-37.8385690" lon="144.9696680">
    <ele>19.0</ele>
   </trkpt>
   <trkpt lat="-37.8385600" lon="144.9696130">
    <ele>18.8</ele>
   </trkpt>
   <trkpt lat="-37.8385520" lon="144.9695590">
    <ele>18.8</ele>
   </trkpt>
   <trkpt lat="-37.8385460" lon="144.9695050">
    <ele>18.6</ele>
   </trkpt>
   <trkpt lat="-37.8385360" lon="144.9694490">
    <ele>18.4</ele>
   </trkpt>
   <trkpt lat="-37.8385370" lon="144.9693990">
    <ele>18.2</ele>
   </trkpt>
   <trkpt lat="-37.8385330" lon="144.9693420">
    <ele>18.2</ele>
   </trkpt>
   <trkpt lat="-37.8385290" lon="144.9692930">
    <ele>18.0</ele>
   </trkpt>
   <trkpt lat="-37.8385170" lon="144.9692360">
    <ele>18.0</ele>
   </trkpt>
   <trkpt lat="-37.8385080" lon="144.9691850">
    <ele>18.2</ele>
   </trkpt>
   <trkpt lat="-37.8384970" lon="144.9691330">
    <ele>18.2</ele>
   </trkpt>
   <trkpt lat="-37.8384860" lon="144.9690760">
    <ele>18.2</ele>
   </trkpt>
   <trkpt lat="-37.8384750" lon="144.9690210">
    <ele>18.2</ele>
   </trkpt>
   <trkpt lat="-37.8384570" lon="144.9689630">
    <ele>18.0</ele>
   </trkpt>
   <trkpt lat="-37.8384450" lon="144.9689140">
    <ele>18.0</ele>
   </trkpt>
   <trkpt lat="-37.8384280" lon="144.9688540">
    <ele>18.0</ele>
   </trkpt>
   <trkpt lat="-37.8384190" lon="144.9688070">
    <ele>17.8</ele>
   </trkpt>
   <trkpt lat="-37.8384060" lon="144.9687500">
    <ele>17.6</ele>
   </trkpt>
   <trkpt lat="-37.8383950" lon="144.9687050">
    <ele>17.2</ele>
   </trkpt>
   <trkpt lat="-37.8383860" lon="144.9686500">
    <ele>17.0</ele>
   </trkpt>
   <trkpt lat="-37.8383720" lon="144.9686000">
    <ele>16.8</ele>
   </trkpt>
   <trkpt lat="-37.8383620" lon="144.9685430">
    <ele>16.8</ele>
   </trkpt>
   <trkpt lat="-37.8383470" lon="144.9684920">
    <ele>16.8</ele>
   </trkpt>
   <trkpt lat="-37.8383330" lon="144.9684420">
    <ele>17.0</ele>
   </trkpt>
   <trkpt lat="-37.8383070" lon="144.9683920">
    <ele>17.0</ele>
   </trkpt>
   <trkpt lat="-37.8382870" lon="144.9683500">
    <ele>17.2</ele>
   </trkpt>
   <trkpt lat="-37.8382590" lon="144.9682980">
    <ele>17.2</ele>
   </trkpt>
   <trkpt lat="-37.8382380" lon="144.9682550">
    <ele>17.2</ele>
   </trkpt>
   <trkpt lat="-37.8382050" lon="144.9682090">
    <ele>16.8</ele>
   </trkpt>
   <trkpt lat="-37.8381750" lon="144.9681590">
    <ele>16.6</ele>
   </trkpt>
   <trkpt lat="-37.8381460" lon="144.9681080">
    <ele>16.4</ele>
   </trkpt>
   <trkpt lat="-37.8381230" lon="144.9680590">
    <ele>16.4</ele>
   </trkpt>
   <trkpt lat="-37.8381050" lon="144.9680080">
    <ele>16.2</ele>
   </trkpt>
   <trkpt lat="-37.8380920" lon="144.9679500">
    <ele>16.0</ele>
   </trkpt>
   <trkpt lat="-37.8380870" lon="144.9678990">
    <ele>15.8</ele>
   </trkpt>
   <trkpt lat="-37.8380800" lon="144.9678380">
    <ele>15.6</ele>
   </trkpt>
   <trkpt lat="-37.8380830" lon="144.9677850">
    <ele>15.6</ele>
   </trkpt>
   <trkpt lat="-37.8380900" lon="144.9677270">
    <ele>15.6</ele>
   </trkpt>
   <trkpt lat="-37.8381020" lon="144.9676820">
    <ele>15.4</ele>
   </trkpt>
   <trkpt lat="-37.8381170" lon="144.9676260">
    <ele>15.4</ele>
   </trkpt>
   <trkpt lat="-37.8381350" lon="144.9675810">
    <ele>15.4</ele>
   </trkpt>
   <trkpt lat="-37.8381530" lon="144.9675270">
    <ele>15.4</ele>
   </trkpt>
   <trkpt lat="-37.8381680" lon="144.9674830">
    <ele>15.4</ele>
   </trkpt>
   <trkpt lat="-37.8381840" lon="144.9674360">
    <ele>15.4</ele>
   </trkpt>
   <trkpt lat="-37.8382000" lon="144.9673860">
    <ele>15.6</ele>
   </trkpt>
   <trkpt lat="-37.8382170" lon="144.9673410">
    <ele>15.6</ele>
   </trkpt>
   <trkpt lat="-37.8382340" lon="144.9672900">
    <ele>15.6</ele>
   </trkpt>
   <trkpt lat="-37.8382560" lon="144.9672450">
    <ele>15.2</ele>
   </trkpt>
   <trkpt lat="-37.8382740" lon="144.9671970">
    <ele>15.0</ele>
   </trkpt>
   <trkpt lat="-37.8383020" lon="144.9671530">
    <ele>15.0</ele>
   </trkpt>
   <trkpt lat="-37.8383220" lon="144.9671000">
    <ele>15.2</ele>
   </trkpt>
   <trkpt lat="-37.8383430" lon="144.9670570">
    <ele>15.2</ele>
   </trkpt>
   <trkpt lat="-37.8383690" lon="144.9670010">
    <ele>15.4</ele>
   </trkpt>
   <trkpt lat="-37.8383880" lon="144.9669570">
    <ele>15.4</ele>
   </trkpt>
   <trkpt lat="-37.8384130" lon="144.9669000">
    <ele>15.2</ele>
   </trkpt>
   <trkpt lat="-37.8384270" lon="144.9668490">
    <ele>15.2</ele>
   </trkpt>
   <trkpt lat="-37.8384440" lon="144.9667920">
    <ele>15.2</ele>
   </trkpt>
   <trkpt lat="-37.8384610" lon="144.9667420">
    <ele>15.2</ele>
   </trkpt>
   <trkpt lat="-37.8384790" lon="144.9666930">
    <ele>15.2</ele>
   </trkpt>
   <trkpt lat="-37.8384970" lon="144.9666410">
    <ele>15.2</ele>
   </trkpt>
   <trkpt lat="-37.8385130" lon="144.9665950">
    <ele>15.0</ele>
   </trkpt>
   <trkpt lat="-37.8385290" lon="144.9665360">
    <ele>15.0</ele>
   </trkpt>
   <trkpt lat="-37.8385460" lon="144.9664900">
    <ele>14.8</ele>
   </trkpt>
   <trkpt lat="-37.8385680" lon="144.9664370">
    <ele>14.6</ele>
   </trkpt>
   <trkpt lat="-37.8385780" lon="144.9663940">
    <ele>14.6</ele>
   </trkpt>
   <trkpt lat="-37.8385940" lon="144.9663390">
    <ele>14.4</ele>
   </trkpt>
   <trkpt lat="-37.8385990" lon="144.9662940">
    <ele>14.4</ele>
   </trkpt>
   <trkpt lat="-37.8386140" lon="144.9662420">
    <ele>14.4</ele>
   </trkpt>
   <trkpt lat="-37.8386280" lon="144.9661910">
    <ele>14.4</ele>
   </trkpt>
   <trkpt lat="-37.8386510" lon="144.9661380">
    <ele>14.2</ele>
   </trkpt>
   <trkpt lat="-37.8386630" lon="144.9660800">
    <ele>14.4</ele>
   </trkpt>
   <trkpt lat="-37.8386790" lon="144.9660280">
    <ele>14.4</ele>
   </trkpt>
   <trkpt lat="-37.8386910" lon="144.9659680">
    <ele>14.4</ele>
   </trkpt>
   <trkpt lat="-37.8387050" lon="144.9659180">
    <ele>14.2</ele>
   </trkpt>
   <trkpt lat="-37.8387240" lon="144.9658590">
    <ele>14.2</ele>
   </trkpt>
   <trkpt lat="-37.8387400" lon="144.9658120">
    <ele>14.0</ele>
   </trkpt>
   <trkpt lat="-37.8387670" lon="144.9657510">
    <ele>13.8</ele>
   </trkpt>
   <trkpt lat="-37.8387880" lon="144.9657080">
    <ele>13.8</ele>
   </trkpt>
   <trkpt lat="-37.8388090" lon="144.9656500">
    <ele>13.6</ele>
   </trkpt>
   <trkpt lat="-37.8388230" lon="144.9656020">
    <ele>13.4</ele>
   </trkpt>
   <trkpt lat="-37.8388380" lon="144.9655500">
    <ele>13.2</ele>
   </trkpt>
   <trkpt lat="-37.8388520" lon="144.9655010">
    <ele>13.2</ele>
   </trkpt>
   <trkpt lat="-37.8388730" lon="144.9654570">
    <ele>13.2</ele>
   </trkpt>
   <trkpt lat="-37.8388940" lon="144.9654090">
    <ele>13.0</ele>
   </trkpt>
   <trkpt lat="-37.8389170" lon="144.9653630">
    <ele>12.8</ele>
   </trkpt>
   <trkpt lat="-37.8389350" lon="144.9653060">
    <ele>12.6</ele>
   </trkpt>
   <trkpt lat="-37.8389530" lon="144.9652610">
    <ele>12.4</ele>
   </trkpt>
   <trkpt lat="-37.8389780" lon="144.9652050">
    <ele>12.2</ele>
   </trkpt>
   <trkpt lat="-37.8390030" lon="144.9651550">
    <ele>12.2</ele>
   </trkpt>
   <trkpt lat="-37.8390340" lon="144.9651050">
    <ele>12.2</ele>
   </trkpt>
   <trkpt lat="-37.8390620" lon="144.9650640">
    <ele>12.0</ele>
   </trkpt>
   <trkpt lat="-37.8390900" lon="144.9650100">
    <ele>12.0</ele>
   </trkpt>
   <trkpt lat="-37.8391120" lon="144.9649670">
    <ele>11.8</ele>
   </trkpt>
   <trkpt lat="-37.8391390" lon="144.9649210">
    <ele>11.8</ele>
   </trkpt>
   <trkpt lat="-37.8391630" lon="144.9648730">
    <ele>11.6</ele>
   </trkpt>
   <trkpt lat="-37.8391900" lon="144.9648290">
    <ele>11.6</ele>
   </trkpt>
   <trkpt lat="-37.8392130" lon="144.9647830">
    <ele>11.4</ele>
   </trkpt>
   <trkpt lat="-37.8392400" lon="144.9647410">
    <ele>11.4</ele>
   </trkpt>
   <trkpt lat="-37.8392690" lon="144.9646890">
    <ele>11.4</ele>
   </trkpt>
   <trkpt lat="-37.8392980" lon="144.9646470">
    <ele>11.2</ele>
   </trkpt>
   <trkpt lat="-37.8393200" lon="144.9645890">
    <ele>11.2</ele>
   </trkpt>
   <trkpt lat="-37.8393470" lon="144.9645510">
    <ele>11.2</ele>
   </trkpt>
   <trkpt lat="-37.8393770" lon="144.9645000">
    <ele>11.0</ele>
   </trkpt>
   <trkpt lat="-37.8394000" lon="144.9644580">
    <ele>11.0</ele>
   </trkpt>
   <trkpt lat="-37.8394300" lon="144.9644040">
    <ele>11.0</ele>
   </trkpt>
   <trkpt lat="-37.8394580" lon="144.9643660">
    <ele>11.0</ele>
   </trkpt>
   <trkpt lat="-37.8394880" lon="144.9643160">
    <ele>11.0</ele>
   </trkpt>
   <trkpt lat="-37.8395170" lon="144.9642690">
    <ele>10.8</ele>
   </trkpt>
   <trkpt lat="-37.8395410" lon="144.9642240">
    <ele>10.6</ele>
   </trkpt>
   <trkpt lat="-37.8395620" lon="144.9641780">
    <ele>10.4</ele>
   </trkpt>
   <trkpt lat="-37.8395910" lon="144.9641370">
    <ele>10.2</ele>
   </trkpt>
   <trkpt lat="-37.8396170" lon="144.9640820">
    <ele>10.0</ele>
   </trkpt>
   <trkpt lat="-37.8396430" lon="144.9640440">
    <ele>9.8</ele>
   </trkpt>
   <trkpt lat="-37.8396720" lon="144.9639890">
    <ele>9.8</ele>
   </trkpt>
   <trkpt lat="-37.8397060" lon="144.9639530">
    <ele>9.6</ele>
   </trkpt>
   <trkpt lat="-37.8397390" lon="144.9638990">
    <ele>9.4</ele>
   </trkpt>
   <trkpt lat="-37.8397710" lon="144.9638600">
    <ele>9.0</ele>
   </trkpt>
   <trkpt lat="-37.8398150" lon="144.9638180">
    <ele>8.8</ele>
   </trkpt>
   <trkpt lat="-37.8398540" lon="144.9637930">
    <ele>8.6</ele>
   </trkpt>
   <trkpt lat="-37.8398990" lon="144.9637690">
    <ele>8.4</ele>
   </trkpt>
   <trkpt lat="-37.8399410" lon="144.9637530">
    <ele>8.2</ele>
   </trkpt>
   <trkpt lat="-37.8399860" lon="144.9637390">
    <ele>8.0</ele>
   </trkpt>
   <trkpt lat="-37.8400320" lon="144.9637300">
    <ele>7.8</ele>
   </trkpt>
   <trkpt lat="-37.8400780" lon="144.9637310">
    <ele>7.6</ele>
   </trkpt>
   <trkpt lat="-37.8401270" lon="144.9637270">
    <ele>7.4</ele>
   </trkpt>
   <trkpt lat="-37.8401720" lon="144.9637300">
    <ele>7.2</ele>
   </trkpt>
   <trkpt lat="-37.8402170" lon="144.9637230">
    <ele>7.0</ele>
   </trkpt>
   <trkpt lat="-37.8402570" lon="144.9637210">
    <ele>6.8</ele>
   </trkpt>
   <trkpt lat="-37.8403100" lon="144.9637150">
    <ele>6.6</ele>
   </trkpt>
   <trkpt lat="-37.8403530" lon="144.9637170">
    <ele>6.6</ele>
   </trkpt>
   <trkpt lat="-37.8404050" lon="144.9637180">
    <ele>6.4</ele>
   </trkpt>
   <trkpt lat="-37.8404510" lon="144.9637230">
    <ele>6.2</ele>
   </trkpt>
   <trkpt lat="-37.8405020" lon="144.9637220">
    <ele>6.0</ele>
   </trkpt>
   <trkpt lat="-37.8405470" lon="144.9637170">
    <ele>5.8</ele>
   </trkpt>
   <trkpt lat="-37.8405900" lon="144.9637150">
    <ele>5.6</ele>
   </trkpt>
   <trkpt lat="-37.8406340" lon="144.9637170">
    <ele>5.4</ele>
   </trkpt>
   <trkpt lat="-37.8406800" lon="144.9637230">
    <ele>5.2</ele>
   </trkpt>
   <trkpt lat="-37.8407270" lon="144.9637210">
    <ele>5.0</ele>
   </trkpt>
   <trkpt lat="-37.8407700" lon="144.9637260">
    <ele>4.8</ele>
   </trkpt>
   <trkpt lat="-37.8408200" lon="144.9637290">
    <ele>4.4</ele>
   </trkpt>
   <trkpt lat="-37.8408630" lon="144.9637290">
    <ele>4.2</ele>
   </trkpt>
   <trkpt lat="-37.8409170" lon="144.9637270">
    <ele>4.0</ele>
   </trkpt>
   <trkpt lat="-37.8409590" lon="144.9637290">
    <ele>3.6</ele>
   </trkpt>
   <trkpt lat="-37.8410120" lon="144.9637290">
    <ele>3.4</ele>
   </trkpt>
   <trkpt lat="-37.8410570" lon="144.9637300">
    <ele>3.0</ele>
   </trkpt>
   <trkpt lat="-37.8411110" lon="144.9637340">
    <ele>2.8</ele>
   </trkpt>
   <trkpt lat="-37.8411580" lon="144.9637400">
    <ele>2.6</ele>
   </trkpt>
   <trkpt lat="-37.8412090" lon="144.9637400">
    <ele>2.2</ele>
   </trkpt>
   <trkpt lat="-37.8412590" lon="144.9637460">
    <ele>2.0</ele>
   </trkpt>
   <trkpt lat="-37.8413110" lon="144.9637470">
    <ele>1.6</ele>
   </trkpt>
   <trkpt lat="-37.8413570" lon="144.9637500">
    <ele>1.4</ele>
   </trkpt>
   <trkpt lat="-37.8414110" lon="144.9637460">
    <ele>1.0</ele>
   </trkpt>
   <trkpt lat="-37.8414570" lon="144.9637470">
    <ele>0.8</ele>
   </trkpt>
   <trkpt lat="-37.8415110" lon="144.9637450">
    <ele>0.6</ele>
   </trkpt>
   <trkpt lat="-37.8415550" lon="144.9637420">
    <ele>0.4</ele>
   </trkpt>
   <trkpt lat="-37.8416130" lon="144.9637380">
    <ele>0.0</ele>
   </trkpt>
   <trkpt lat="-37.8416600" lon="144.9637310">
    <ele>-0.2</ele>
   </trkpt>
   <trkpt lat="-37.8417140" lon="144.9637230">
    <ele>-0.6</ele>
   </trkpt>
   <trkpt lat="-37.8417610" lon="144.9637030">
    <ele>-1.0</ele>
   </trkpt>
   <trkpt lat="-37.8418070" lon="144.9636770">
    <ele>-1.4</ele>
   </trkpt>
   <trkpt lat="-37.8418460" lon="144.9636380">
    <ele>-1.6</ele>
   </trkpt>
   <trkpt lat="-37.8418810" lon="144.9635970">
    <ele>-1.8</ele>
   </trkpt>
   <trkpt lat="-37.8419070" lon="144.9635420">
    <ele>-2.0</ele>
   </trkpt>
   <trkpt lat="-37.8419310" lon="144.9634950">
    <ele>-2.2</ele>
   </trkpt>
   <trkpt lat="-37.8419470" lon="144.9634310">
    <ele>-2.4</ele>
   </trkpt>
   <trkpt lat="-37.8419600" lon="144.9633780">
    <ele>-2.4</ele>
   </trkpt>
   <trkpt lat="-37.8419720" lon="144.9633150">
    <ele>-2.6</ele>
   </trkpt>
   <trkpt lat="-37.8419830" lon="144.9632660">
    <ele>-2.8</ele>
   </trkpt>
   <trkpt lat="-37.8419960" lon="144.9632050">
    <ele>-3.0</ele>
   </trkpt>
   <trkpt lat="-37.8420080" lon="144.9631570">
    <ele>-3.0</ele>
   </trkpt>
   <trkpt lat="-37.8420220" lon="144.9630940">
    <ele>-3.2</ele>
   </trkpt>
   <trkpt lat="-37.8420300" lon="144.9630440">
    <ele>-3.4</ele>
   </trkpt>
   <trkpt lat="-37.8420410" lon="144.9629850">
    <ele>-3.4</ele>
   </trkpt>
   <trkpt lat="-37.8420490" lon="144.9629300">
    <ele>-3.6</ele>
   </trkpt>
   <trkpt lat="-37.8420570" lon="144.9628750">
    <ele>-3.6</ele>
   </trkpt>
   <trkpt lat="-37.8420620" lon="144.9628170">
    <ele>-3.6</ele>
   </trkpt>
   <trkpt lat="-37.8420720" lon="144.9627650">
    <ele>-3.8</ele>
   </trkpt>
   <trkpt lat="-37.8420710" lon="144.9627040">
    <ele>-3.8</ele>
   </trkpt>
   <trkpt lat="-37.8420810" lon="144.9626590">
    <ele>-3.6</ele>
   </trkpt>
   <trkpt lat="-37.8420890" lon="144.9625960">
    <ele>-3.6</ele>
   </trkpt>
   <trkpt lat="-37.8421040" lon="144.9625540">
    <ele>-3.4</ele>
   </trkpt>
   <trkpt lat="-37.8421210" lon="144.9624930">
    <ele>-3.2</ele>
   </trkpt>
   <trkpt lat="-37.8421350" lon="144.9624460">
    <ele>-3.2</ele>
   </trkpt>
   <trkpt lat="-37.8421560" lon="144.9623900">
    <ele>-3.2</ele>
   </trkpt>
   <trkpt lat="-37.8421770" lon="144.9623380">
    <ele>-3.2</ele>
   </trkpt>
   <trkpt lat="-37.8422050" lon="144.9622870">
    <ele>-3.2</ele>
   </trkpt>
   <trkpt lat="-37.8422420" lon="144.9622460">
    <ele>-3.2</ele>
   </trkpt>
   <trkpt lat="-37.8422810" lon="144.9622210">
    <ele>-3.2</ele>
   </trkpt>
   <trkpt lat="-37.8423290" lon="144.9621970">
    <ele>-3.4</ele>
   </trkpt>
   <trkpt lat="-37.8423760" lon="144.9622010">
    <ele>-3.4</ele>
   </trkpt>
   <trkpt lat="-37.8424240" lon="144.9622100">
    <ele>-3.4</ele>
   </trkpt>
   <trkpt lat="-37.8424630" lon="144.9622290">
    <ele>-3.6</ele>
   </trkpt>
   <trkpt lat="-37.8425140" lon="144.9622520">
    <ele>-3.6</ele>
   </trkpt>
   <trkpt lat="-37.8425460" lon="144.9622780">
    <ele>-3.6</ele>
   </trkpt>
   <trkpt lat="-37.8425930" lon="144.9623070">
    <ele>-3.8</ele>
   </trkpt>
   <trkpt lat="-37.8426230" lon="144.9623300">
    <ele>-4.0</ele>
   </trkpt>
   <trkpt lat="-37.8426630" lon="144.9623560">
    <ele>-4.0</ele>
   </trkpt>
   <trkpt lat="-37.8427010" lon="144.9623840">
    <ele>-4.0</ele>
   </trkpt>
   <trkpt lat="-37.8427440" lon="144.9624120">
    <ele>-4.2</ele>
   </trkpt>
   <trkpt lat="-37.8427790" lon="144.9624320">
    <ele>-4.2</ele>
   </trkpt>
   <trkpt lat="-37.8428190" lon="144.9624570">
    <ele>-4.2</ele>
   </trkpt>
   <trkpt lat="-37.8428610" lon="144.9624810">
    <ele>-4.2</ele>
   </trkpt>
   <trkpt lat="-37.8428980" lon="144.9625080">
    <ele>-4.4</ele>
   </trkpt>
   <trkpt lat="-37.8429430" lon="144.9625310">
    <ele>-4.6</ele>
   </trkpt>
   <trkpt lat="-37.8429780" lon="144.9625570">
    <ele>-4.8</ele>
   </trkpt>
   <trkpt lat="-37.8430220" lon="144.9625850">
    <ele>-5.0</ele>
   </trkpt>
   <trkpt lat="-37.8430540" lon="144.9626120">
    <ele>-5.2</ele>
   </trkpt>
   <trkpt lat="-37.8430990" lon="144.9626430">
    <ele>-5.4</ele>
   </trkpt>
   <trkpt lat="-37.8431370" lon="144.9626670">
    <ele>-5.4</ele>
   </trkpt>
   <trkpt lat="-37.8431850" lon="144.9626970">
    <ele>-5.6</ele>
   </trkpt>
   <trkpt lat="-37.8432160" lon="144.9627210">
    <ele>-5.6</ele>
   </trkpt>
   <trkpt lat="-37.8432500" lon="144.9627510">
    <ele>-5.8</ele>
   </trkpt>
   <trkpt lat="-37.8432900" lon="144.9627800">
    <ele>-5.8</ele>
   </trkpt>
   <trkpt lat="-37.8433250" lon="144.9628070">
    <ele>-5.8</ele>
   </trkpt>
   <trkpt lat="-37.8433660" lon="144.9628350">
    <ele>-5.8</ele>
   </trkpt>
   <trkpt lat="-37.8433990" lon="144.9628600">
    <ele>-5.8</ele>
   </trkpt>
   <trkpt lat="-37.8434450" lon="144.9628920">
    <ele>-5.6</ele>
   </trkpt>
   <trkpt lat="-37.8434800" lon="144.9629210">
    <ele>-5.4</ele>
   </trkpt>
   <trkpt lat="-37.8435270" lon="144.9629550">
    <ele>-5.4</ele>
   </trkpt>
   <trkpt lat="-37.8435620" lon="144.9629840">
    <ele>-5.4</ele>
   </trkpt>
   <trkpt lat="-37.8436070" lon="144.9630180">
    <ele>-5.2</ele>
   </trkpt>
   <trkpt lat="-37.8436450" lon="144.9630470">
    <ele>-5.2</ele>
   </trkpt>
   <trkpt lat="-37.8436890" lon="144.9630830">
    <ele>-5.2</ele>
   </trkpt>
   <trkpt lat="-37.8437240" lon="144.9631150">
    <ele>-5.2</ele>
   </trkpt>
   <trkpt lat="-37.8437610" lon="144.9631530">
    <ele>-5.2</ele>
   </trkpt>
   <trkpt lat="-37.8438000" lon="144.9631920">
    <ele>-5.2</ele>
   </trkpt>
   <trkpt lat="-37.8438380" lon="144.9632230">
    <ele>-5.2</ele>
   </trkpt>
   <trkpt lat="-37.8438780" lon="144.9632540">
    <ele>-5.2</ele>
   </trkpt>
   <trkpt lat="-37.8439110" lon="144.9632870">
    <ele>-5.2</ele>
   </trkpt>
   <trkpt lat="-37.8439440" lon="144.9633150">
    <ele>-5.2</ele>
   </trkpt>
   <trkpt lat="-37.8439760" lon="144.9633420">
    <ele>-5.2</ele>
   </trkpt>
   <trkpt lat="-37.8440150" lon="144.9633740">
    <ele>-5.2</ele>
   </trkpt>
   <trkpt lat="-37.8440480" lon="144.9634040">
    <ele>-5.2</ele>
   </trkpt>
   <trkpt lat="-37.8440960" lon="144.9634350">
    <ele>-5.2</ele>
   </trkpt>
   <trkpt lat="-37.8441280" lon="144.9634670">
    <ele>-5.2</ele>
   </trkpt>
   <trkpt lat="-37.8441740" lon="144.9634990">
    <ele>-5.4</ele>
   </trkpt>
   <trkpt lat="-37.8442070" lon="144.9635270">
    <ele>-5.4</ele>
   </trkpt>
   <trkpt lat="-37.8442480" lon="144.9635590">
    <ele>-5.4</ele>
   </trkpt>
   <trkpt lat="-37.8442800" lon="144.9635890">
    <ele>-5.6</ele>
   </trkpt>
   <trkpt lat="-37.8443180" lon="144.9636240">
    <ele>-5.6</ele>
   </trkpt>
   <trkpt lat="-37.8443550" lon="144.9636540">
    <ele>-5.6</ele>
   </trkpt>
   <trkpt lat="-37.8443900" lon="144.9636890">
    <ele>-5.8</ele>
   </trkpt>
   <trkpt lat="-37.8444280" lon="144.9637210">
    <ele>-5.8</ele>
   </trkpt>
   <trkpt lat="-37.8444630" lon="144.9637560">
    <ele>-5.8</ele>
   </trkpt>
   <trkpt lat="-37.8445000" lon="144.9637880">
    <ele>-6.0</ele>
   </trkpt>
   <trkpt lat="-37.8445350" lon="144.9638270">
    <ele>-6.0</ele>
   </trkpt>
   <trkpt lat="-37.8445740" lon="144.9638590">
    <ele>-6.0</ele>
   </trkpt>
   <trkpt lat="-37.8446000" lon="144.9638930">
    <ele>-6.2</ele>
   </trkpt>
   <trkpt lat="-37.8446390" lon="144.9639300">
    <ele>-6.2</ele>
   </trkpt>
   <trkpt lat="-37.8446670" lon="144.9639610">
    <ele>-6.4</ele>
   </trkpt>
   <trkpt lat="-37.8447130" lon="144.9639990">
    <ele>-6.4</ele>
   </trkpt>
   <trkpt lat="-37.8447390" lon="144.9640320">
    <ele>-6.6</ele>
   </trkpt>
   <trkpt lat="-37.8447790" lon="144.9640710">
    <ele>-6.6</ele>
   </trkpt>
   <trkpt lat="-37.8448130" lon="144.9641110">
    <ele>-6.6</ele>
   </trkpt>
   <trkpt lat="-37.8448530" lon="144.9641520">
    <ele>-6.6</ele>
   </trkpt>
   <trkpt lat="-37.8448870" lon="144.9641880">
    <ele>-6.6</ele>
   </trkpt>
   <trkpt lat="-37.8449210" lon="144.9642240">
    <ele>-6.6</ele>
   </trkpt>
   <trkpt lat="-37.8449500" lon="144.9642550">
    <ele>-6.8</ele>
   </trkpt>
   <trkpt lat="-37.8449840" lon="144.9642910">
    <ele>-6.8</ele>
   </trkpt>
   <trkpt lat="-37.8450180" lon="144.9643290">
    <ele>-6.8</ele>
   </trkpt>
   <trkpt lat="-37.8450550" lon="144.9643680">
    <ele>-6.8</ele>
   </trkpt>
   <trkpt lat="-37.8450980" lon="144.9644110">
    <ele>-7.0</ele>
   </trkpt>
   <trkpt lat="-37.8451310" lon="144.9644520">
    <ele>-7.0</ele>
   </trkpt>
   <trkpt lat="-37.8451700" lon="144.9644840">
    <ele>-7.2</ele>
   </trkpt>
   <trkpt lat="-37.8452040" lon="144.9645210">
    <ele>-7.4</ele>
   </trkpt>
   <trkpt lat="-37.8452450" lon="144.9645590">
    <ele>-7.8</ele>
   </trkpt>
   <trkpt lat="-37.8452760" lon="144.9646010">
    <ele>-8.2</ele>
   </trkpt>
   <trkpt lat="-37.8453260" lon="144.9646410">
    <ele>-8.2</ele>
   </trkpt>
   <trkpt lat="-37.8453560" lon="144.9646800">
    <ele>-8.4</ele>
   </trkpt>
   <trkpt lat="-37.8453950" lon="144.9647240">
    <ele>-8.6</ele>
   </trkpt>
   <trkpt lat="-37.8454250" lon="144.9647590">
    <ele>-8.6</ele>
   </trkpt>
   <trkpt lat="-37.8454700" lon="144.9647970">
    <ele>-8.8</ele>
   </trkpt>
   <trkpt lat="-37.8454980" lon="144.9648330">
    <ele>-8.8</ele>
   </trkpt>
   <trkpt lat="-37.8455390" lon="144.9648730">
    <ele>-9.0</ele>
   </trkpt>
   <trkpt lat="-37.8455640" lon="144.9649040">
    <ele>-9.0</ele>
   </trkpt>
   <trkpt lat="-37.8456000" lon="144.9649460">
    <ele>-9.0</ele>
   </trkpt>
   <trkpt lat="-37.8456250" lon="144.9649800">
    <ele>-9.2</ele>
   </trkpt>
   <trkpt lat="-37.8456640" lon="144.9650220">
    <ele>-9.2</ele>
   </trkpt>
   <trkpt lat="-37.8456960" lon="144.9650600">
    <ele>-9.4</ele>
   </trkpt>
   <trkpt lat="-37.8457310" lon="144.9651100">
    <ele>-9.2</ele>
   </trkpt>
   <trkpt lat="-37.8457580" lon="144.9651550">
    <ele>-9.2</ele>
   </trkpt>
   <trkpt lat="-37.8457910" lon="144.9652020">
    <ele>-9.2</ele>
   </trkpt>
   <trkpt lat="-37.8458220" lon="144.9652440">
    <ele>-9.0</ele>
   </trkpt>
   <trkpt lat="-37.8458500" lon="144.9652880">
    <ele>-8.8</ele>
   </trkpt>
   <trkpt lat="-37.8458810" lon="144.9653300">
    <ele>-8.6</ele>
   </trkpt>
   <trkpt lat="-37.8459100" lon="144.9653760">
    <ele>-8.6</ele>
   </trkpt>
   <trkpt lat="-37.8459440" lon="144.9654310">
    <ele>-8.6</ele>
   </trkpt>
   <trkpt lat="-37.8459730" lon="144.9654820">
    <ele>-8.8</ele>
   </trkpt>
   <trkpt lat="-37.8460060" lon="144.9655260">
    <ele>-8.8</ele>
   </trkpt>
   <trkpt lat="-37.8460290" lon="144.9655630">
    <ele>-9.0</ele>
   </trkpt>
   <trkpt lat="-37.8460660" lon="144.9656000">
    <ele>-9.2</ele>
   </trkpt>
   <trkpt lat="-37.8460900" lon="144.9656380">
    <ele>-9.2</ele>
   </trkpt>
   <trkpt lat="-37.8461320" lon="144.9656850">
    <ele>-9.0</ele>
   </trkpt>
   <trkpt lat="-37.8461610" lon="144.9657230">
    <ele>-8.6</ele>
   </trkpt>
   <trkpt lat="-37.8461950" lon="144.9657640">
    <ele>-8.6</ele>
   </trkpt>
   <trkpt lat="-37.8462270" lon="144.9658010">
    <ele>-8.6</ele>
   </trkpt>
   <trkpt lat="-37.8462640" lon="144.9658420">
    <ele>-8.8</ele>
   </trkpt>
   <trkpt lat="-37.8462980" lon="144.9658800">
    <ele>-9.0</ele>
   </trkpt>
   <trkpt lat="-37.8463330" lon="144.9659170">
    <ele>-9.0</ele>
   </trkpt>
   <trkpt lat="-37.8463750" lon="144.9659500">
    <ele>-9.2</ele>
   </trkpt>
   <trkpt lat="-37.8464110" lon="144.9659830">
    <ele>-9.2</ele>
   </trkpt>
   <trkpt lat="-37.8464550" lon="144.9660100">
    <ele>-9.4</ele>
   </trkpt>
   <trkpt lat="-37.8464930" lon="144.9660420">
    <ele>-9.6</ele>
   </trkpt>
   <trkpt lat="-37.8465380" lon="144.9660670">
    <ele>-10.0</ele>
   </trkpt>
   <trkpt lat="-37.8465720" lon="144.9660920">
    <ele>-10.2</ele>
   </trkpt>
   <trkpt lat="-37.8466190" lon="144.9661170">
    <ele>-10.2</ele>
   </trkpt>
   <trkpt lat="-37.8466560" lon="144.9661380">
    <ele>-10.4</ele>
   </trkpt>
   <trkpt lat="-37.8467040" lon="144.9661560">
    <ele>-10.6</ele>
   </trkpt>
   <trkpt lat="-37.8467480" lon="144.9661680">
    <ele>-10.8</ele>
   </trkpt>
   <trkpt lat="-37.8467940" lon="144.9661800">
    <ele>-10.8</ele>
   </trkpt>
   <trkpt lat="-37.8468400" lon="144.9661820">
    <ele>-11.0</ele>
   </trkpt>
   <trkpt lat="-37.8468890" lon="144.9661910">
    <ele>-11.2</ele>
   </trkpt>
   <trkpt lat="-37.8469390" lon="144.9661930">
    <ele>-11.4</ele>
   </trkpt>
   <trkpt lat="-37.8469820" lon="144.9661980">
    <ele>-11.4</ele>
   </trkpt>
   <trkpt lat="-37.8470340" lon="144.9661930">
    <ele>-11.6</ele>
   </trkpt>
   <trkpt lat="-37.8470760" lon="144.9661960">
    <ele>-11.8</ele>
   </trkpt>
   <trkpt lat="-37.8471250" lon="144.9661870">
    <ele>-12.0</ele>
   </trkpt>
   <trkpt lat="-37.8471660" lon="144.9661840">
    <ele>-12.2</ele>
   </trkpt>
   <trkpt lat="-37.8472140" lon="144.9661730">
    <ele>-12.4</ele>
   </trkpt>
   <trkpt lat="-37.8472540" lon="144.9661620">
    <ele>-12.6</ele>
   </trkpt>
   <trkpt lat="-37.8473020" lon="144.9661530">
    <ele>-12.8</ele>
   </trkpt>
   <trkpt lat="-37.8473470" lon="144.9661350">
    <ele>-13.0</ele>
   </trkpt>
   <trkpt lat="-37.8473940" lon="144.9661230">
    <ele>-13.2</ele>
   </trkpt>
   <trkpt lat="-37.8474420" lon="144.9661070">
    <ele>-13.6</ele>
   </trkpt>
   <trkpt lat="-37.8474900" lon="144.9660960">
    <ele>-13.8</ele>
   </trkpt>
   <trkpt lat="-37.8475410" lon="144.9660700">
    <ele>-14.0</ele>
   </trkpt>
   <trkpt lat="-37.8475910" lon="144.9660520">
    <ele>-14.2</ele>
   </trkpt>
   <trkpt lat="-37.8476470" lon="144.9660370">
    <ele>-14.6</ele>
   </trkpt>
   <trkpt lat="-37.8476930" lon="144.9660520">
    <ele>-15.0</ele>
   </trkpt>
   <trkpt lat="-37.8477430" lon="144.9660680">
    <ele>-15.4</ele>
   </trkpt>
   <trkpt lat="-37.8477840" lon="144.9660920">
    <ele>-16.0</ele>
   </trkpt>
   <trkpt lat="-37.8478260" lon="144.9661230">
    <ele>-16.4</ele>
   </trkpt>
   <trkpt lat="-37.8478590" lon="144.9661560">
    <ele>-16.8</ele>
   </trkpt>
   <trkpt lat="-37.8478930" lon="144.9661880">
    <ele>-17.2</ele>
   </trkpt>
   <trkpt lat="-37.8479220" lon="144.9662230">
    <ele>-17.4</ele>
   </trkpt>
   <trkpt lat="-37.8479630" lon="144.9662570">
    <ele>-17.4</ele>
   </trkpt>
   <trkpt lat="-37.8479890" lon="144.9662940">
    <ele>-17.6</ele>
   </trkpt>
   <trkpt lat="-37.8480320" lon="144.9663330">
    <ele>-17.8</ele>
   </trkpt>
   <trkpt lat="-37.8480610" lon="144.9663680">
    <ele>-18.0</ele>
   </trkpt>
   <trkpt lat="-37.8481030" lon="144.9664080">
    <ele>-18.0</ele>
   </trkpt>
   <trkpt lat="-37.8481300" lon="144.9664410">
    <ele>-18.2</ele>
   </trkpt>
   <trkpt lat="-37.8481690" lon="144.9664780">
    <ele>-18.0</ele>
   </trkpt>
   <trkpt lat="-37.8481960" lon="144.9665130">
    <ele>-18.0</ele>
   </trkpt>
   <trkpt lat="-37.8482220" lon="144.9665530">
    <ele>-17.8</ele>
   </trkpt>
   <trkpt lat="-37.8482500" lon="144.9665900">
    <ele>-17.8</ele>
   </trkpt>
   <trkpt lat="-37.8482780" lon="144.9666240">
    <ele>-17.6</ele>
   </trkpt>
   <trkpt lat="-37.8483140" lon="144.9666550">
    <ele>-17.8</ele>
   </trkpt>
   <trkpt lat="-37.8483400" lon="144.9666950">
    <ele>-17.4</ele>
   </trkpt>
   <trkpt lat="-37.8483780" lon="144.9667390">
    <ele>-17.0</ele>
   </trkpt>
   <trkpt lat="-37.8484060" lon="144.9667800">
    <ele>-17.0</ele>
   </trkpt>
   <trkpt lat="-37.8484520" lon="144.9668300">
    <ele>-17.0</ele>
   </trkpt>
   <trkpt lat="-37.8484800" lon="144.9668710">
    <ele>-17.0</ele>
   </trkpt>
   <trkpt lat="-37.8485200" lon="144.9669140">
    <ele>-17.0</ele>
   </trkpt>
   <trkpt lat="-37.8485500" lon="144.9669430">
    <ele>-17.0</ele>
   </trkpt>
   <trkpt lat="-37.8485880" lon="144.9669840">
    <ele>-16.8</ele>
   </trkpt>
   <trkpt lat="-37.8486190" lon="144.9670210">
    <ele>-16.8</ele>
   </trkpt>
   <trkpt lat="-37.8486490" lon="144.9670590">
    <ele>-17.2</ele>
   </trkpt>
   <trkpt lat="-37.8486800" lon="144.9670980">
    <ele>-17.4</ele>
   </trkpt>
   <trkpt lat="-37.8487100" lon="144.9671390">
    <ele>-17.6</ele>
   </trkpt>
   <trkpt lat="-37.8487440" lon="144.9671770">
    <ele>-17.4</ele>
   </trkpt>
   <trkpt lat="-37.8487670" lon="144.9672170">
    <ele>-17.4</ele>
   </trkpt>
   <trkpt lat="-37.8488050" lon="144.9672560">
    <ele>-16.8</ele>
   </trkpt>
   <trkpt lat="-37.8488280" lon="144.9672940">
    <ele>-16.4</ele>
   </trkpt>
   <trkpt lat="-37.8488630" lon="144.9673330">
    <ele>-16.0</ele>
   </trkpt>
   <trkpt lat="-37.8488900" lon="144.9673730">
    <ele>-15.8</ele>
   </trkpt>
   <trkpt lat="-37.8489320" lon="144.9674200">
    <ele>-15.8</ele>
   </trkpt>
   <trkpt lat="-37.8489600" lon="144.9674610">
    <ele>-15.6</ele>
   </trkpt>
   <trkpt lat="-37.8490000" lon="144.9675040">
    <ele>-15.4</ele>
   </trkpt>
   <trkpt lat="-37.8490230" lon="144.9675410">
    <ele>-15.4</ele>
   </trkpt>
   <trkpt lat="-37.8490550" lon="144.9675870">
    <ele>-15.2</ele>
   </trkpt>
   <trkpt lat="-37.8490830" lon="144.9676230">
    <ele>-15.0</ele>
   </trkpt>
   <trkpt lat="-37.8491190" lon="144.9676670">
    <ele>-14.8</ele>
   </trkpt>
   <trkpt lat="-37.8491450" lon="144.9677060">
    <ele>-14.6</ele>
   </trkpt>
   <trkpt lat="-37.8491730" lon="144.9677430">
    <ele>-14.4</ele>
   </trkpt>
   <trkpt lat="-37.8492050" lon="144.9677820">
    <ele>-14.4</ele>
   </trkpt>
   <trkpt lat="-37.8492280" lon="144.9678160">
    <ele>-14.4</ele>
   </trkpt>
   <trkpt lat="-37.8492640" lon="144.9678510">
    <ele>-14.2</ele>
   </trkpt>
   <trkpt lat="-37.8492860" lon="144.9678840">
    <ele>-14.2</ele>
   </trkpt>
   <trkpt lat="-37.8493250" lon="144.9679250">
    <ele>-14.4</ele>
   </trkpt>
   <trkpt lat="-37.8493520" lon="144.9679590">
    <ele>-14.4</ele>
   </trkpt>
   <trkpt lat="-37.8493890" lon="144.9680040">
    <ele>-14.2</ele>
   </trkpt>
   <trkpt lat="-37.8494140" lon="144.9680420">
    <ele>-14.0</ele>
   </trkpt>
   <trkpt lat="-37.8494480" lon="144.9680910">
    <ele>-14.0</ele>
   </trkpt>
   <trkpt lat="-37.8494780" lon="144.9681320">
    <ele>-13.8</ele>
   </trkpt>
   <trkpt lat="-37.8495120" lon="144.9681810">
    <ele>-13.6</ele>
   </trkpt>
   <trkpt lat="-37.8495400" lon="144.9682240">
    <ele>-13.4</ele>
   </trkpt>
   <trkpt lat="-37.8495680" lon="144.9682660">
    <ele>-13.4</ele>
   </trkpt>
   <trkpt lat="-37.8496000" lon="144.9683060">
    <ele>-12.8</ele>
   </trkpt>
   <trkpt lat="-37.8496250" lon="144.9683450">
    <ele>-12.6</ele>
   </trkpt>
   <trkpt lat="-37.8496550" lon="144.9683880">
    <ele>-12.2</ele>
   </trkpt>
   <trkpt lat="-37.8496860" lon="144.9684300">
    <ele>-12.0</ele>
   </trkpt>
   <trkpt lat="-37.8497180" lon="144.9684770">
    <ele>-11.6</ele>
   </trkpt>
   <trkpt lat="-37.8497440" lon="144.9685150">
    <ele>-11.6</ele>
   </trkpt>
   <trkpt lat="-37.8497760" lon="144.9685590">
    <ele>-11.8</ele>
   </trkpt>
   <trkpt lat="-37.8498020" lon="144.9686000">
    <ele>-12.0</ele>
   </trkpt>
   <trkpt lat="-37.8498370" lon="144.9686480">
    <ele>-12.2</ele>
   </trkpt>
   <trkpt lat="-37.8498640" lon="144.9686840">
    <ele>-12.6</ele>
   </trkpt>
   <trkpt lat="-37.8498890" lon="144.9687230">
    <ele>-12.6</ele>
   </trkpt>
   <trkpt lat="-37.8499230" lon="144.9687620">
    <ele>-12.4</ele>
   </trkpt>
   <trkpt lat="-37.8499640" lon="144.9688170">
    <ele>-12.4</ele>
   </trkpt>
   <trkpt lat="-37.8499920" lon="144.9688550">
    <ele>-12.2</ele>
   </trkpt>
   <trkpt lat="-37.8500320" lon="144.9689120">
    <ele>-12.0</ele>
   </trkpt>
   <trkpt lat="-37.8500590" lon="144.9689520">
    <ele>-12.0</ele>
   </trkpt>
   <trkpt lat="-37.8500970" lon="144.9690080">
    <ele>-12.0</ele>
   </trkpt>
   <trkpt lat="-37.8501290" lon="144.9690480">
    <ele>-12.2</ele>
   </trkpt>
   <trkpt lat="-37.8501630" lon="144.9690940">
    <ele>-12.0</ele>
   </trkpt>
   <trkpt lat="-37.8501930" lon="144.9691350">
    <ele>-12.0</ele>
   </trkpt>
   <trkpt lat="-37.8502260" lon="144.9691830">
    <ele>-11.8</ele>
   </trkpt>
   <trkpt lat="-37.8502600" lon="144.9692250">
    <ele>-11.6</ele>
   </trkpt>
   <trkpt lat="-37.8502900" lon="144.9692680">
    <ele>-11.4</ele>
   </trkpt>
   <trkpt lat="-37.8503230" lon="144.9693100">
    <ele>-11.0</ele>
   </trkpt>
   <trkpt lat="-37.8503480" lon="144.9693470">
    <ele>-10.8</ele>
   </trkpt>
   <trkpt lat="-37.8503850" lon="144.9693880">
    <ele>-10.6</ele>
   </trkpt>
   <trkpt lat="-37.8504100" lon="144.9694250">
    <ele>-10.4</ele>
   </trkpt>
   <trkpt lat="-37.8504520" lon="144.9694690">
    <ele>-10.4</ele>
   </trkpt>
   <trkpt lat="-37.8504760" lon="144.9695060">
    <ele>-10.2</ele>
   </trkpt>
   <trkpt lat="-37.8505150" lon="144.9695540">
    <ele>-9.8</ele>
   </trkpt>
   <trkpt lat="-37.8505440" lon="144.9695890">
    <ele>-9.6</ele>
   </trkpt>
   <trkpt lat="-37.8505820" lon="144.9696370">
    <ele>-9.2</ele>
   </trkpt>
   <trkpt lat="-37.8506150" lon="144.9696760">
    <ele>-8.8</ele>
   </trkpt>
   <trkpt lat="-37.8506480" lon="144.9697170">
    <ele>-8.4</ele>
   </trkpt>
   <trkpt lat="-37.8506840" lon="144.9697570">
    <ele>-8.2</ele>
   </trkpt>
   <trkpt lat="-37.8507140" lon="144.9697930">
    <ele>-8.0</ele>
   </trkpt>
   <trkpt lat="-37.8507510" lon="144.9698320">
    <ele>-7.8</ele>
   </trkpt>
   <trkpt lat="-37.8507760" lon="144.9698660">
    <ele>-7.4</ele>
   </trkpt>
   <trkpt lat="-37.8508140" lon="144.9699050">
    <ele>-7.2</ele>
   </trkpt>
   <trkpt lat="-37.8508410" lon="144.9699430">
    <ele>-7.0</ele>
   </trkpt>
   <trkpt lat="-37.8508780" lon="144.9699870">
    <ele>-6.8</ele>
   </trkpt>
   <trkpt lat="-37.8509040" lon="144.9700250">
    <ele>-6.4</ele>
   </trkpt>
   <trkpt lat="-37.8509370" lon="144.9700730">
    <ele>-6.2</ele>
   </trkpt>
   <trkpt lat="-37.8509600" lon="144.9701110">
    <ele>-6.2</ele>
   </trkpt>
   <trkpt lat="-37.8509910" lon="144.9701570">
    <ele>-6.0</ele>
   </trkpt>
   <trkpt lat="-37.8510220" lon="144.9701970">
    <ele>-5.8</ele>
   </trkpt>
   <trkpt lat="-37.8510510" lon="144.9702380">
    <ele>-5.4</ele>
   </trkpt>
   <trkpt lat="-37.8510820" lon="144.9702780">
    <ele>-5.4</ele>
   </trkpt>
   <trkpt lat="-37.8511120" lon="144.9703180">
    <ele>-5.0</ele>
   </trkpt>
   <trkpt lat="-37.8511430" lon="144.9703630">
    <ele>-4.8</ele>
   </trkpt>
   <trkpt lat="-37.8511720" lon="144.9704030">
    <ele>-4.8</ele>
   </trkpt>
   <trkpt lat="-37.8512010" lon="144.9704430">
    <ele>-4.6</ele>
   </trkpt>
   <trkpt lat="-37.8512240" lon="144.9704810">
    <ele>-4.8</ele>
   </trkpt>
   <trkpt lat="-37.8512570" lon="144.9705250">
    <ele>-5.0</ele>
   </trkpt>
   <trkpt lat="-37.8512870" lon="144.9705630">
    <ele>-5.2</ele>
   </trkpt>
   <trkpt lat="-37.8513160" lon="144.9706070">
    <ele>-5.4</ele>
   </trkpt>
   <trkpt lat="-37.8513470" lon="144.9706490">
    <ele>-5.6</ele>
   </trkpt>
   <trkpt lat="-37.8513760" lon="144.9706870">
    <ele>-5.6</ele>
   </trkpt>
   <trkpt lat="-37.8514100" lon="144.9707270">
    <ele>-5.4</ele>
   </trkpt>
   <trkpt lat="-37.8514380" lon="144.9707610">
    <ele>-5.2</ele>
   </trkpt>
   <trkpt lat="-37.8514710" lon="144.9708020">
    <ele>-4.8</ele>
   </trkpt>
   <trkpt lat="-37.8514970" lon="144.9708400">
    <ele>-4.6</ele>
   </trkpt>
   <trkpt lat="-37.8515290" lon="144.9708850">
    <ele>-4.4</ele>
   </trkpt>
   <trkpt lat="-37.8515560" lon="144.9709210">
    <ele>-4.2</ele>
   </trkpt>
   <trkpt lat="-37.8515900" lon="144.9709640">
    <ele>-4.0</ele>
   </trkpt>
   <trkpt lat="-37.8516200" lon="144.9710000">
    <ele>-4.0</ele>
   </trkpt>
   <trkpt lat="-37.8516560" lon="144.9710410">
    <ele>-4.0</ele>
   </trkpt>
   <trkpt lat="-37.8516890" lon="144.9710780">
    <ele>-3.8</ele>
   </trkpt>
   <trkpt lat="-37.8517180" lon="144.9711160">
    <ele>-3.8</ele>
   </trkpt>
   <trkpt lat="-37.8517520" lon="144.9711540">
    <ele>-3.6</ele>
   </trkpt>
   <trkpt lat="-37.8517830" lon="144.9711890">
    <ele>-3.4</ele>
   </trkpt>
   <trkpt lat="-37.8518160" lon="144.9712260">
    <ele>-3.4</ele>
   </trkpt>
   <trkpt lat="-37.8518480" lon="144.9712630">
    <ele>-3.4</ele>
   </trkpt>
   <trkpt lat="-37.8518890" lon="144.9713060">
    <ele>-3.2</ele>
   </trkpt>
   <trkpt lat="-37.8519180" lon="144.9713400">
    <ele>-3.0</ele>
   </trkpt>
   <trkpt lat="-37.8519610" lon="144.9713820">
    <ele>-2.8</ele>
   </trkpt>
   <trkpt lat="-37.8519940" lon="144.9714190">
    <ele>-2.6</ele>
   </trkpt>
   <trkpt lat="-37.8520290" lon="144.9714610">
    <ele>-2.4</ele>
   </trkpt>
   <trkpt lat="-37.8520600" lon="144.9714980">
    <ele>-2.4</ele>
   </trkpt>
   <trkpt lat="-37.8520880" lon="144.9715310">
    <ele>-2.4</ele>
   </trkpt>
   <trkpt lat="-37.8521250" lon="144.9715700">
    <ele>-2.4</ele>
   </trkpt>
   <trkpt lat="-37.8521510" lon="144.9716080">
    <ele>-2.4</ele>
   </trkpt>
   <trkpt lat="-37.8521890" lon="144.9716490">
    <ele>-2.4</ele>
   </trkpt>
   <trkpt lat="-37.8522120" lon="144.9716850">
    <ele>-2.4</ele>
   </trkpt>
   <trkpt lat="-37.8522480" lon="144.9717230">
    <ele>-2.4</ele>
   </trkpt>
   <trkpt lat="-37.8522730" lon="144.9717590">
    <ele>-2.4</ele>
   </trkpt>
   <trkpt lat="-37.8523110" lon="144.9718050">
    <ele>-2.4</ele>
   </trkpt>
   <trkpt lat="-37.8523360" lon="144.9718430">
    <ele>-2.6</ele>
   </trkpt>
   <trkpt lat="-37.8523690" lon="144.9718880">
    <ele>-2.6</ele>
   </trkpt>
   <trkpt lat="-37.8524010" lon="144.9719270">
    <ele>-2.8</ele>
   </trkpt>
   <trkpt lat="-37.8524310" lon="144.9719700">
    <ele>-3.0</ele>
   </trkpt>
   <trkpt lat="-37.8524640" lon="144.9720130">
    <ele>-3.0</ele>
   </trkpt>
   <trkpt lat="-37.8524880" lon="144.9720500">
    <ele>-3.0</ele>
   </trkpt>
   <trkpt lat="-37.8525230" lon="144.9720910">
    <ele>-3.0</ele>
   </trkpt>
   <trkpt lat="-37.8525510" lon="144.9721280">
    <ele>-3.0</ele>
   </trkpt>
   <trkpt lat="-37.8525860" lon="144.9721690">
    <ele>-3.0</ele>
   </trkpt>
   <trkpt lat="-37.8526160" lon="144.9722040">
    <ele>-3.0</ele>
   </trkpt>
   <trkpt lat="-37.8526520" lon="144.9722480">
    <ele>-3.0</ele>
   </trkpt>
   <trkpt lat="-37.8526820" lon="144.9722810">
    <ele>-3.2</ele>
   </trkpt>
   <trkpt lat="-37.8527170" lon="144.9723210">
    <ele>-3.4</ele>
   </trkpt>
   <trkpt lat="-37.8527490" lon="144.9723580">
    <ele>-3.4</ele>
   </trkpt>
   <trkpt lat="-37.8527830" lon="144.9724060">
    <ele>-3.6</ele>
   </trkpt>
   <trkpt lat="-37.8528120" lon="144.9724520">
    <ele>-4.0</ele>
   </trkpt>
   <trkpt lat="-37.8528360" lon="144.9725020">
    <ele>-4.4</ele>
   </trkpt>
   <trkpt lat="-37.8528580" lon="144.9725500">
    <ele>-5.0</ele>
   </trkpt>
   <trkpt lat="-37.8528720" lon="144.9726060">
    <ele>-5.2</ele>
   </trkpt>
   <trkpt lat="-37.8528860" lon="144.9726660">
    <ele>-5.2</ele>
   </trkpt>
   <trkpt lat="-37.8528900" lon="144.9727180">
    <ele>-5.4</ele>
   </trkpt>
   <trkpt lat="-37.8528990" lon="144.9727870">
    <ele>-5.2</ele>
   </trkpt>
   <trkpt lat="-37.8528940" lon="144.9728400">
    <ele>-5.2</ele>
   </trkpt>
   <trkpt lat="-37.8528880" lon="144.9729080">
    <ele>-5.4</ele>
   </trkpt>
   <trkpt lat="-37.8528800" lon="144.9729620">
    <ele>-5.6</ele>
   </trkpt>
   <trkpt lat="-37.8528640" lon="144.9730280">
    <ele>-5.6</ele>
   </trkpt>
   <trkpt lat="-37.8528490" lon="144.9730740">
    <ele>-5.4</ele>
   </trkpt>
   <trkpt lat="-37.8528280" lon="144.9731310">
    <ele>-5.2</ele>
   </trkpt>
   <trkpt lat="-37.8528090" lon="144.9731790">
    <ele>-4.8</ele>
   </trkpt>
   <trkpt lat="-37.8527790" lon="144.9732270">
    <ele>-4.6</ele>
   </trkpt>
   <trkpt lat="-37.8527550" lon="144.9732770">
    <ele>-4.2</ele>
   </trkpt>
   <trkpt lat="-37.8527260" lon="144.9733180">
    <ele>-4.2</ele>
   </trkpt>
   <trkpt lat="-37.8526960" lon="144.9733660">
    <ele>-3.8</ele>
   </trkpt>
   <trkpt lat="-37.8526690" lon="144.9734020">
    <ele>-3.4</ele>
   </trkpt>
   <trkpt lat="-37.8526340" lon="144.9734500">
    <ele>-3.4</ele>
   </trkpt>
   <trkpt lat="-37.8526060" lon="144.9734870">
    <ele>-3.6</ele>
   </trkpt>
   <trkpt lat="-37.8525720" lon="144.9735320">
    <ele>-3.6</ele>
   </trkpt>
   <trkpt lat="-37.8525430" lon="144.9735730">
    <ele>-3.4</ele>
   </trkpt>
   <trkpt lat="-37.8525130" lon="144.9736090">
    <ele>-3.2</ele>
   </trkpt>
   <trkpt lat="-37.8524840" lon="144.9736480">
    <ele>-3.0</ele>
   </trkpt>
   <trkpt lat="-37.8524560" lon="144.9736800">
    <ele>-2.6</ele>
   </trkpt>
   <trkpt lat="-37.8524290" lon="144.9737240">
    <ele>-1.8</ele>
   </trkpt>
   <trkpt lat="-37.8524010" lon="144.9737540">
    <ele>-1.2</ele>
   </trkpt>
   <trkpt lat="-37.8523670" lon="144.9737900">
    <ele>-0.4</ele>
   </trkpt>
   <trkpt lat="-37.8523370" lon="144.9738120">
    <ele>0.0</ele>
   </trkpt>
   <trkpt lat="-37.8522990" lon="144.9738440">
    <ele>0.2</ele>
   </trkpt>
   <trkpt lat="-37.8522680" lon="144.9738710">
    <ele>-0.2</ele>
   </trkpt>
   <trkpt lat="-37.8522340" lon="144.9739090">
    <ele>-0.8</ele>
   </trkpt>
   <trkpt lat="-37.8522060" lon="144.9739460">
    <ele>-1.2</ele>
   </trkpt>
   <trkpt lat="-37.8521790" lon="144.9739810">
    <ele>-1.2</ele>
   </trkpt>
   <trkpt lat="-37.8521560" lon="144.9740290">
    <ele>-1.2</ele>
   </trkpt>
   <trkpt lat="-37.8521450" lon="144.9740730">
    <ele>-1.2</ele>
   </trkpt>
   <trkpt lat="-37.8521580" lon="144.9741260">
    <ele>-0.8</ele>
   </trkpt>
   <trkpt lat="-37.8521720" lon="144.9741710">
    <ele>0.2</ele>
   </trkpt>
   <trkpt lat="-37.8522040" lon="144.9742190">
    <ele>1.6</ele>
   </trkpt>
   <trkpt lat="-37.8522320" lon="144.9742600">
    <ele>2.4</ele>
   </trkpt>
   <trkpt lat="-37.8522600" lon="144.9743010">
    <ele>4.0</ele>
   </trkpt>
   <trkpt lat="-37.8522970" lon="144.9743390">
    <ele>4.8</ele>
   </trkpt>
   <trkpt lat="-37.8523290" lon="144.9743750">
    <ele>5.2</ele>
   </trkpt>
   <trkpt lat="-37.8523750" lon="144.9744090">
    <ele>5.2</ele>
   </trkpt>
   <trkpt lat="-37.8524020" lon="144.9744420">
    <ele>5.2</ele>
   </trkpt>
   <trkpt lat="-37.8524450" lon="144.9744750">
    <ele>4.8</ele>
   </trkpt>
   <trkpt lat="-37.8524750" lon="144.9745050">
    <ele>4.6</ele>
   </trkpt>
   <trkpt lat="-37.8525140" lon="144.9745390">
    <ele>4.4</ele>
   </trkpt>
   <trkpt lat="-37.8525490" lon="144.9745680">
    <ele>4.2</ele>
   </trkpt>
   <trkpt lat="-37.8525880" lon="144.9746020">
    <ele>4.0</ele>
   </trkpt>
   <trkpt lat="-37.8526260" lon="144.9746340">
    <ele>3.8</ele>
   </trkpt>
   <trkpt lat="-37.8526570" lon="144.9746670">
    <ele>3.6</ele>
   </trkpt>
   <trkpt lat="-37.8527010" lon="144.9746960">
    <ele>3.4</ele>
   </trkpt>
   <trkpt lat="-37.8527360" lon="144.9747250">
    <ele>3.4</ele>
   </trkpt>
   <trkpt lat="-37.8527830" lon="144.9747520">
    <ele>3.2</ele>
   </trkpt>
   <trkpt lat="-37.8528170" lon="144.9747790">
    <ele>3.0</ele>
   </trkpt>
   <trkpt lat="-37.8528540" lon="144.9748070">
    <ele>2.8</ele>
   </trkpt>
   <trkpt lat="-37.8528920" lon="144.9748290">
    <ele>2.6</ele>
   </trkpt>
   <trkpt lat="-37.8529270" lon="144.9748540">
    <ele>2.4</ele>
   </trkpt>
   <trkpt lat="-37.8529680" lon="144.9748770">
    <ele>2.2</ele>
   </trkpt>
   <trkpt lat="-37.8530010" lon="144.9749050">
    <ele>2.0</ele>
   </trkpt>
   <trkpt lat="-37.8530460" lon="144.9749360">
    <ele>1.8</ele>
   </trkpt>
   <trkpt lat="-37.8530820" lon="144.9749620">
    <ele>1.4</ele>
   </trkpt>
   <trkpt lat="-37.8531250" lon="144.9749890">
    <ele>1.2</ele>
   </trkpt>
   <trkpt lat="-37.8531620" lon="144.9750130">
    <ele>0.8</ele>
   </trkpt>
   <trkpt lat="-37.8532020" lon="144.9750410">
    <ele>0.4</ele>
   </trkpt>
   <trkpt lat="-37.8532440" lon="144.9750590">
    <ele>0.2</ele>
   </trkpt>
   <trkpt lat="-37.8532810" lon="144.9750820">
    <ele>0.0</ele>
   </trkpt>
   <trkpt lat="-37.8533270" lon="144.9750990">
    <ele>-0.4</ele>
   </trkpt>
   <trkpt lat="-37.8533660" lon="144.9751250">
    <ele>-0.6</ele>
   </trkpt>
   <trkpt lat="-37.8534130" lon="144.9751540">
    <ele>-0.8</ele>
   </trkpt>
   <trkpt lat="-37.8534490" lon="144.9751810">
    <ele>-1.2</ele>
   </trkpt>
   <trkpt lat="-37.8534900" lon="144.9752080">
    <ele>-1.4</ele>
   </trkpt>
   <trkpt lat="-37.8535230" lon="144.9752340">
    <ele>-1.6</ele>
   </trkpt>
   <trkpt lat="-37.8535640" lon="144.9752630">
    <ele>-2.0</ele>
   </trkpt>
   <trkpt lat="-37.8535950" lon="144.9752860">
    <ele>-2.2</ele>
   </trkpt>
   <trkpt lat="-37.8536320" lon="144.9753170">
    <ele>-2.6</ele>
   </trkpt>
   <trkpt lat="-37.8536710" lon="144.9753470">
    <ele>-2.8</ele>
   </trkpt>
   <trkpt lat="-37.8537000" lon="144.9753780">
    <ele>-3.0</ele>
   </trkpt>
   <trkpt lat="-37.8537410" lon="144.9754110">
    <ele>-3.4</ele>
   </trkpt>
   <trkpt lat="-37.8537730" lon="144.9754480">
    <ele>-3.8</ele>
   </trkpt>
   <trkpt lat="-37.8538120" lon="144.9754900">
    <ele>-4.2</ele>
   </trkpt>
   <trkpt lat="-37.8538370" lon="144.9755300">
    <ele>-4.6</ele>
   </trkpt>
   <trkpt lat="-37.8538680" lon="144.9755850">
    <ele>-5.0</ele>
   </trkpt>
   <trkpt lat="-37.8538880" lon="144.9756310">
    <ele>-5.4</ele>
   </trkpt>
   <trkpt lat="-37.8539080" lon="144.9756860">
    <ele>-5.8</ele>
   </trkpt>
   <trkpt lat="-37.8539200" lon="144.9757310">
    <ele>-6.0</ele>
   </trkpt>
   <trkpt lat="-37.8539300" lon="144.9757800">
    <ele>-6.2</ele>
   </trkpt>
   <trkpt lat="-37.8539420" lon="144.9758330">
    <ele>-6.2</ele>
   </trkpt>
   <trkpt lat="-37.8539430" lon="144.9758810">
    <ele>-6.0</ele>
   </trkpt>
   <trkpt lat="-37.8539410" lon="144.9759380">
    <ele>-5.8</ele>
   </trkpt>
   <trkpt lat="-37.8539360" lon="144.9759900">
    <ele>-5.6</ele>
   </trkpt>
   <trkpt lat="-37.8539250" lon="144.9760640">
    <ele>-5.6</ele>
   </trkpt>
   <trkpt lat="-37.8539120" lon="144.9761160">
    <ele>-5.6</ele>
   </trkpt>
   <trkpt lat="-37.8538960" lon="144.9761790">
    <ele>-5.6</ele>
   </trkpt>
   <trkpt lat="-37.8538810" lon="144.9762330">
    <ele>-5.8</ele>
   </trkpt>
   <trkpt lat="-37.8538650" lon="144.9762940">
    <ele>-5.8</ele>
   </trkpt>
   <trkpt lat="-37.8538490" lon="144.9763560">
    <ele>-6.0</ele>
   </trkpt>
   <trkpt lat="-37.8538310" lon="144.9764120">
    <ele>-6.0</ele>
   </trkpt>
   <trkpt lat="-37.8538190" lon="144.9764690">
    <ele>-6.0</ele>
   </trkpt>
   <trkpt lat="-37.8538040" lon="144.9765200">
    <ele>-5.6</ele>
   </trkpt>
   <trkpt lat="-37.8537890" lon="144.9765850">
    <ele>-5.2</ele>
   </trkpt>
   <trkpt lat="-37.8537710" lon="144.9766360">
    <ele>-5.0</ele>
   </trkpt>
   <trkpt lat="-37.8537570" lon="144.9767020">
    <ele>-4.8</ele>
   </trkpt>
   <trkpt lat="-37.8537420" lon="144.9767510">
    <ele>-4.8</ele>
   </trkpt>
   <trkpt lat="-37.8537230" lon="144.9768170">
    <ele>-4.6</ele>
   </trkpt>
   <trkpt lat="-37.8537110" lon="144.9768630">
    <ele>-4.6</ele>
   </trkpt>
   <trkpt lat="-37.8537000" lon="144.9769180">
    <ele>-4.6</ele>
   </trkpt>
   <trkpt lat="-37.8536910" lon="144.9769660">
    <ele>-4.4</ele>
   </trkpt>
   <trkpt lat="-37.8536810" lon="144.9770130">
    <ele>-4.0</ele>
   </trkpt>
   <trkpt lat="-37.8536750" lon="144.9770670">
    <ele>-4.0</ele>
   </trkpt>
   <trkpt lat="-37.8536620" lon="144.9771140">
    <ele>-3.8</ele>
   </trkpt>
   <trkpt lat="-37.8536530" lon="144.9771700">
    <ele>-3.8</ele>
   </trkpt>
   <trkpt lat="-37.8536380" lon="144.9772080">
    <ele>-3.8</ele>
   </trkpt>
   <trkpt lat="-37.8536270" lon="144.9772670">
    <ele>-4.0</ele>
   </trkpt>
   <trkpt lat="-37.8536130" lon="144.9773050">
    <ele>-4.4</ele>
   </trkpt>
   <trkpt lat="-37.8535980" lon="144.9773600">
    <ele>-4.4</ele>
   </trkpt>
   <trkpt lat="-37.8535870" lon="144.9774070">
    <ele>-4.0</ele>
   </trkpt>
   <trkpt lat="-37.8535720" lon="144.9774630">
    <ele>-3.6</ele>
   </trkpt>
   <trkpt lat="-37.8535650" lon="144.9775170">
    <ele>-3.4</ele>
   </trkpt>
   <trkpt lat="-37.8535560" lon="144.9775650">
    <ele>-2.6</ele>
   </trkpt>
   <trkpt lat="-37.8535490" lon="144.9776230">
    <ele>-2.0</ele>
   </trkpt>
   <trkpt lat="-37.8535390" lon="144.9776700">
    <ele>-1.4</ele>
   </trkpt>
   <trkpt lat="-37.8535310" lon="144.9777290">
    <ele>-1.4</ele>
   </trkpt>
   <trkpt lat="-37.8535170" lon="144.9777700">
    <ele>-1.2</ele>
   </trkpt>
   <trkpt lat="-37.8535050" lon="144.9778280">
    <ele>-0.4</ele>
   </trkpt>
   <trkpt lat="-37.8534980" lon="144.9778740">
    <ele>0.4</ele>
   </trkpt>
   <trkpt lat="-37.8534900" lon="144.9779260">
    <ele>1.8</ele>
   </trkpt>
   <trkpt lat="-37.8534830" lon="144.9779790">
    <ele>2.4</ele>
   </trkpt>
   <trkpt lat="-37.8534740" lon="144.9780260">
    <ele>3.2</ele>
   </trkpt>
   <trkpt lat="-37.8534680" lon="144.9780870">
    <ele>3.8</ele>
   </trkpt>
   <trkpt lat="-37.8534610" lon="144.9781370">
    <ele>4.0</ele>
   </trkpt>
   <trkpt lat="-37.8534560" lon="144.9781970">
    <ele>4.0</ele>
   </trkpt>
   <trkpt lat="-37.8534460" lon="144.9782570">
    <ele>4.0</ele>
   </trkpt>
   <trkpt lat="-37.8534380" lon="144.9783230">
    <ele>4.0</ele>
   </trkpt>
   <trkpt lat="-37.8534270" lon="144.9783770">
    <ele>3.8</ele>
   </trkpt>
   <trkpt lat="-37.8534110" lon="144.9784450">
    <ele>3.8</ele>
   </trkpt>
   <trkpt lat="-37.8533910" lon="144.9784950">
    <ele>4.0</ele>
   </trkpt>
   <trkpt lat="-37.8533630" lon="144.9785440">
    <ele>4.0</ele>
   </trkpt>
   <trkpt lat="-37.8533290" lon="144.9785700">
    <ele>3.8</ele>
   </trkpt>
   <trkpt lat="-37.8532800" lon="144.9785910">
    <ele>4.0</ele>
   </trkpt>
   <trkpt lat="-37.8532420" lon="144.9785900">
    <ele>4.2</ele>
   </trkpt>
   <trkpt lat="-37.8531960" lon="144.9785810">
    <ele>4.6</ele>
   </trkpt>
   <trkpt lat="-37.8531580" lon="144.9785720">
    <ele>4.6</ele>
   </trkpt>
   <trkpt lat="-37.8531210" lon="144.9785610">
    <ele>5.4</ele>
   </trkpt>
   <trkpt lat="-37.8530770" lon="144.9785560">
    <ele>6.0</ele>
   </trkpt>
   <trkpt lat="-37.8530400" lon="144.9785420">
    <ele>6.4</ele>
   </trkpt>
   <trkpt lat="-37.8529910" lon="144.9785380">
    <ele>6.6</ele>
   </trkpt>
   <trkpt lat="-37.8529510" lon="144.9785240">
    <ele>6.8</ele>
   </trkpt>
   <trkpt lat="-37.8529080" lon="144.9785100">
    <ele>7.0</ele>
   </trkpt>
   <trkpt lat="-37.8528700" lon="144.9784990">
    <ele>7.0</ele>
   </trkpt>
   <trkpt lat="-37.8528270" lon="144.9784880">
    <ele>6.8</ele>
   </trkpt>
   <trkpt lat="-37.8527830" lon="144.9784780">
    <ele>6.8</ele>
   </trkpt>
   <trkpt lat="-37.8527410" lon="144.9784670">
    <ele>7.2</ele>
   </trkpt>
   <trkpt lat="-37.8526970" lon="144.9784630">
    <ele>7.4</ele>
   </trkpt>
   <trkpt lat="-37.8526570" lon="144.9784490">
    <ele>7.2</ele>
   </trkpt>
   <trkpt lat="-37.8526090" lon="144.9784390">
    <ele>7.4</ele>
   </trkpt>
   <trkpt lat="-37.8525690" lon="144.9784220">
    <ele>7.8</ele>
   </trkpt>
   <trkpt lat="-37.8525230" lon="144.9784070">
    <ele>8.0</ele>
   </trkpt>
   <trkpt lat="-37.8524840" lon="144.9783950">
    <ele>8.0</ele>
   </trkpt>
   <trkpt lat="-37.8524350" lon="144.9783850">
    <ele>9.0</ele>
   </trkpt>
   <trkpt lat="-37.8523970" lon="144.9783700">
    <ele>9.2</ele>
   </trkpt>
   <trkpt lat="-37.8523510" lon="144.9783560">
    <ele>9.6</ele>
   </trkpt>
   <trkpt lat="-37.8523080" lon="144.9783450">
    <ele>9.4</ele>
   </trkpt>
   <trkpt lat="-37.8522680" lon="144.9783280">
    <ele>9.4</ele>
   </trkpt>
   <trkpt lat="-37.8522240" lon="144.9783140">
    <ele>9.2</ele>
   </trkpt>
   <trkpt lat="-37.8521870" lon="144.9782980">
    <ele>9.2</ele>
   </trkpt>
   <trkpt lat="-37.8521400" lon="144.9782830">
    <ele>9.2</ele>
   </trkpt>
   <trkpt lat="-37.8521030" lon="144.9782650">
    <ele>9.2</ele>
   </trkpt>
   <trkpt lat="-37.8520580" lon="144.9782500">
    <ele>9.0</ele>
   </trkpt>
   <trkpt lat="-37.8520210" lon="144.9782320">
    <ele>9.0</ele>
   </trkpt>
   <trkpt lat="-37.8519790" lon="144.9782170">
    <ele>8.4</ele>
   </trkpt>
   <trkpt lat="-37.8519440" lon="144.9782030">
    <ele>7.6</ele>
   </trkpt>
   <trkpt lat="-37.8519020" lon="144.9781860">
    <ele>7.8</ele>
   </trkpt>
   <trkpt lat="-37.8518580" lon="144.9781730">
    <ele>7.6</ele>
   </trkpt>
   <trkpt lat="-37.8518180" lon="144.9781570">
    <ele>8.6</ele>
   </trkpt>
   <trkpt lat="-37.8517790" lon="144.9781450">
    <ele>9.6</ele>
   </trkpt>
   <trkpt lat="-37.8517400" lon="144.9781290">
    <ele>10.2</ele>
   </trkpt>
   <trkpt lat="-37.8516960" lon="144.9781160">
    <ele>10.8</ele>
   </trkpt>
   <trkpt lat="-37.8516590" lon="144.9781010">
    <ele>11.2</ele>
   </trkpt>
   <trkpt lat="-37.8516150" lon="144.9780880">
    <ele>11.4</ele>
   </trkpt>
   <trkpt lat="-37.8515810" lon="144.9780730">
    <ele>11.6</ele>
   </trkpt>
   <trkpt lat="-37.8515360" lon="144.9780550">
    <ele>12.0</ele>
   </trkpt>
   <trkpt lat="-37.8514990" lon="144.9780420">
    <ele>12.2</ele>
   </trkpt>
   <trkpt lat="-37.8514590" lon="144.9780250">
    <ele>12.2</ele>
   </trkpt>
   <trkpt lat="-37.8514170" lon="144.9780120">
    <ele>12.4</ele>
   </trkpt>
   <trkpt lat="-37.8513770" lon="144.9779950">
    <ele>12.4</ele>
   </trkpt>
   <trkpt lat="-37.8513330" lon="144.9779850">
    <ele>13.2</ele>
   </trkpt>
   <trkpt lat="-37.8512980" lon="144.9779700">
    <ele>12.6</ele>
   </trkpt>
   <trkpt lat="-37.8512530" lon="144.9779540">
    <ele>12.6</ele>
   </trkpt>
   <trkpt lat="-37.8512170" lon="144.9779360">
    <ele>12.6</ele>
   </trkpt>
   <trkpt lat="-37.8511710" lon="144.9779190">
    <ele>12.4</ele>
   </trkpt>
   <trkpt lat="-37.8511310" lon="144.9779040">
    <ele>12.0</ele>
   </trkpt>
   <trkpt lat="-37.8510880" lon="144.9778890">
    <ele>12.0</ele>
   </trkpt>
   <trkpt lat="-37.8510480" lon="144.9778790">
    <ele>12.2</ele>
   </trkpt>
   <trkpt lat="-37.8510100" lon="144.9778610">
    <ele>12.4</ele>
   </trkpt>
   <trkpt lat="-37.8509690" lon="144.9778510">
    <ele>12.8</ele>
   </trkpt>
   <trkpt lat="-37.8509320" lon="144.9778330">
    <ele>13.2</ele>
   </trkpt>
   <trkpt lat="-37.8508820" lon="144.9778180">
    <ele>13.8</ele>
   </trkpt>
   <trkpt lat="-37.8508440" lon="144.9778000">
    <ele>13.8</ele>
   </trkpt>
   <trkpt lat="-37.8507970" lon="144.9777850">
    <ele>14.0</ele>
   </trkpt>
   <trkpt lat="-37.8507590" lon="144.9777640">
    <ele>14.2</ele>
   </trkpt>
   <trkpt lat="-37.8507110" lon="144.9777460">
    <ele>14.2</ele>
   </trkpt>
   <trkpt lat="-37.8506740" lon="144.9777270">
    <ele>14.6</ele>
   </trkpt>
   <trkpt lat="-37.8506230" lon="144.9777110">
    <ele>15.0</ele>
   </trkpt>
   <trkpt lat="-37.8505840" lon="144.9776950">
    <ele>15.4</ele>
   </trkpt>
   <trkpt lat="-37.8505380" lon="144.9776730">
    <ele>16.0</ele>
   </trkpt>
   <trkpt lat="-37.8504980" lon="144.9776550">
    <ele>16.2</ele>
   </trkpt>
   <trkpt lat="-37.8504570" lon="144.9776310">
    <ele>16.2</ele>
   </trkpt>
   <trkpt lat="-37.8504090" lon="144.9776150">
    <ele>16.2</ele>
   </trkpt>
   <trkpt lat="-37.8503720" lon="144.9775920">
    <ele>16.2</ele>
   </trkpt>
   <trkpt lat="-37.8503230" lon="144.9775680">
    <ele>16.0</ele>
   </trkpt>
   <trkpt lat="-37.8502830" lon="144.9775460">
    <ele>16.0</ele>
   </trkpt>
   <trkpt lat="-37.8502390" lon="144.9775200">
    <ele>16.0</ele>
   </trkpt>
   <trkpt lat="-37.8502010" lon="144.9774970">
    <ele>15.8</ele>
   </trkpt>
   <trkpt lat="-37.8501570" lon="144.9774730">
    <ele>15.8</ele>
   </trkpt>
   <trkpt lat="-37.8501210" lon="144.9774480">
    <ele>15.8</ele>
   </trkpt>
   <trkpt lat="-37.8500830" lon="144.9774220">
    <ele>15.8</ele>
   </trkpt>
   <trkpt lat="-37.8500460" lon="144.9773970">
    <ele>15.6</ele>
   </trkpt>
   <trkpt lat="-37.8500050" lon="144.9773680">
    <ele>15.6</ele>
   </trkpt>
   <trkpt lat="-37.8499650" lon="144.9773370">
    <ele>15.6</ele>
   </trkpt>
   <trkpt lat="-37.8499320" lon="144.9773120">
    <ele>15.4</ele>
   </trkpt>
   <trkpt lat="-37.8498950" lon="144.9772830">
    <ele>15.0</ele>
   </trkpt>
   <trkpt lat="-37.8498630" lon="144.9772510">
    <ele>14.8</ele>
   </trkpt>
   <trkpt lat="-37.8498260" lon="144.9772210">
    <ele>14.8</ele>
   </trkpt>
   <trkpt lat="-37.8497970" lon="144.9771880">
    <ele>15.0</ele>
   </trkpt>
   <trkpt lat="-37.8497590" lon="144.9771490">
    <ele>15.2</ele>
   </trkpt>
   <trkpt lat="-37.8497280" lon="144.9771120">
    <ele>15.2</ele>
   </trkpt>
   <trkpt lat="-37.8496910" lon="144.9770670">
    <ele>15.6</ele>
   </trkpt>
   <trkpt lat="-37.8496600" lon="144.9770240">
    <ele>16.0</ele>
   </trkpt>
   <trkpt lat="-37.8496220" lon="144.9769760">
    <ele>16.8</ele>
   </trkpt>
   <trkpt lat="-37.8495880" lon="144.9769360">
    <ele>16.8</ele>
   </trkpt>
   <trkpt lat="-37.8495560" lon="144.9768910">
    <ele>17.0</ele>
   </trkpt>
   <trkpt lat="-37.8495190" lon="144.9768500">
    <ele>16.8</ele>
   </trkpt>
   <trkpt lat="-37.8494900" lon="144.9768110">
    <ele>16.8</ele>
   </trkpt>
   <trkpt lat="-37.8494540" lon="144.9767690">
    <ele>16.8</ele>
   </trkpt>
   <trkpt lat="-37.8494250" lon="144.9767300">
    <ele>16.8</ele>
   </trkpt>
   <trkpt lat="-37.8493920" lon="144.9766840">
    <ele>16.8</ele>
   </trkpt>
   <trkpt lat="-37.8493640" lon="144.9766410">
    <ele>16.8</ele>
   </trkpt>
   <trkpt lat="-37.8493320" lon="144.9765930">
    <ele>17.2</ele>
   </trkpt>
   <trkpt lat="-37.8493090" lon="144.9765510">
    <ele>17.4</ele>
   </trkpt>
   <trkpt lat="-37.8492750" lon="144.9765030">
    <ele>17.6</ele>
   </trkpt>
   <trkpt lat="-37.8492490" lon="144.9764590">
    <ele>17.8</ele>
   </trkpt>
   <trkpt lat="-37.8492180" lon="144.9764110">
    <ele>17.8</ele>
   </trkpt>
   <trkpt lat="-37.8491870" lon="144.9763710">
    <ele>17.8</ele>
   </trkpt>
   <trkpt lat="-37.8491590" lon="144.9763280">
    <ele>17.6</ele>
   </trkpt>
   <trkpt lat="-37.8491280" lon="144.9762850">
    <ele>17.2</ele>
   </trkpt>
   <trkpt lat="-37.8490970" lon="144.9762390">
    <ele>16.8</ele>
   </trkpt>
   <trkpt lat="-37.8490610" lon="144.9761960">
    <ele>16.8</ele>
   </trkpt>
   <trkpt lat="-37.8490340" lon="144.9761550">
    <ele>16.8</ele>
   </trkpt>
   <trkpt lat="-37.8489980" lon="144.9761160">
    <ele>17.0</ele>
   </trkpt>
   <trkpt lat="-37.8489750" lon="144.9760720">
    <ele>17.0</ele>
   </trkpt>
   <trkpt lat="-37.8489380" lon="144.9760360">
    <ele>17.0</ele>
   </trkpt>
   <trkpt lat="-37.8489160" lon="144.9759960">
    <ele>17.0</ele>
   </trkpt>
   <trkpt lat="-37.8488840" lon="144.9759490">
    <ele>16.6</ele>
   </trkpt>
   <trkpt lat="-37.8488620" lon="144.9759100">
    <ele>16.4</ele>
   </trkpt>
   <trkpt lat="-37.8488300" lon="144.9758640">
    <ele>16.4</ele>
   </trkpt>
   <trkpt lat="-37.8488000" lon="144.9758250">
    <ele>16.2</ele>
   </trkpt>
   <trkpt lat="-37.8487690" lon="144.9757790">
    <ele>16.6</ele>
   </trkpt>
   <trkpt lat="-37.8487370" lon="144.9757390">
    <ele>17.4</ele>
   </trkpt>
   <trkpt lat="-37.8487110" lon="144.9756950">
    <ele>17.8</ele>
   </trkpt>
   <trkpt lat="-37.8486750" lon="144.9756450">
    <ele>18.0</ele>
   </trkpt>
   <trkpt lat="-37.8486520" lon="144.9756070">
    <ele>18.2</ele>
   </trkpt>
   <trkpt lat="-37.8486160" lon="144.9755660">
    <ele>18.2</ele>
   </trkpt>
   <trkpt lat="-37.8485920" lon="144.9755260">
    <ele>18.2</ele>
   </trkpt>
   <trkpt lat="-37.8485620" lon="144.9754830">
    <ele>18.0</ele>
   </trkpt>
   <trkpt lat="-37.8485350" lon="144.9754430">
    <ele>17.8</ele>
   </trkpt>
   <trkpt lat="-37.8485030" lon="144.9753960">
    <ele>17.6</ele>
   </trkpt>
   <trkpt lat="-37.8484740" lon="144.9753540">
    <ele>17.6</ele>
   </trkpt>
   <trkpt lat="-37.8484460" lon="144.9753060">
    <ele>17.8</ele>
   </trkpt>
   <trkpt lat="-37.8484170" lon="144.9752640">
    <ele>17.6</ele>
   </trkpt>
   <trkpt lat="-37.8483910" lon="144.9752130">
    <ele>17.6</ele>
   </trkpt>
   <trkpt lat="-37.8483640" lon="144.9751680">
    <ele>17.6</ele>
   </trkpt>
   <trkpt lat="-37.8483410" lon="144.9751190">
    <ele>17.4</ele>
   </trkpt>
   <trkpt lat="-37.8483120" lon="144.9750690">
    <ele>17.4</ele>
   </trkpt>
   <trkpt lat="-37.8482910" lon="144.9750230">
    <ele>17.6</ele>
   </trkpt>
   <trkpt lat="-37.8482680" lon="144.9749710">
    <ele>17.8</ele>
   </trkpt>
   <trkpt lat="-37.8482500" lon="144.9749240">
    <ele>18.2</ele>
   </trkpt>
   <trkpt lat="-37.8482300" lon="144.9748670">
    <ele>18.8</ele>
   </trkpt>
   <trkpt lat="-37.8482170" lon="144.9748170">
    <ele>18.6</ele>
   </trkpt>
   <trkpt lat="-37.8481990" lon="144.9747590">
    <ele>18.4</ele>
   </trkpt>
   <trkpt lat="-37.8481810" lon="144.9747010">
    <ele>18.4</ele>
   </trkpt>
   <trkpt lat="-37.8481660" lon="144.9746430">
    <ele>18.4</ele>
   </trkpt>
   <trkpt lat="-37.8481520" lon="144.9745890">
    <ele>18.4</ele>
   </trkpt>
   <trkpt lat="-37.8481460" lon="144.9745400">
    <ele>18.2</ele>
   </trkpt>
   <trkpt lat="-37.8481360" lon="144.9744810">
    <ele>18.2</ele>
   </trkpt>
   <trkpt lat="-37.8481340" lon="144.9744330">
    <ele>18.4</ele>
   </trkpt>
   <trkpt lat="-37.8481260" lon="144.9743720">
    <ele>18.6</ele>
   </trkpt>
   <trkpt lat="-37.8481250" lon="144.9743270">
    <ele>18.8</ele>
   </trkpt>
   <trkpt lat="-37.8481230" lon="144.9742630">
    <ele>18.8</ele>
   </trkpt>
   <trkpt lat="-37.8481210" lon="144.9742130">
    <ele>19.2</ele>
   </trkpt>
   <trkpt lat="-37.8481190" lon="144.9741600">
    <ele>19.6</ele>
   </trkpt>
   <trkpt lat="-37.8481150" lon="144.9741060">
    <ele>20.0</ele>
   </trkpt>
   <trkpt lat="-37.8481170" lon="144.9740520">
    <ele>20.2</ele>
   </trkpt>
   <trkpt lat="-37.8481100" lon="144.9739910">
    <ele>20.0</ele>
   </trkpt>
   <trkpt lat="-37.8481100" lon="144.9739390">
    <ele>20.0</ele>
   </trkpt>
   <trkpt lat="-37.8481050" lon="144.9738760">
    <ele>19.8</ele>
   </trkpt>
   <trkpt lat="-37.8481070" lon="144.9738270">
    <ele>19.6</ele>
   </trkpt>
   <trkpt lat="-37.8481060" lon="144.9737630">
    <ele>19.6</ele>
   </trkpt>
   <trkpt lat="-37.8480960" lon="144.9737090">
    <ele>19.4</ele>
   </trkpt>
   <trkpt lat="-37.8480860" lon="144.9736490">
    <ele>19.2</ele>
   </trkpt>
   <trkpt lat="-37.8480710" lon="144.9735950">
    <ele>19.0</ele>
   </trkpt>
   <trkpt lat="-37.8480610" lon="144.9735410">
    <ele>18.8</ele>
   </trkpt>
   <trkpt lat="-37.8480430" lon="144.9734840">
    <ele>18.6</ele>
   </trkpt>
   <trkpt lat="-37.8480340" lon="144.9734310">
    <ele>18.4</ele>
   </trkpt>
   <trkpt lat="-37.8480120" lon="144.9733750">
    <ele>18.4</ele>
   </trkpt>
   <trkpt lat="-37.8479990" lon="144.9733270">
    <ele>18.4</ele>
   </trkpt>
   <trkpt lat="-37.8479850" lon="144.9732750">
    <ele>18.4</ele>
   </trkpt>
   <trkpt lat="-37.8479710" lon="144.9732300">
    <ele>18.4</ele>
   </trkpt>
   <trkpt lat="-37.8479470" lon="144.9731730">
    <ele>18.4</ele>
   </trkpt>
   <trkpt lat="-37.8479280" lon="144.9731270">
    <ele>18.6</ele>
   </trkpt>
   <trkpt lat="-37.8479080" lon="144.9730780">
    <ele>18.8</ele>
   </trkpt>
   <trkpt lat="-37.8478820" lon="144.9730320">
    <ele>19.0</ele>
   </trkpt>
   <trkpt lat="-37.8478570" lon="144.9729870">
    <ele>19.0</ele>
   </trkpt>
   <trkpt lat="-37.8478300" lon="144.9729440">
    <ele>19.2</ele>
   </trkpt>
   <trkpt lat="-37.8478100" lon="144.9729000">
    <ele>19.4</ele>
   </trkpt>
   <trkpt lat="-37.8477840" lon="144.9728510">
    <ele>19.2</ele>
   </trkpt>
   <trkpt lat="-37.8477630" lon="144.9728120">
    <ele>19.0</ele>
   </trkpt>
   <trkpt lat="-37.8477350" lon="144.9727650">
    <ele>19.0</ele>
   </trkpt>
   <trkpt lat="-37.8477070" lon="144.9727280">
    <ele>19.0</ele>
   </trkpt>
   <trkpt lat="-37.8476780" lon="144.9726850">
    <ele>19.0</ele>
   </trkpt>
   <trkpt lat="-37.8476450" lon="144.9726460">
    <ele>19.0</ele>
   </trkpt>
   <trkpt lat="-37.8476220" lon="144.9726090">
    <ele>19.2</ele>
   </trkpt>
   <trkpt lat="-37.8475870" lon="144.9725750">
    <ele>19.2</ele>
   </trkpt>
   <trkpt lat="-37.8475580" lon="144.9725350">
    <ele>19.6</ele>
   </trkpt>
   <trkpt lat="-37.8475260" lon="144.9724920">
    <ele>19.8</ele>
   </trkpt>
   <trkpt lat="-37.8475010" lon="144.9724510">
    <ele>19.8</ele>
   </trkpt>
   <trkpt lat="-37.8474730" lon="144.9724070">
    <ele>19.8</ele>
   </trkpt>
   <trkpt lat="-37.8474490" lon="144.9723680">
    <ele>20.0</ele>
   </trkpt>
   <trkpt lat="-37.8474220" lon="144.9723240">
    <ele>19.8</ele>
   </trkpt>
   <trkpt lat="-37.8473920" lon="144.9722850">
    <ele>19.6</ele>
   </trkpt>
   <trkpt lat="-37.8473660" lon="144.9722440">
    <ele>19.4</ele>
   </trkpt>
   <trkpt lat="-37.8473350" lon="144.9722040">
    <ele>19.4</ele>
   </trkpt>
   <trkpt lat="-37.8473080" lon="144.9721650">
    <ele>19.4</ele>
   </trkpt>
   <trkpt lat="-37.8472720" lon="144.9721220">
    <ele>19.4</ele>
   </trkpt>
   <trkpt lat="-37.8472480" lon="144.9720850">
    <ele>19.6</ele>
   </trkpt>
   <trkpt lat="-37.8472180" lon="144.9720460">
    <ele>19.8</ele>
   </trkpt>
   <trkpt lat="-37.8471890" lon="144.9720100">
    <ele>20.0</ele>
   </trkpt>
   <trkpt lat="-37.8471570" lon="144.9719700">
    <ele>20.2</ele>
   </trkpt>
   <trkpt lat="-37.8471290" lon="144.9719300">
    <ele>20.0</ele>
   </trkpt>
   <trkpt lat="-37.8471030" lon="144.9718880">
    <ele>20.0</ele>
   </trkpt>
   <trkpt lat="-37.8470700" lon="144.9718460">
    <ele>20.2</ele>
   </trkpt>
   <trkpt lat="-37.8470430" lon="144.9718040">
    <ele>20.4</ele>
   </trkpt>
   <trkpt lat="-37.8470050" lon="144.9717650">
    <ele>20.4</ele>
   </trkpt>
   <trkpt lat="-37.8469750" lon="144.9717290">
    <ele>20.4</ele>
   </trkpt>
   <trkpt lat="-37.8469350" lon="144.9716940">
    <ele>20.6</ele>
   </trkpt>
   <trkpt lat="-37.8469080" lon="144.9716580">
    <ele>20.4</ele>
   </trkpt>
   <trkpt lat="-37.8468720" lon="144.9716190">
    <ele>20.4</ele>
   </trkpt>
   <trkpt lat="-37.8468450" lon="144.9715860">
    <ele>20.4</ele>
   </trkpt>
   <trkpt lat="-37.8468100" lon="144.9715470">
    <ele>20.4</ele>
   </trkpt>
   <trkpt lat="-37.8467760" lon="144.9715150">
    <ele>21.0</ele>
   </trkpt>
   <trkpt lat="-37.8467470" lon="144.9714810">
    <ele>21.4</ele>
   </trkpt>
   <trkpt lat="-37.8467120" lon="144.9714510">
    <ele>22.4</ele>
   </trkpt>
   <trkpt lat="-37.8466810" lon="144.9714210">
    <ele>22.0</ele>
   </trkpt>
   <trkpt lat="-37.8466430" lon="144.9713890">
    <ele>22.2</ele>
   </trkpt>
   <trkpt lat="-37.8466130" lon="144.9713580">
    <ele>22.0</ele>
   </trkpt>
   <trkpt lat="-37.8465750" lon="144.9713290">
    <ele>21.6</ele>
   </trkpt>
   <trkpt lat="-37.8465380" lon="144.9712960">
    <ele>21.2</ele>
   </trkpt>
   <trkpt lat="-37.8465020" lon="144.9712610">
    <ele>21.2</ele>
   </trkpt>
   <trkpt lat="-37.8464720" lon="144.9712290">
    <ele>21.2</ele>
   </trkpt>
   <trkpt lat="-37.8464300" lon="144.9711980">
    <ele>21.2</ele>
   </trkpt>
   <trkpt lat="-37.8463970" lon="144.9711730">
    <ele>21.4</ele>
   </trkpt>
   <trkpt lat="-37.8463540" lon="144.9711470">
    <ele>21.4</ele>
   </trkpt>
   <trkpt lat="-37.8463210" lon="144.9711240">
    <ele>22.4</ele>
   </trkpt>
   <trkpt lat="-37.8462860" lon="144.9710990">
    <ele>23.4</ele>
   </trkpt>
   <trkpt lat="-37.8462500" lon="144.9710760">
    <ele>23.4</ele>
   </trkpt>
   <trkpt lat="-37.8462180" lon="144.9710520">
    <ele>23.6</ele>
   </trkpt>
   <trkpt lat="-37.8461770" lon="144.9710330">
    <ele>23.6</ele>
   </trkpt>
   <trkpt lat="-37.8461460" lon="144.9710070">
    <ele>23.8</ele>
   </trkpt>
   <trkpt lat="-37.8461040" lon="144.9709860">
    <ele>23.6</ele>
   </trkpt>
   <trkpt lat="-37.8460690" lon="144.9709620">
    <ele>23.4</ele>
   </trkpt>
   <trkpt lat="-37.8460210" lon="144.9709380">
    <ele>23.4</ele>
   </trkpt>
   <trkpt lat="-37.8459840" lon="144.9709190">
    <ele>23.0</ele>
   </trkpt>
   <trkpt lat="-37.8459440" lon="144.9708980">
    <ele>22.8</ele>
   </trkpt>
   <trkpt lat="-37.8459010" lon="144.9708810">
    <ele>22.6</ele>
   </trkpt>
   <trkpt lat="-37.8458640" lon="144.9708600">
    <ele>22.6</ele>
   </trkpt>
   <trkpt lat="-37.8458190" lon="144.9708450">
    <ele>22.6</ele>
   </trkpt>
   <trkpt lat="-37.8457810" lon="144.9708230">
    <ele>22.8</ele>
   </trkpt>
   <trkpt lat="-37.8457350" lon="144.9708100">
    <ele>22.6</ele>
   </trkpt>
   <trkpt lat="-37.8457020" lon="144.9707910">
    <ele>22.6</ele>
   </trkpt>
   <trkpt lat="-37.8456560" lon="144.9707720">
    <ele>22.6</ele>
   </trkpt>
   <trkpt lat="-37.8456180" lon="144.9707550">
    <ele>22.6</ele>
   </trkpt>
   <trkpt lat="-37.8455750" lon="144.9707390">
    <ele>22.6</ele>
   </trkpt>
   <trkpt lat="-37.8455350" lon="144.9707250">
    <ele>22.6</ele>
   </trkpt>
   <trkpt lat="-37.8454970" lon="144.9707110">
    <ele>22.6</ele>
   </trkpt>
   <trkpt lat="-37.8454520" lon="144.9707000">
    <ele>22.6</ele>
   </trkpt>
   <trkpt lat="-37.8454140" lon="144.9706840">
    <ele>22.6</ele>
   </trkpt>
   <trkpt lat="-37.8453690" lon="144.9706780">
    <ele>22.6</ele>
   </trkpt>
   <trkpt lat="-37.8453340" lon="144.9706620">
    <ele>22.4</ele>
   </trkpt>
   <trkpt lat="-37.8452880" lon="144.9706530">
    <ele>22.6</ele>
   </trkpt>
   <trkpt lat="-37.8452490" lon="144.9706370">
    <ele>22.4</ele>
   </trkpt>
   <trkpt lat="-37.8452080" lon="144.9706220">
    <ele>22.6</ele>
   </trkpt>
   <trkpt lat="-37.8451600" lon="144.9706190">
    <ele>22.6</ele>
   </trkpt>
   <trkpt lat="-37.8451200" lon="144.9706080">
    <ele>22.6</ele>
   </trkpt>
   <trkpt lat="-37.8450760" lon="144.9706110">
    <ele>22.6</ele>
   </trkpt>
   <trkpt lat="-37.8450340" lon="144.9706060">
    <ele>22.8</ele>
   </trkpt>
   <trkpt lat="-37.8449880" lon="144.9706070">
    <ele>22.8</ele>
   </trkpt>
   <trkpt lat="-37.8449530" lon="144.9706050">
    <ele>22.8</ele>
   </trkpt>
   <trkpt lat="-37.8449030" lon="144.9706130">
    <ele>22.8</ele>
   </trkpt>
   <trkpt lat="-37.8448640" lon="144.9706060">
    <ele>23.0</ele>
   </trkpt>
   <trkpt lat="-37.8448150" lon="144.9706090">
    <ele>23.6</ele>
   </trkpt>
   <trkpt lat="-37.8447750" lon="144.9706060">
    <ele>23.8</ele>
   </trkpt>
   <trkpt lat="-37.8447280" lon="144.9706050">
    <ele>23.8</ele>
   </trkpt>
   <trkpt lat="-37.8446900" lon="144.9706060">
    <ele>23.8</ele>
   </trkpt>
   <trkpt lat="-37.8446460" lon="144.9706050">
    <ele>23.6</ele>
   </trkpt>
   <trkpt lat="-37.8446040" lon="144.9706090">
    <ele>23.6</ele>
   </trkpt>
   <trkpt lat="-37.8445620" lon="144.9706110">
    <ele>22.4</ele>
   </trkpt>
   <trkpt lat="-37.8445190" lon="144.9706180">
    <ele>22.2</ele>
   </trkpt>
   <trkpt lat="-37.8444820" lon="144.9706150">
    <ele>22.0</ele>
   </trkpt>
   <trkpt lat="-37.8444400" lon="144.9706270">
    <ele>21.8</ele>
   </trkpt>
   <trkpt lat="-37.8444030" lon="144.9706240">
    <ele>21.8</ele>
   </trkpt>
   <trkpt lat="-37.8443580" lon="144.9706430">
    <ele>21.8</ele>
   </trkpt>
   <trkpt lat="-37.8443210" lon="144.9706530">
    <ele>21.8</ele>
   </trkpt>
   <trkpt lat="-37.8442770" lon="144.9706630">
    <ele>21.8</ele>
   </trkpt>
   <trkpt lat="-37.8442360" lon="144.9706750">
    <ele>22.2</ele>
   </trkpt>
   <trkpt lat="-37.8441930" lon="144.9706810">
    <ele>22.2</ele>
   </trkpt>
   <trkpt lat="-37.8441510" lon="144.9706980">
    <ele>22.4</ele>
   </trkpt>
   <trkpt lat="-37.8441110" lon="144.9707080">
    <ele>22.4</ele>
   </trkpt>
   <trkpt lat="-37.8440640" lon="144.9707270">
    <ele>22.2</ele>
   </trkpt>
   <trkpt lat="-37.8440270" lon="144.9707310">
    <ele>22.2</ele>
   </trkpt>
   <trkpt lat="-37.8439830" lon="144.9707460">
    <ele>22.0</ele>
   </trkpt>
   <trkpt lat="-37.8439440" lon="144.9707550">
    <ele>22.0</ele>
   </trkpt>
   <trkpt lat="-37.8439030" lon="144.9707670">
    <ele>22.2</ele>
   </trkpt>
   <trkpt lat="-37.8438650" lon="144.9707840">
    <ele>22.4</ele>
   </trkpt>
   <trkpt lat="-37.8438240" lon="144.9707970">
    <ele>22.6</ele>
   </trkpt>
   <trkpt lat="-37.8437860" lon="144.9708150">
    <ele>22.6</ele>
   </trkpt>
   <trkpt lat="-37.8437470" lon="144.9708270">
    <ele>22.6</ele>
   </trkpt>
   <trkpt lat="-37.8437040" lon="144.9708500">
    <ele>22.4</ele>
   </trkpt>
   <trkpt lat="-37.8436660" lon="144.9708560">
    <ele>22.4</ele>
   </trkpt>
   <trkpt lat="-37.8436150" lon="144.9708780">
    <ele>22.0</ele>
   </trkpt>
   <trkpt lat="-37.8435770" lon="144.9708890">
    <ele>21.8</ele>
   </trkpt>
   <trkpt lat="-37.8435300" lon="144.9709080">
    <ele>21.2</ele>
   </trkpt>
   <trkpt lat="-37.8434940" lon="144.9709230">
    <ele>21.2</ele>
   </trkpt>
   <trkpt lat="-37.8434490" lon="144.9709440">
    <ele>21.0</ele>
   </trkpt>
   <trkpt lat="-37.8434140" lon="144.9709590">
    <ele>20.8</ele>
   </trkpt>
   <trkpt lat="-37.8433720" lon="144.9709730">
    <ele>21.0</ele>
   </trkpt>
   <trkpt lat="-37.8433340" lon="144.9709890">
    <ele>21.2</ele>
   </trkpt>
   <trkpt lat="-37.8432980" lon="144.9709980">
    <ele>21.2</ele>
   </trkpt>
   <trkpt lat="-37.8432590" lon="144.9710200">
    <ele>21.4</ele>
   </trkpt>
   <trkpt lat="-37.8432260" lon="144.9710270">
    <ele>21.4</ele>
   </trkpt>
   <trkpt lat="-37.8431830" lon="144.9710430">
    <ele>21.2</ele>
   </trkpt>
   <trkpt lat="-37.8431460" lon="144.9710540">
    <ele>21.0</ele>
   </trkpt>
   <trkpt lat="-37.8431060" lon="144.9710710">
    <ele>21.0</ele>
   </trkpt>
   <trkpt lat="-37.8430690" lon="144.9710920">
    <ele>21.2</ele>
   </trkpt>
   <trkpt lat="-37.8430320" lon="144.9711090">
    <ele>21.0</ele>
   </trkpt>
   <trkpt lat="-37.8429940" lon="144.9711330">
    <ele>21.2</ele>
   </trkpt>
   <trkpt lat="-37.8429610" lon="144.9711480">
    <ele>21.2</ele>
   </trkpt>
   <trkpt lat="-37.8429200" lon="144.9711710">
    <ele>21.4</ele>
   </trkpt>
   <trkpt lat="-37.8428860" lon="144.9711850">
    <ele>21.4</ele>
   </trkpt>
   <trkpt lat="-37.8428470" lon="144.9712070">
    <ele>21.4</ele>
   </trkpt>
   <trkpt lat="-37.8428130" lon="144.9712220">
    <ele>21.8</ele>
   </trkpt>
   <trkpt lat="-37.8427760" lon="144.9712430">
    <ele>22.2</ele>
   </trkpt>
   <trkpt lat="-37.8427400" lon="144.9712690">
    <ele>22.8</ele>
   </trkpt>
   <trkpt lat="-37.8427030" lon="144.9712880">
    <ele>22.8</ele>
   </trkpt>
   <trkpt lat="-37.8426640" lon="144.9713120">
    <ele>23.0</ele>
   </trkpt>
   <trkpt lat="-37.8426290" lon="144.9713250">
    <ele>23.0</ele>
   </trkpt>
   <trkpt lat="-37.8425880" lon="144.9713460">
    <ele>22.8</ele>
   </trkpt>
   <trkpt lat="-37.8425530" lon="144.9713610">
    <ele>23.0</ele>
   </trkpt>
   <trkpt lat="-37.8425150" lon="144.9713820">
    <ele>23.0</ele>
   </trkpt>
   <trkpt lat="-37.8424790" lon="144.9714020">
    <ele>23.0</ele>
   </trkpt>
   <trkpt lat="-37.8424400" lon="144.9714180">
    <ele>23.0</ele>
   </trkpt>
   <trkpt lat="-37.8424030" lon="144.9714440">
    <ele>23.4</ele>
   </trkpt>
   <trkpt lat="-37.8423680" lon="144.9714560">
    <ele>23.6</ele>
   </trkpt>
   <trkpt lat="-37.8423260" lon="144.9714710">
    <ele>23.8</ele>
   </trkpt>
   <trkpt lat="-37.8422920" lon="144.9714870">
    <ele>23.8</ele>
   </trkpt>
   <trkpt lat="-37.8422540" lon="144.9715060">
    <ele>24.6</ele>
   </trkpt>
   <trkpt lat="-37.8422210" lon="144.9715280">
    <ele>24.4</ele>
   </trkpt>
   <trkpt lat="-37.8421870" lon="144.9715420">
    <ele>24.8</ele>
   </trkpt>
   <trkpt lat="-37.8421520" lon="144.9715680">
    <ele>25.0</ele>
   </trkpt>
   <trkpt lat="-37.8421210" lon="144.9715810">
    <ele>25.4</ele>
   </trkpt>
   <trkpt lat="-37.8420800" lon="144.9715970">
    <ele>25.2</ele>
   </trkpt>
   <trkpt lat="-37.8420470" lon="144.9716080">
    <ele>24.8</ele>
   </trkpt>
   <trkpt lat="-37.8420070" lon="144.9716200">
    <ele>24.8</ele>
   </trkpt>
   <trkpt lat="-37.8419690" lon="144.9716320">
    <ele>24.8</ele>
   </trkpt>
   <trkpt lat="-37.8419290" lon="144.9716370">
    <ele>24.0</ele>
   </trkpt>
   <trkpt lat="-37.8418920" lon="144.9716510">
    <ele>24.2</ele>
   </trkpt>
   <trkpt lat="-37.8418550" lon="144.9716530">
    <ele>24.8</ele>
   </trkpt>
   <trkpt lat="-37.8418090" lon="144.9716630">
    <ele>24.8</ele>
   </trkpt>
   <trkpt lat="-37.8417750" lon="144.9716680">
    <ele>25.2</ele>
   </trkpt>
   <trkpt lat="-37.8417290" lon="144.9716740">
    <ele>25.6</ele>
   </trkpt>
   <trkpt lat="-37.8416910" lon="144.9716800">
    <ele>25.4</ele>
   </trkpt>
   <trkpt lat="-37.8416470" lon="144.9716850">
    <ele>25.0</ele>
   </trkpt>
   <trkpt lat="-37.8416060" lon="144.9716950">
    <ele>24.6</ele>
   </trkpt>
   <trkpt lat="-37.8415670" lon="144.9716930">
    <ele>24.4</ele>
   </trkpt>
   <trkpt lat="-37.8415260" lon="144.9717000">
    <ele>24.2</ele>
   </trkpt>
   <trkpt lat="-37.8414890" lon="144.9716970">
    <ele>23.6</ele>
   </trkpt>
   <trkpt lat="-37.8414410" lon="144.9716970">
    <ele>23.6</ele>
   </trkpt>
   <trkpt lat="-37.8414010" lon="144.9717010">
    <ele>23.4</ele>
   </trkpt>
   <trkpt lat="-37.8413560" lon="144.9717030">
    <ele>23.6</ele>
   </trkpt>
   <trkpt lat="-37.8413140" lon="144.9717050">
    <ele>23.8</ele>
   </trkpt>
   <trkpt lat="-37.8412770" lon="144.9716980">
    <ele>23.8</ele>
   </trkpt>
   <trkpt lat="-37.8412340" lon="144.9717040">
    <ele>23.6</ele>
   </trkpt>
   <trkpt lat="-37.8411990" lon="144.9717030">
    <ele>23.4</ele>
   </trkpt>
   <trkpt lat="-37.8411550" lon="144.9716990">
    <ele>23.2</ele>
   </trkpt>
   <trkpt lat="-37.8411180" lon="144.9716970">
    <ele>23.0</ele>
   </trkpt>
   <trkpt lat="-37.8410720" lon="144.9716920">
    <ele>23.2</ele>
   </trkpt>
   <trkpt lat="-37.8410300" lon="144.9716870">
    <ele>23.4</ele>
   </trkpt>
   <trkpt lat="-37.8409900" lon="144.9716770">
    <ele>23.4</ele>
   </trkpt>
   <trkpt lat="-37.8409480" lon="144.9716740">
    <ele>23.8</ele>
   </trkpt>
   <trkpt lat="-37.8409120" lon="144.9716640">
    <ele>24.2</ele>
   </trkpt>
   <trkpt lat="-37.8408650" lon="144.9716590">
    <ele>24.6</ele>
   </trkpt>
   <trkpt lat="-37.8408310" lon="144.9716490">
    <ele>24.6</ele>
   </trkpt>
   <trkpt lat="-37.8407890" lon="144.9716390">
    <ele>25.0</ele>
   </trkpt>
   <trkpt lat="-37.8407460" lon="144.9716350">
    <ele>25.0</ele>
   </trkpt>
   <trkpt lat="-37.8407040" lon="144.9716220">
    <ele>25.0</ele>
   </trkpt>
   <trkpt lat="-37.8406580" lon="144.9716170">
    <ele>25.2</ele>
   </trkpt>
   <trkpt lat="-37.8406210" lon="144.9716040">
    <ele>25.4</ele>
   </trkpt>
   <trkpt lat="-37.8405780" lon="144.9716020">
    <ele>25.2</ele>
   </trkpt>
   <trkpt lat="-37.8405400" lon="144.9715940">
    <ele>25.2</ele>
   </trkpt>
   <trkpt lat="-37.8404960" lon="144.9715880">
    <ele>24.8</ele>
   </trkpt>
   <trkpt lat="-37.8404550" lon="144.9715800">
    <ele>24.4</ele>
   </trkpt>
   <trkpt lat="-37.8404150" lon="144.9715690">
    <ele>23.4</ele>
   </trkpt>
   <trkpt lat="-37.8403720" lon="144.9715600">
    <ele>22.6</ele>
   </trkpt>
   <trkpt lat="-37.8403320" lon="144.9715470">
    <ele>22.2</ele>
   </trkpt>
   <trkpt lat="-37.8402870" lon="144.9715400">
    <ele>22.2</ele>
   </trkpt>
   <trkpt lat="-37.8402530" lon="144.9715300">
    <ele>22.2</ele>
   </trkpt>
   <trkpt lat="-37.8402080" lon="144.9715230">
    <ele>22.4</ele>
   </trkpt>
   <trkpt lat="-37.8401690" lon="144.9715130">
    <ele>22.8</ele>
   </trkpt>
   <trkpt lat="-37.8401240" lon="144.9715120">
    <ele>23.2</ele>
   </trkpt>
   <trkpt lat="-37.8400860" lon="144.9715040">
    <ele>23.2</ele>
   </trkpt>
   <trkpt lat="-37.8400410" lon="144.9715000">
    <ele>23.4</ele>
   </trkpt>
   <trkpt lat="-37.8400010" lon="144.9714920">
    <ele>23.4</ele>
   </trkpt>
   <trkpt lat="-37.8399590" lon="144.9714800">
    <ele>23.6</ele>
   </trkpt>
   <trkpt lat="-37.8399170" lon="144.9714620">
    <ele>23.4</ele>
   </trkpt>
   <trkpt lat="-37.8398760" lon="144.9714360">
    <ele>23.6</ele>
   </trkpt>
   <trkpt lat="-37.8398320" lon="144.9714190">
    <ele>23.4</ele>
   </trkpt>
   <trkpt lat="-37.8397950" lon="144.9713990">
    <ele>23.6</ele>
   </trkpt>
   <trkpt lat="-37.8397500" lon="144.9713780">
    <ele>23.6</ele>
   </trkpt>
   <trkpt lat="-37.8397130" lon="144.9713530">
    <ele>23.6</ele>
   </trkpt>
   <trkpt lat="-37.8396690" lon="144.9713310">
    <ele>23.4</ele>
   </trkpt>
   <trkpt lat="-37.8396320" lon="144.9713100">
    <ele>23.2</ele>
   </trkpt>
   <trkpt lat="-37.8395890" lon="144.9712900">
    <ele>23.2</ele>
   </trkpt>
   <trkpt lat="-37.8395510" lon="144.9712650">
    <ele>23.2</ele>
   </trkpt>
   <trkpt lat="-37.8395090" lon="144.9712420">
    <ele>23.2</ele>
   </trkpt>
   <trkpt lat="-37.8394660" lon="144.9712190">
    <ele>23.4</ele>
   </trkpt>
   <trkpt lat="-37.8394270" lon="144.9711900">
    <ele>23.2</ele>
   </trkpt>
   <trkpt lat="-37.8393830" lon="144.9711620">
    <ele>23.0</ele>
   </trkpt>
   <trkpt lat="-37.8393490" lon="144.9711330">
    <ele>23.0</ele>
   </trkpt>
   <trkpt lat="-37.8393080" lon="144.9711010">
    <ele>22.8</ele>
   </trkpt>
   <trkpt lat="-37.8392790" lon="144.9710720">
    <ele>22.8</ele>
   </trkpt>
   <trkpt lat="-37.8392390" lon="144.9710380">
    <ele>22.8</ele>
   </trkpt>
   <trkpt lat="-37.8392060" lon="144.9710060">
    <ele>22.8</ele>
   </trkpt>
   <trkpt lat="-37.8391700" lon="144.9709680">
    <ele>22.6</ele>
   </trkpt>
   <trkpt lat="-37.8391400" lon="144.9709320">
    <ele>22.6</ele>
   </trkpt>
   <trkpt lat="-37.8391070" lon="144.9708880">
    <ele>22.4</ele>
   </trkpt>
   <trkpt lat="-37.8390730" lon="144.9708510">
    <ele>22.2</ele>
   </trkpt>
   <trkpt lat="-37.8390460" lon="144.9708100">
    <ele>22.0</ele>
   </trkpt>
   <trkpt lat="-37.8390140" lon="144.9707720">
    <ele>22.4</ele>
   </trkpt>
   <trkpt lat="-37.8389860" lon="144.9707340">
    <ele>22.6</ele>
   </trkpt>
   <trkpt lat="-37.8389550" lon="144.9706890">
    <ele>22.6</ele>
   </trkpt>
   <trkpt lat="-37.8389320" lon="144.9706470">
    <ele>22.6</ele>
   </trkpt>
   <trkpt lat="-37.8389010" lon="144.9705990">
    <ele>22.6</ele>
   </trkpt>
   <trkpt lat="-37.8388820" lon="144.9705560">
    <ele>22.4</ele>
   </trkpt>
   <trkpt lat="-37.8388570" lon="144.9705130">
    <ele>22.4</ele>
   </trkpt>
   <trkpt lat="-37.8388330" lon="144.9704660">
    <ele>22.4</ele>
   </trkpt>
   <trkpt lat="-37.8388140" lon="144.9704240">
    <ele>22.4</ele>
   </trkpt>
   <trkpt lat="-37.8387870" lon="144.9703740">
    <ele>22.4</ele>
   </trkpt>
   <trkpt lat="-37.8387720" lon="144.9703320">
    <ele>22.4</ele>
   </trkpt>
   <trkpt lat="-37.8387460" lon="144.9702830">
    <ele>22.2</ele>
   </trkpt>
   <trkpt lat="-37.8387260" lon="144.9702390">
    <ele>22.2</ele>
   </trkpt>
   <trkpt lat="-37.8387020" lon="144.9701840">
    <ele>22.0</ele>
   </trkpt>
   <trkpt lat="-37.8386850" lon="144.9701330">
    <ele>21.8</ele>
   </trkpt>
   <trkpt lat="-37.8386710" lon="144.9700760">
    <ele>21.6</ele>
   </trkpt>
   <trkpt lat="-37.8386610" lon="144.9700240">
    <ele>21.4</ele>
   </trkpt>
   <trkpt lat="-37.8386450" lon="144.9699620">
    <ele>21.0</ele>
   </trkpt>
   <trkpt lat="-37.8386360" lon="144.9699090">
    <ele>20.8</ele>
   </trkpt>
   <trkpt lat="-37.8386300" lon="144.9698480">
    <ele>20.8</ele>
   </trkpt>
   <trkpt lat="-37.8386230" lon="144.9697930">
    <ele>20.8</ele>
   </trkpt>
   <trkpt lat="-37.8386140" lon="144.9697310">
    <ele>21.0</ele>
   </trkpt>
   <trkpt lat="-37.8386080" lon="144.9696790">
    <ele>21.2</ele>
   </trkpt>
   <trkpt lat="-37.8386000" lon="144.9696200">
    <ele>21.2</ele>
   </trkpt>
   <trkpt lat="-37.8385940" lon="144.9695650">
    <ele>21.2</ele>
   </trkpt>
   <trkpt lat="-37.8385850" lon="144.9695040">
    <ele>21.2</ele>
   </trkpt>
   <trkpt lat="-37.8385750" lon="144.9694440">
    <ele>21.0</ele>
   </trkpt>
   <trkpt lat="-37.8385680" lon="144.9693830">
    <ele>20.8</ele>
   </trkpt>
   <trkpt lat="-37.8385590" lon="144.9693250">
    <ele>20.6</ele>
   </trkpt>
   <trkpt lat="-37.8385520" lon="144.9692690">
    <ele>20.6</ele>
   </trkpt>
   <trkpt lat="-37.8385330" lon="144.9692120">
    <ele>20.4</ele>
   </trkpt>
   <trkpt lat="-37.8385220" lon="144.9691550">
    <ele>20.2</ele>
   </trkpt>
   <trkpt lat="-37.8385050" lon="144.9691000">
    <ele>20.2</ele>
   </trkpt>
   <trkpt lat="-37.8385000" lon="144.9690430">
    <ele>20.2</ele>
   </trkpt>
   <trkpt lat="-37.8384860" lon="144.9689850">
    <ele>20.2</ele>
   </trkpt>
   <trkpt lat="-37.8384800" lon="144.9689350">
    <ele>20.0</ele>
   </trkpt>
   <trkpt lat="-37.8384650" lon="144.9688780">
    <ele>19.8</ele>
   </trkpt>
   <trkpt lat="-37.8384470" lon="144.9688270">
    <ele>19.6</ele>
   </trkpt>
   <trkpt lat="-37.8384320" lon="144.9687670">
    <ele>19.6</ele>
   </trkpt>
   <trkpt lat="-37.8384150" lon="144.9687200">
    <ele>19.4</ele>
   </trkpt>
   <trkpt lat="-37.8383930" lon="144.9686620">
    <ele>19.4</ele>
   </trkpt>
   <trkpt lat="-37.8383740" lon="144.9686140">
    <ele>19.4</ele>
   </trkpt>
   <trkpt lat="-37.8383510" lon="144.9685610">
    <ele>19.2</ele>
   </trkpt>
   <trkpt lat="-37.8383290" lon="144.9685090">
    <ele>19.0</ele>
   </trkpt>
   <trkpt lat="-37.8383120" lon="144.9684500">
    <ele>18.8</ele>
   </trkpt>
   <trkpt lat="-37.8382850" lon="144.9684020">
    <ele>18.6</ele>
   </trkpt>
   <trkpt lat="-37.8382630" lon="144.9683490">
    <ele>18.6</ele>
   </trkpt>
   <trkpt lat="-37.8382350" lon="144.9682990">
    <ele>18.4</ele>
   </trkpt>
   <trkpt lat="-37.8382190" lon="144.9682470">
    <ele>18.2</ele>
   </trkpt>
   <trkpt lat="-37.8381910" lon="144.9681960">
    <ele>18.2</ele>
   </trkpt>
   <trkpt lat="-37.8381710" lon="144.9681490">
    <ele>18.2</ele>
   </trkpt>
   <trkpt lat="-37.8381460" lon="144.9680930">
    <ele>18.0</ele>
   </trkpt>
   <trkpt lat="-37.8381290" lon="144.9680390">
    <ele>18.2</ele>
   </trkpt>
   <trkpt lat="-37.8381100" lon="144.9679760">
    <ele>18.2</ele>
   </trkpt>
   <trkpt lat="-37.8381030" lon="144.9679220">
    <ele>18.0</ele>
   </trkpt>
   <trkpt lat="-37.8381010" lon="144.9678580">
    <ele>18.0</ele>
   </trkpt>
   <trkpt lat="-37.8381010" lon="144.9678010">
    <ele>18.0</ele>
   </trkpt>
   <trkpt lat="-37.8381090" lon="144.9677390">
    <ele>17.8</ele>
   </trkpt>
   <trkpt lat="-37.8381150" lon="144.9676860">
    <ele>17.8</ele>
   </trkpt>
   <trkpt lat="-37.8381290" lon="144.9676320">
    <ele>17.8</ele>
   </trkpt>
   <trkpt lat="-37.8381410" lon="144.9675840">
    <ele>17.8</ele>
   </trkpt>
   <trkpt lat="-37.8381590" lon="144.9675330">
    <ele>17.8</ele>
   </trkpt>
   <trkpt lat="-37.8381790" lon="144.9674740">
    <ele>17.8</ele>
   </trkpt>
   <trkpt lat="-37.8382000" lon="144.9674290">
    <ele>17.6</ele>
   </trkpt>
   <trkpt lat="-37.8382240" lon="144.9673760">
    <ele>17.4</ele>
   </trkpt>
   <trkpt lat="-37.8382470" lon="144.9673310">
    <ele>17.4</ele>
   </trkpt>
   <trkpt lat="-37.8382760" lon="144.9672780">
    <ele>17.2</ele>
   </trkpt>
   <trkpt lat="-37.8383000" lon="144.9672380">
    <ele>17.2</ele>
   </trkpt>
   <trkpt lat="-37.8383210" lon="144.9671720">
    <ele>17.2</ele>
   </trkpt>
   <trkpt lat="-37.8383410" lon="144.9671220">
    <ele>17.0</ele>
   </trkpt>
   <trkpt lat="-37.8383630" lon="144.9670610">
    <ele>17.0</ele>
   </trkpt>
   <trkpt lat="-37.8383740" lon="144.9670060">
    <ele>17.0</ele>
   </trkpt>
   <trkpt lat="-37.8383890" lon="144.9669540">
    <ele>16.8</ele>
   </trkpt>
   <trkpt lat="-37.8384040" lon="144.9668960">
    <ele>16.6</ele>
   </trkpt>
   <trkpt lat="-37.8384250" lon="144.9668520">
    <ele>16.4</ele>
   </trkpt>
   <trkpt lat="-37.8384430" lon="144.9667950">
    <ele>16.2</ele>
   </trkpt>
   <trkpt lat="-37.8384590" lon="144.9667480">
    <ele>16.2</ele>
   </trkpt>
   <trkpt lat="-37.8384760" lon="144.9666860">
    <ele>16.0</ele>
   </trkpt>
   <trkpt lat="-37.8384920" lon="144.9666360">
    <ele>15.8</ele>
   </trkpt>
   <trkpt lat="-37.8385110" lon="144.9665750">
    <ele>15.6</ele>
   </trkpt>
   <trkpt lat="-37.8385270" lon="144.9665300">
    <ele>15.6</ele>
   </trkpt>
   <trkpt lat="-37.8385400" lon="144.9664720">
    <ele>15.4</ele>
   </trkpt>
   <trkpt lat="-37.8385490" lon="144.9664230">
    <ele>15.4</ele>
   </trkpt>
   <trkpt lat="-37.8385670" lon="144.9663610">
    <ele>15.4</ele>
   </trkpt>
   <trkpt lat="-37.8385790" lon="144.9663080">
    <ele>15.2</ele>
   </trkpt>
   <trkpt lat="-37.8385960" lon="144.9662520">
    <ele>15.2</ele>
   </trkpt>
   <trkpt lat="-37.8386050" lon="144.9661980">
    <ele>15.0</ele>
   </trkpt>
   <trkpt lat="-37.8386200" lon="144.9661460">
    <ele>14.8</ele>
   </trkpt>
   <trkpt lat="-37.8386340" lon="144.9660900">
    <ele>14.8</ele>
   </trkpt>
   <trkpt lat="-37.8386530" lon="144.9660390">
    <ele>14.6</ele>
   </trkpt>
   <trkpt lat="-37.8386690" lon="144.9659810">
    <ele>14.4</ele>
   </trkpt>
   <trkpt lat="-37.8386950" lon="144.9659330">
    <ele>14.2</ele>
   </trkpt>
   <trkpt lat="-37.8387150" lon="144.9658750">
    <ele>14.0</ele>
   </trkpt>
   <trkpt lat="-37.8387350" lon="144.9658290">
    <ele>14.0</ele>
   </trkpt>
   <trkpt lat="-37.8387630" lon="144.9657650">
    <ele>13.8</ele>
   </trkpt>
   <trkpt lat="-37.8387870" lon="144.9657170">
    <ele>13.6</ele>
   </trkpt>
   <trkpt lat="-37.8388110" lon="144.9656600">
    <ele>13.6</ele>
   </trkpt>
   <trkpt lat="-37.8388230" lon="144.9656080">
    <ele>13.4</ele>
   </trkpt>
   <trkpt lat="-37.8388440" lon="144.9655500">
    <ele>13.6</ele>
   </trkpt>
   <trkpt lat="-37.8388650" lon="144.9655030">
    <ele>13.6</ele>
   </trkpt>
   <trkpt lat="-37.8388840" lon="144.9654420">
    <ele>13.6</ele>
   </trkpt>
   <trkpt lat="-37.8388990" lon="144.9653950">
    <ele>13.6</ele>
   </trkpt>
   <trkpt lat="-37.8389180" lon="144.9653420">
    <ele>13.4</ele>
   </trkpt>
   <trkpt lat="-37.8389350" lon="144.9652910">
    <ele>13.4</ele>
   </trkpt>
   <trkpt lat="-37.8389610" lon="144.9652380">
    <ele>13.4</ele>
   </trkpt>
   <trkpt lat="-37.8389810" lon="144.9651870">
    <ele>13.2</ele>
   </trkpt>
   <trkpt lat="-37.8390070" lon="144.9651370">
    <ele>13.2</ele>
   </trkpt>
   <trkpt lat="-37.8390300" lon="144.9650870">
    <ele>13.2</ele>
   </trkpt>
   <trkpt lat="-37.8390550" lon="144.9650370">
    <ele>13.2</ele>
   </trkpt>
   <trkpt lat="-37.8390860" lon="144.9649870">
    <ele>13.0</ele>
   </trkpt>
   <trkpt lat="-37.8391140" lon="144.9649310">
    <ele>13.2</ele>
   </trkpt>
   <trkpt lat="-37.8391400" lon="144.9648790">
    <ele>13.0</ele>
   </trkpt>
   <trkpt lat="-37.8391720" lon="144.9648280">
    <ele>13.0</ele>
   </trkpt>
   <trkpt lat="-37.8392020" lon="144.9647770">
    <ele>13.0</ele>
   </trkpt>
   <trkpt lat="-37.8392320" lon="144.9647260">
    <ele>13.0</ele>
   </trkpt>
   <trkpt lat="-37.8392590" lon="144.9646780">
    <ele>13.0</ele>
   </trkpt>
   <trkpt lat="-37.8392940" lon="144.9646270">
    <ele>13.2</ele>
   </trkpt>
   <trkpt lat="-37.8393230" lon="144.9645790">
    <ele>13.2</ele>
   </trkpt>
   <trkpt lat="-37.8393580" lon="144.9645300">
    <ele>13.4</ele>
   </trkpt>
   <trkpt lat="-37.8393880" lon="144.9644820">
    <ele>13.2</ele>
   </trkpt>
   <trkpt lat="-37.8394190" lon="144.9644340">
    <ele>13.4</ele>
   </trkpt>
   <trkpt lat="-37.8394460" lon="144.9643840">
    <ele>13.2</ele>
   </trkpt>
   <trkpt lat="-37.8394810" lon="144.9643360">
    <ele>13.2</ele>
   </trkpt>
   <trkpt lat="-37.8395090" lon="144.9642900">
    <ele>13.2</ele>
   </trkpt>
   <trkpt lat="-37.8395450" lon="144.9642350">
    <ele>13.2</ele>
   </trkpt>
   <trkpt lat="-37.8395760" lon="144.9641890">
    <ele>13.0</ele>
   </trkpt>
   <trkpt lat="-37.8396100" lon="144.9641350">
    <ele>13.0</ele>
   </trkpt>
   <trkpt lat="-37.8396380" lon="144.9640890">
    <ele>12.8</ele>
   </trkpt>
   <trkpt lat="-37.8396690" lon="144.9640260">
    <ele>12.8</ele>
   </trkpt>
   <trkpt lat="-37.8396960" lon="144.9639830">
    <ele>12.6</ele>
   </trkpt>
   <trkpt lat="-37.8397310" lon="144.9639300">
    <ele>12.6</ele>
   </trkpt>
   <trkpt lat="-37.8397610" lon="144.9638870">
    <ele>12.6</ele>
   </trkpt>
   <trkpt lat="-37.8397980" lon="144.9638400">
    <ele>12.4</ele>
   </trkpt>
   <trkpt lat="-37.8398350" lon="144.9638090">
    <ele>12.4</ele>
   </trkpt>
   <trkpt lat="-37.8398800" lon="144.9637720">
    <ele>12.2</ele>
   </trkpt>
   <trkpt lat="-37.8399190" lon="144.9637550">
    <ele>12.0</ele>
   </trkpt>
   <trkpt lat="-37.8399720" lon="144.9637420">
    <ele>11.6</ele>
   </trkpt>
   <trkpt lat="-37.8400150" lon="144.9637370">
    <ele>11.6</ele>
   </trkpt>
   <trkpt lat="-37.8400720" lon="144.9637340">
    <ele>11.4</ele>
   </trkpt>
   <trkpt lat="-37.8401170" lon="144.9637360">
    <ele>11.2</ele>
   </trkpt>
   <trkpt lat="-37.8401730" lon="144.9637240">
    <ele>11.2</ele>
   </trkpt>
   <trkpt lat="-37.8402170" lon="144.9637190">
    <ele>11.4</ele>
   </trkpt>
   <trkpt lat="-37.8402720" lon="144.9637090">
    <ele>11.4</ele>
   </trkpt>
   <trkpt lat="-37.8403190" lon="144.9637040">
    <ele>11.4</ele>
   </trkpt>
   <trkpt lat="-37.8403660" lon="144.9637100">
    <ele>11.2</ele>
   </trkpt>
   <trkpt lat="-37.8404190" lon="144.9637220">
    <ele>11.2</ele>
   </trkpt>
   <trkpt lat="-37.8404680" lon="144.9637370">
    <ele>11.2</ele>
   </trkpt>
   <trkpt lat="-37.8405300" lon="144.9637560">
    <ele>11.0</ele>
   </trkpt>
   <trkpt lat="-37.8405810" lon="144.9637720">
    <ele>10.8</ele>
   </trkpt>
   <trkpt lat="-37.8406450" lon="144.9637920">
    <ele>10.6</ele>
   </trkpt>
   <trkpt lat="-37.8406910" lon="144.9638130">
    <ele>10.4</ele>
   </trkpt>
   <trkpt lat="-37.8407490" lon="144.9638310">
    <ele>10.0</ele>
   </trkpt>
   <trkpt lat="-37.8408020" lon="144.9638530">
    <ele>9.4</ele>
   </trkpt>
   <trkpt lat="-37.8408620" lon="144.9638630">
    <ele>9.2</ele>
   </trkpt>
   <trkpt lat="-37.8409170" lon="144.9638780">
    <ele>9.0</ele>
   </trkpt>
   <trkpt lat="-37.8409730" lon="144.9638830">
    <ele>8.6</ele>
   </trkpt>
   <trkpt lat="-37.8410200" lon="144.9638850">
    <ele>8.6</ele>
   </trkpt>
   <trkpt lat="-37.8410530" lon="144.9638790">
    <ele>8.8</ele>
   </trkpt>
   <trkpt lat="-37.8410730" lon="144.9638700">
    <ele>9.0</ele>
   </trkpt>
  </trkseg>
 </trk>
</gpx>
