<?xml version="1.0" encoding="UTF-8"?>
<gpx creator="StravaGPX" version="1.1" xmlns="http://www.topografix.com/GPX/1/1" xmlns:xsi="http://www.w3.org/2001/XMLSchema-instance" xsi:schemaLocation="http://www.topografix.com/GPX/1/1 http://www.topografix.com/GPX/1/1/gpx.xsd">
 <trk>
  <name>Run Prix 🏁</name>
  <type>running</type>
  <trkseg>
   <trkpt lat="-37.8428730" lon="144.9625170">
    <ele>6.0</ele>
   </trkpt>
   <trkpt lat="-37.8428880" lon="144.9625270">
    <ele>6.0</ele>
   </trkpt>
   <trkpt lat="-37.8429250" lon="144.9625540">
    <ele>6.0</ele>
   </trkpt>
   <trkpt lat="-37.8429710" lon="144.9625890">
    <ele>6.2</ele>
   </trkpt>
   <trkpt lat="-37.8430270" lon="144.9626270">
    <ele>6.6</ele>
   </trkpt>
   <trkpt lat="-37.8430770" lon="144.9626630">
    <ele>6.8</ele>
   </trkpt>
   <trkpt lat="-37.8431260" lon="144.9627000">
    <ele>6.8</ele>
   </trkpt>
   <trkpt lat="-37.8431780" lon="144.9627360">
    <ele>6.8</ele>
   </trkpt>
   <trkpt lat="-37.8432300" lon="144.9627760">
    <ele>6.8</ele>
   </trkpt>
   <trkpt lat="-37.8432780" lon="144.9628140">
    <ele>6.8</ele>
   </trkpt>
   <trkpt lat="-37.8433240" lon="144.9628490">
    <ele>6.8</ele>
   </trkpt>
   <trkpt lat="-37.8433700" lon="144.9628880">
    <ele>6.8</ele>
   </trkpt>
   <trkpt lat="-37.8434150" lon="144.9629280">
    <ele>6.8</ele>
   </trkpt>
   <trkpt lat="-37.8434560" lon="144.9629590">
    <ele>6.8</ele>
   </trkpt>
   <trkpt lat="-37.8435010" lon="144.9629960">
    <ele>6.8</ele>
   </trkpt>
   <trkpt lat="-37.8435470" lon="144.9630410">
    <ele>6.8</ele>
   </trkpt>
   <trkpt lat="-37.8435910" lon="144.9630830">
    <ele>6.6</ele>
   </trkpt>
   <trkpt lat="-37.8436350" lon="144.9631150">
    <ele>6.6</ele>
   </trkpt>
   <trkpt lat="-37.8436880" lon="144.9631580">
    <ele>6.6</ele>
   </trkpt>
   <trkpt lat="-37.8437290" lon="144.9631970">
    <ele>6.4</ele>
   </trkpt>
   <trkpt lat="-37.8437750" lon="144.9632330">
    <ele>6.4</ele>
   </trkpt>
   <trkpt lat="-37.8438170" lon="144.9632640">
    <ele>6.8</ele>
   </trkpt>
   <trkpt lat="-37.8438550" lon="144.9632990">
    <ele>6.8</ele>
   </trkpt>
   <trkpt lat="-37.8438970" lon="144.9633340">
    <ele>6.8</ele>
   </trkpt>
   <trkpt lat="-37.8439400" lon="144.9633720">
    <ele>7.2</ele>
   </trkpt>
   <trkpt lat="-37.8439750" lon="144.9634030">
    <ele>7.4</ele>
   </trkpt>
   <trkpt lat="-37.8440190" lon="144.9634460">
    <ele>7.4</ele>
   </trkpt>
   <trkpt lat="-37.8440620" lon="144.9634840">
    <ele>7.6</ele>
   </trkpt>
   <trkpt lat="-37.8441050" lon="144.9635200">
    <ele>7.6</ele>
   </trkpt>
   <trkpt lat="-37.8441480" lon="144.9635610">
    <ele>7.8</ele>
   </trkpt>
   <trkpt lat="-37.8441930" lon="144.9636060">
    <ele>7.6</ele>
   </trkpt>
   <trkpt lat="-37.8442310" lon="144.9636480">
    <ele>7.6</ele>
   </trkpt>
   <trkpt lat="-37.8442740" lon="144.9636900">
    <ele>7.6</ele>
   </trkpt>
   <trkpt lat="-37.8443150" lon="144.9637350">
    <ele>7.6</ele>
   </trkpt>
   <trkpt lat="-37.8443510" lon="144.9637730">
    <ele>7.6</ele>
   </trkpt>
   <trkpt lat="-37.8443930" lon="144.9638110">
    <ele>7.6</ele>
   </trkpt>
   <trkpt lat="-37.8444340" lon="144.9638510">
    <ele>7.6</ele>
   </trkpt>
   <trkpt lat="-37.8444710" lon="144.9638870">
    <ele>7.6</ele>
   </trkpt>
   <trkpt lat="-37.8445130" lon="144.9639280">
    <ele>7.8</ele>
   </trkpt>
   <trkpt lat="-37.8445530" lon="144.9639700">
    <ele>8.0</ele>
   </trkpt>
   <trkpt lat="-37.8445910" lon="144.9640070">
    <ele>7.8</ele>
   </trkpt>
   <trkpt lat="-37.8446360" lon="144.9640540">
    <ele>7.6</ele>
   </trkpt>
   <trkpt lat="-37.8446730" lon="144.9640960">
    <ele>7.4</ele>
   </trkpt>
   <trkpt lat="-37.8447140" lon="144.9641320">
    <ele>7.4</ele>
   </trkpt>
   <trkpt lat="-37.8447560" lon="144.9641760">
    <ele>7.2</ele>
   </trkpt>
   <trkpt lat="-37.8447880" lon="144.9642160">
    <ele>7.2</ele>
   </trkpt>
   <trkpt lat="-37.8448260" lon="144.9642470">
    <ele>7.2</ele>
   </trkpt>
   <trkpt lat="-37.8448700" lon="144.9643010">
    <ele>7.2</ele>
   </trkpt>
   <trkpt lat="-37.8449010" lon="144.9643390">
    <ele>7.2</ele>
   </trkpt>
   <trkpt lat="-37.8449410" lon="144.9643870">
    <ele>7.0</ele>
   </trkpt>
   <trkpt lat="-37.8449810" lon="144.9644340">
    <ele>7.0</ele>
   </trkpt>
   <trkpt lat="-37.8450140" lon="144.9644760">
    <ele>7.2</ele>
   </trkpt>
   <trkpt lat="-37.8450610" lon="144.9645300">
    <ele>7.4</ele>
   </trkpt>
   <trkpt lat="-37.8450950" lon="144.9645740">
    <ele>7.6</ele>
   </trkpt>
   <trkpt lat="-37.8451320" lon="144.9646120">
    <ele>8.0</ele>
   </trkpt>
   <trkpt lat="-37.8451730" lon="144.9646670">
    <ele>8.0</ele>
   </trkpt>
   <trkpt lat="-37.8452050" lon="144.9647110">
    <ele>8.2</ele>
   </trkpt>
   <trkpt lat="-37.8452420" lon="144.9647540">
    <ele>8.2</ele>
   </trkpt>
   <trkpt lat="-37.8452800" lon="144.9648090">
    <ele>8.0</ele>
   </trkpt>
   <trkpt lat="-37.8453170" lon="144.9648550">
    <ele>8.2</ele>
   </trkpt>
   <trkpt lat="-37.8453620" lon="144.9649020">
    <ele>8.2</ele>
   </trkpt>
   <trkpt lat="-37.8454030" lon="144.9649550">
    <ele>8.4</ele>
   </trkpt>
   <trkpt lat="-37.8454350" lon="144.9650030">
    <ele>8.6</ele>
   </trkpt>
   <trkpt lat="-37.8454800" lon="144.9650470">
    <ele>8.8</ele>
   </trkpt>
   <trkpt lat="-37.8455180" lon="144.9651000">
    <ele>9.0</ele>
   </trkpt>
   <trkpt lat="-37.8455520" lon="144.9651400">
    <ele>9.0</ele>
   </trkpt>
   <trkpt lat="-37.8455980" lon="144.9651900">
    <ele>9.2</ele>
   </trkpt>
   <trkpt lat="-37.8456320" lon="144.9652410">
    <ele>9.0</ele>
   </trkpt>
   <trkpt lat="-37.8456670" lon="144.9652830">
    <ele>9.0</ele>
   </trkpt>
   <trkpt lat="-37.8457060" lon="144.9653390">
    <ele>9.0</ele>
   </trkpt>
   <trkpt lat="-37.8457370" lon="144.9653890">
    <ele>9.0</ele>
   </trkpt>
   <trkpt lat="-37.8457730" lon="144.9654300">
    <ele>8.6</ele>
   </trkpt>
   <trkpt lat="-37.8458140" lon="144.9654880">
    <ele>8.4</ele>
   </trkpt>
   <trkpt lat="-37.8458480" lon="144.9655330">
    <ele>8.4</ele>
   </trkpt>
   <trkpt lat="-37.8458880" lon="144.9655810">
    <ele>8.0</ele>
   </trkpt>
   <trkpt lat="-37.8459280" lon="144.9656350">
    <ele>8.0</ele>
   </trkpt>
   <trkpt lat="-37.8459590" lon="144.9656770">
    <ele>8.0</ele>
   </trkpt>
   <trkpt lat="-37.8459980" lon="144.9657300">
    <ele>8.0</ele>
   </trkpt>
   <trkpt lat="-37.8460310" lon="144.9657810">
    <ele>8.2</ele>
   </trkpt>
   <trkpt lat="-37.8460680" lon="144.9658200">
    <ele>8.2</ele>
   </trkpt>
   <trkpt lat="-37.8461130" lon="144.9658670">
    <ele>8.2</ele>
   </trkpt>
   <trkpt lat="-37.8461490" lon="144.9659100">
    <ele>8.4</ele>
   </trkpt>
   <trkpt lat="-37.8461920" lon="144.9659430">
    <ele>8.4</ele>
   </trkpt>
   <trkpt lat="-37.8462440" lon="144.9659860">
    <ele>8.2</ele>
   </trkpt>
   <trkpt lat="-37.8462890" lon="144.9660180">
    <ele>8.2</ele>
   </trkpt>
   <trkpt lat="-37.8463380" lon="144.9660500">
    <ele>8.2</ele>
   </trkpt>
   <trkpt lat="-37.8463910" lon="144.9660840">
    <ele>8.2</ele>
   </trkpt>
   <trkpt lat="-37.8464360" lon="144.9661110">
    <ele>8.2</ele>
   </trkpt>
   <trkpt lat="-37.8464880" lon="144.9661400">
    <ele>8.2</ele>
   </trkpt>
   <trkpt lat="-37.8465390" lon="144.9661630">
    <ele>8.2</ele>
   </trkpt>
   <trkpt lat="-37.8465910" lon="144.9661770">
    <ele>8.2</ele>
   </trkpt>
   <trkpt lat="-37.8466490" lon="144.9661970">
    <ele>8.2</ele>
   </trkpt>
   <trkpt lat="-37.8466950" lon="144.9662140">
    <ele>8.2</ele>
   </trkpt>
   <trkpt lat="-37.8467470" lon="144.9662190">
    <ele>8.2</ele>
   </trkpt>
   <trkpt lat="-37.8468070" lon="144.9662270">
    <ele>8.4</ele>
   </trkpt>
   <trkpt lat="-37.8468560" lon="144.9662300">
    <ele>8.4</ele>
   </trkpt>
   <trkpt lat="-37.8469110" lon="144.9662260">
    <ele>8.4</ele>
   </trkpt>
   <trkpt lat="-37.8469680" lon="144.9662240">
    <ele>8.4</ele>
   </trkpt>
   <trkpt lat="-37.8470180" lon="144.9662170">
    <ele>8.4</ele>
   </trkpt>
   <trkpt lat="-37.8470750" lon="144.9662040">
    <ele>8.2</ele>
   </trkpt>
   <trkpt lat="-37.8471280" lon="144.9661970">
    <ele>8.2</ele>
   </trkpt>
   <trkpt lat="-37.8471790" lon="144.9661830">
    <ele>8.4</ele>
   </trkpt>
   <trkpt lat="-37.8472330" lon="144.9661590">
    <ele>8.4</ele>
   </trkpt>
   <trkpt lat="-37.8472810" lon="144.9661490">
    <ele>8.4</ele>
   </trkpt>
   <trkpt lat="-37.8473350" lon="144.9661270">
    <ele>8.4</ele>
   </trkpt>
   <trkpt lat="-37.8473950" lon="144.9661100">
    <ele>8.6</ele>
   </trkpt>
   <trkpt lat="-37.8474410" lon="144.9660990">
    <ele>8.6</ele>
   </trkpt>
   <trkpt lat="-37.8475020" lon="144.9660750">
    <ele>8.6</ele>
   </trkpt>
   <trkpt lat="-37.8475580" lon="144.9660680">
    <ele>8.6</ele>
   </trkpt>
   <trkpt lat="-37.8476070" lon="144.9660750">
    <ele>8.6</ele>
   </trkpt>
   <trkpt lat="-37.8476600" lon="144.9661010">
    <ele>8.4</ele>
   </trkpt>
   <trkpt lat="-37.8477040" lon="144.9661360">
    <ele>8.2</ele>
   </trkpt>
   <trkpt lat="-37.8477470" lon="144.9661650">
    <ele>8.4</ele>
   </trkpt>
   <trkpt lat="-37.8477930" lon="144.9662090">
    <ele>8.4</ele>
   </trkpt>
   <trkpt lat="-37.8478270" lon="144.9662530">
    <ele>8.4</ele>
   </trkpt>
   <trkpt lat="-37.8478690" lon="144.9662940">
    <ele>8.4</ele>
   </trkpt>
   <trkpt lat="-37.8479120" lon="144.9663470">
    <ele>8.2</ele>
   </trkpt>
   <trkpt lat="-37.8479480" lon="144.9663880">
    <ele>7.8</ele>
   </trkpt>
   <trkpt lat="-37.8479900" lon="144.9664340">
    <ele>7.2</ele>
   </trkpt>
   <trkpt lat="-37.8480310" lon="144.9664910">
    <ele>7.0</ele>
   </trkpt>
   <trkpt lat="-37.8480660" lon="144.9665320">
    <ele>6.8</ele>
   </trkpt>
   <trkpt lat="-37.8481090" lon="144.9665820">
    <ele>7.0</ele>
   </trkpt>
   <trkpt lat="-37.8481430" lon="144.9666290">
    <ele>6.8</ele>
   </trkpt>
   <trkpt lat="-37.8481790" lon="144.9666730">
    <ele>6.6</ele>
   </trkpt>
   <trkpt lat="-37.8482220" lon="144.9667290">
    <ele>6.6</ele>
   </trkpt>
   <trkpt lat="-37.8482510" lon="144.9667710">
    <ele>6.2</ele>
   </trkpt>
   <trkpt lat="-37.8482890" lon="144.9668160">
    <ele>6.0</ele>
   </trkpt>
   <trkpt lat="-37.8483270" lon="144.9668700">
    <ele>6.0</ele>
   </trkpt>
   <trkpt lat="-37.8483580" lon="144.9669110">
    <ele>6.2</ele>
   </trkpt>
   <trkpt lat="-37.8484030" lon="144.9669570">
    <ele>6.6</ele>
   </trkpt>
   <trkpt lat="-37.8484370" lon="144.9670030">
    <ele>7.2</ele>
   </trkpt>
   <trkpt lat="-37.8484740" lon="144.9670440">
    <ele>7.6</ele>
   </trkpt>
   <trkpt lat="-37.8485190" lon="144.9670960">
    <ele>7.8</ele>
   </trkpt>
   <trkpt lat="-37.8485490" lon="144.9671380">
    <ele>8.0</ele>
   </trkpt>
   <trkpt lat="-37.8485900" lon="144.9671850">
    <ele>8.0</ele>
   </trkpt>
   <trkpt lat="-37.8486260" lon="144.9672300">
    <ele>8.0</ele>
   </trkpt>
   <trkpt lat="-37.8486640" lon="144.9672670">
    <ele>8.2</ele>
   </trkpt>
   <trkpt lat="-37.8487100" lon="144.9673220">
    <ele>8.2</ele>
   </trkpt>
   <trkpt lat="-37.8487400" lon="144.9673640">
    <ele>8.0</ele>
   </trkpt>
   <trkpt lat="-37.8487800" lon="144.9674090">
    <ele>8.4</ele>
   </trkpt>
   <trkpt lat="-37.8488140" lon="144.9674620">
    <ele>8.4</ele>
   </trkpt>
   <trkpt lat="-37.8488460" lon="144.9675010">
    <ele>8.4</ele>
   </trkpt>
   <trkpt lat="-37.8488880" lon="144.9675490">
    <ele>8.4</ele>
   </trkpt>
   <trkpt lat="-37.8489190" lon="144.9675930">
    <ele>8.4</ele>
   </trkpt>
   <trkpt lat="-37.8489580" lon="144.9676370">
    <ele>8.4</ele>
   </trkpt>
   <trkpt lat="-37.8489970" lon="144.9676910">
    <ele>8.4</ele>
   </trkpt>
   <trkpt lat="-37.8490300" lon="144.9677320">
    <ele>8.6</ele>
   </trkpt>
   <trkpt lat="-37.8490730" lon="144.9677830">
    <ele>8.6</ele>
   </trkpt>
   <trkpt lat="-37.8491060" lon="144.9678300">
    <ele>8.8</ele>
   </trkpt>
   <trkpt lat="-37.8491420" lon="144.9678700">
    <ele>8.8</ele>
   </trkpt>
   <trkpt lat="-37.8491860" lon="144.9679260">
    <ele>8.8</ele>
   </trkpt>
   <trkpt lat="-37.8492140" lon="144.9679710">
    <ele>8.8</ele>
   </trkpt>
   <trkpt lat="-37.8492510" lon="144.9680190">
    <ele>9.0</ele>
   </trkpt>
   <trkpt lat="-37.8492860" lon="144.9680660">
    <ele>9.0</ele>
   </trkpt>
   <trkpt lat="-37.8493190" lon="144.9681070">
    <ele>8.8</ele>
   </trkpt>
   <trkpt lat="-37.8493600" lon="144.9681640">
    <ele>8.8</ele>
   </trkpt>
   <trkpt lat="-37.8493910" lon="144.9682120">
    <ele>8.8</ele>
   </trkpt>
   <trkpt lat="-37.8494310" lon="144.9682540">
    <ele>9.0</ele>
   </trkpt>
   <trkpt lat="-37.8494720" lon="144.9683060">
    <ele>9.2</ele>
   </trkpt>
   <trkpt lat="-37.8495030" lon="144.9683470">
    <ele>9.4</ele>
   </trkpt>
   <trkpt lat="-37.8495440" lon="144.9683970">
    <ele>9.8</ele>
   </trkpt>
   <trkpt lat="-37.8495780" lon="144.9684450">
    <ele>10.2</ele>
   </trkpt>
   <trkpt lat="-37.8496150" lon="144.9684860">
    <ele>10.2</ele>
   </trkpt>
   <trkpt lat="-37.8496550" lon="144.9685380">
    <ele>10.4</ele>
   </trkpt>
   <trkpt lat="-37.8496810" lon="144.9685810">
    <ele>10.6</ele>
   </trkpt>
   <trkpt lat="-37.8497190" lon="144.9686320">
    <ele>10.6</ele>
   </trkpt>
   <trkpt lat="-37.8497530" lon="144.9686810">
    <ele>10.6</ele>
   </trkpt>
   <trkpt lat="-37.8497870" lon="144.9687230">
    <ele>10.6</ele>
   </trkpt>
   <trkpt lat="-37.8498320" lon="144.9687780">
    <ele>10.6</ele>
   </trkpt>
   <trkpt lat="-37.8498680" lon="144.9688220">
    <ele>10.4</ele>
   </trkpt>
   <trkpt lat="-37.8499070" lon="144.9688690">
    <ele>10.4</ele>
   </trkpt>
   <trkpt lat="-37.8499440" lon="144.9689200">
    <ele>10.4</ele>
   </trkpt>
   <trkpt lat="-37.8499740" lon="144.9689600">
    <ele>10.4</ele>
   </trkpt>
   <trkpt lat="-37.8500160" lon="144.9690140">
    <ele>10.4</ele>
   </trkpt>
   <trkpt lat="-37.8500470" lon="144.9690560">
    <ele>10.6</ele>
   </trkpt>
   <trkpt lat="-37.8500850" lon="144.9691030">
    <ele>10.8</ele>
   </trkpt>
   <trkpt lat="-37.8501220" lon="144.9691510">
    <ele>11.0</ele>
   </trkpt>
   <trkpt lat="-37.8501550" lon="144.9691880">
    <ele>11.2</ele>
   </trkpt>
   <trkpt lat="-37.8501960" lon="144.9692390">
    <ele>11.2</ele>
   </trkpt>
   <trkpt lat="-37.8502270" lon="144.9692760">
    <ele>11.2</ele>
   </trkpt>
   <trkpt lat="-37.8502630" lon="144.9693280">
    <ele>11.2</ele>
   </trkpt>
   <trkpt lat="-37.8503020" lon="144.9693800">
    <ele>11.2</ele>
   </trkpt>
   <trkpt lat="-37.8503340" lon="144.9694200">
    <ele>11.0</ele>
   </trkpt>
   <trkpt lat="-37.8503710" lon="144.9694680">
    <ele>11.0</ele>
   </trkpt>
   <trkpt lat="-37.8504010" lon="144.9695110">
    <ele>11.0</ele>
   </trkpt>
   <trkpt lat="-37.8504420" lon="144.9695540">
    <ele>11.0</ele>
   </trkpt>
   <trkpt lat="-37.8504840" lon="144.9696040">
    <ele>11.2</ele>
   </trkpt>
   <trkpt lat="-37.8505160" lon="144.9696450">
    <ele>11.2</ele>
   </trkpt>
   <trkpt lat="-37.8505570" lon="144.9696990">
    <ele>11.2</ele>
   </trkpt>
   <trkpt lat="-37.8505890" lon="144.9697370">
    <ele>11.2</ele>
   </trkpt>
   <trkpt lat="-37.8506290" lon="144.9697800">
    <ele>11.2</ele>
   </trkpt>
   <trkpt lat="-37.8506650" lon="144.9698290">
    <ele>11.2</ele>
   </trkpt>
   <trkpt lat="-37.8506980" lon="144.9698730">
    <ele>11.2</ele>
   </trkpt>
   <trkpt lat="-37.8507440" lon="144.9699230">
    <ele>11.4</ele>
   </trkpt>
   <trkpt lat="-37.8507740" lon="144.9699640">
    <ele>11.4</ele>
   </trkpt>
   <trkpt lat="-37.8508120" lon="144.9700090">
    <ele>11.4</ele>
   </trkpt>
   <trkpt lat="-37.8508530" lon="144.9700630">
    <ele>11.4</ele>
   </trkpt>
   <trkpt lat="-37.8508850" lon="144.9701040">
    <ele>11.6</ele>
   </trkpt>
   <trkpt lat="-37.8509260" lon="144.9701530">
    <ele>11.8</ele>
   </trkpt>
   <trkpt lat="-37.8509560" lon="144.9701980">
    <ele>11.8</ele>
   </trkpt>
   <trkpt lat="-37.8509950" lon="144.9702420">
    <ele>11.8</ele>
   </trkpt>
   <trkpt lat="-37.8510350" lon="144.9702930">
    <ele>11.8</ele>
   </trkpt>
   <trkpt lat="-37.8510640" lon="144.9703380">
    <ele>11.8</ele>
   </trkpt>
   <trkpt lat="-37.8511040" lon="144.9703880">
    <ele>11.6</ele>
   </trkpt>
   <trkpt lat="-37.8511370" lon="144.9704320">
    <ele>11.6</ele>
   </trkpt>
   <trkpt lat="-37.8511740" lon="144.9704740">
    <ele>11.6</ele>
   </trkpt>
   <trkpt lat="-37.8512210" lon="144.9705280">
    <ele>11.6</ele>
   </trkpt>
   <trkpt lat="-37.8512550" lon="144.9705720">
    <ele>11.6</ele>
   </trkpt>
   <trkpt lat="-37.8512900" lon="144.9706230">
    <ele>11.6</ele>
   </trkpt>
   <trkpt lat="-37.8513260" lon="144.9706680">
    <ele>11.4</ele>
   </trkpt>
   <trkpt lat="-37.8513610" lon="144.9707090">
    <ele>11.2</ele>
   </trkpt>
   <trkpt lat="-37.8514040" lon="144.9707650">
    <ele>11.0</ele>
   </trkpt>
   <trkpt lat="-37.8514380" lon="144.9708090">
    <ele>10.8</ele>
   </trkpt>
   <trkpt lat="-37.8514780" lon="144.9708560">
    <ele>10.8</ele>
   </trkpt>
   <trkpt lat="-37.8515190" lon="144.9709020">
    <ele>11.0</ele>
   </trkpt>
   <trkpt lat="-37.8515540" lon="144.9709420">
    <ele>11.2</ele>
   </trkpt>
   <trkpt lat="-37.8515960" lon="144.9709970">
    <ele>11.4</ele>
   </trkpt>
   <trkpt lat="-37.8516230" lon="144.9710400">
    <ele>11.6</ele>
   </trkpt>
   <trkpt lat="-37.8516610" lon="144.9710890">
    <ele>11.6</ele>
   </trkpt>
   <trkpt lat="-37.8516990" lon="144.9711350">
    <ele>11.6</ele>
   </trkpt>
   <trkpt lat="-37.8517310" lon="144.9711730">
    <ele>11.6</ele>
   </trkpt>
   <trkpt lat="-37.8517730" lon="144.9712230">
    <ele>11.6</ele>
   </trkpt>
   <trkpt lat="-37.8518030" lon="144.9712690">
    <ele>11.4</ele>
   </trkpt>
   <trkpt lat="-37.8518440" lon="144.9713160">
    <ele>11.4</ele>
   </trkpt>
   <trkpt lat="-37.8518780" lon="144.9713640">
    <ele>11.4</ele>
   </trkpt>
   <trkpt lat="-37.8519120" lon="144.9714080">
    <ele>11.4</ele>
   </trkpt>
   <trkpt lat="-37.8519460" lon="144.9714590">
    <ele>11.4</ele>
   </trkpt>
   <trkpt lat="-37.8519800" lon="144.9715020">
    <ele>11.4</ele>
   </trkpt>
   <trkpt lat="-37.8520200" lon="144.9715490">
    <ele>11.6</ele>
   </trkpt>
   <trkpt lat="-37.8520560" lon="144.9716000">
    <ele>11.8</ele>
   </trkpt>
   <trkpt lat="-37.8520900" lon="144.9716420">
    <ele>11.6</ele>
   </trkpt>
   <trkpt lat="-37.8521290" lon="144.9716980">
    <ele>11.4</ele>
   </trkpt>
   <trkpt lat="-37.8521570" lon="144.9717460">
    <ele>11.2</ele>
   </trkpt>
   <trkpt lat="-37.8521950" lon="144.9717910">
    <ele>10.8</ele>
   </trkpt>
   <trkpt lat="-37.8522350" lon="144.9718410">
    <ele>10.4</ele>
   </trkpt>
   <trkpt lat="-37.8522650" lon="144.9718810">
    <ele>10.2</ele>
   </trkpt>
   <trkpt lat="-37.8523050" lon="144.9719340">
    <ele>10.2</ele>
   </trkpt>
   <trkpt lat="-37.8523360" lon="144.9719820">
    <ele>10.2</ele>
   </trkpt>
   <trkpt lat="-37.8523740" lon="144.9720270">
    <ele>10.2</ele>
   </trkpt>
   <trkpt lat="-37.8524130" lon="144.9720810">
    <ele>10.4</ele>
   </trkpt>
   <trkpt lat="-37.8524440" lon="144.9721210">
    <ele>10.4</ele>
   </trkpt>
   <trkpt lat="-37.8524860" lon="144.9721750">
    <ele>10.6</ele>
   </trkpt>
   <trkpt lat="-37.8525190" lon="144.9722210">
    <ele>10.6</ele>
   </trkpt>
   <trkpt lat="-37.8525580" lon="144.9722640">
    <ele>10.8</ele>
   </trkpt>
   <trkpt lat="-37.8526000" lon="144.9723120">
    <ele>10.8</ele>
   </trkpt>
   <trkpt lat="-37.8526320" lon="144.9723520">
    <ele>10.6</ele>
   </trkpt>
   <trkpt lat="-37.8526750" lon="144.9724000">
    <ele>10.6</ele>
   </trkpt>
   <trkpt lat="-37.8527070" lon="144.9724480">
    <ele>10.6</ele>
   </trkpt>
   <trkpt lat="-37.8527430" lon="144.9724950">
    <ele>10.4</ele>
   </trkpt>
   <trkpt lat="-37.8527740" lon="144.9725630">
    <ele>10.2</ele>
   </trkpt>
   <trkpt lat="-37.8527860" lon="144.9726220">
    <ele>9.8</ele>
   </trkpt>
   <trkpt lat="-37.8528050" lon="144.9726880">
    <ele>9.6</ele>
   </trkpt>
   <trkpt lat="-37.8528150" lon="144.9727510">
    <ele>9.0</ele>
   </trkpt>
   <trkpt lat="-37.8528240" lon="144.9728060">
    <ele>8.8</ele>
   </trkpt>
   <trkpt lat="-37.8528270" lon="144.9728810">
    <ele>8.4</ele>
   </trkpt>
   <trkpt lat="-37.8528210" lon="144.9729430">
    <ele>8.4</ele>
   </trkpt>
   <trkpt lat="-37.8528130" lon="144.9730080">
    <ele>8.6</ele>
   </trkpt>
   <trkpt lat="-37.8527950" lon="144.9730670">
    <ele>8.4</ele>
   </trkpt>
   <trkpt lat="-37.8527760" lon="144.9731150">
    <ele>8.4</ele>
   </trkpt>
   <trkpt lat="-37.8527450" lon="144.9731770">
    <ele>8.2</ele>
   </trkpt>
   <trkpt lat="-37.8527190" lon="144.9732250">
    <ele>8.4</ele>
   </trkpt>
   <trkpt lat="-37.8526970" lon="144.9732820">
    <ele>8.2</ele>
   </trkpt>
   <trkpt lat="-37.8526650" lon="144.9733390">
    <ele>8.6</ele>
   </trkpt>
   <trkpt lat="-37.8526350" lon="144.9733850">
    <ele>8.8</ele>
   </trkpt>
   <trkpt lat="-37.8525950" lon="144.9734390">
    <ele>9.6</ele>
   </trkpt>
   <trkpt lat="-37.8525630" lon="144.9734780">
    <ele>9.6</ele>
   </trkpt>
   <trkpt lat="-37.8525300" lon="144.9735280">
    <ele>9.8</ele>
   </trkpt>
   <trkpt lat="-37.8524970" lon="144.9735750">
    <ele>10.2</ele>
   </trkpt>
   <trkpt lat="-37.8524720" lon="144.9736170">
    <ele>10.6</ele>
   </trkpt>
   <trkpt lat="-37.8524300" lon="144.9736660">
    <ele>11.0</ele>
   </trkpt>
   <trkpt lat="-37.8524010" lon="144.9737020">
    <ele>11.4</ele>
   </trkpt>
   <trkpt lat="-37.8523640" lon="144.9737500">
    <ele>11.2</ele>
   </trkpt>
   <trkpt lat="-37.8523260" lon="144.9737860">
    <ele>11.2</ele>
   </trkpt>
   <trkpt lat="-37.8522910" lon="144.9738250">
    <ele>11.0</ele>
   </trkpt>
   <trkpt lat="-37.8522520" lon="144.9738690">
    <ele>11.0</ele>
   </trkpt>
   <trkpt lat="-37.8522200" lon="144.9739050">
    <ele>11.0</ele>
   </trkpt>
   <trkpt lat="-37.8521780" lon="144.9739630">
    <ele>11.0</ele>
   </trkpt>
   <trkpt lat="-37.8521470" lon="144.9740090">
    <ele>10.8</ele>
   </trkpt>
   <trkpt lat="-37.8521250" lon="144.9740680">
    <ele>10.4</ele>
   </trkpt>
   <trkpt lat="-37.8521230" lon="144.9741350">
    <ele>10.0</ele>
   </trkpt>
   <trkpt lat="-37.8521370" lon="144.9741940">
    <ele>9.6</ele>
   </trkpt>
   <trkpt lat="-37.8521710" lon="144.9742530">
    <ele>9.6</ele>
   </trkpt>
   <trkpt lat="-37.8522010" lon="144.9743020">
    <ele>9.8</ele>
   </trkpt>
   <trkpt lat="-37.8522420" lon="144.9743440">
    <ele>10.0</ele>
   </trkpt>
   <trkpt lat="-37.8522840" lon="144.9743850">
    <ele>10.0</ele>
   </trkpt>
   <trkpt lat="-37.8523250" lon="144.9744150">
    <ele>10.0</ele>
   </trkpt>
   <trkpt lat="-37.8523750" lon="144.9744610">
    <ele>10.0</ele>
   </trkpt>
   <trkpt lat="-37.8524110" lon="144.9744950">
    <ele>10.0</ele>
   </trkpt>
   <trkpt lat="-37.8524580" lon="144.9745300">
    <ele>10.0</ele>
   </trkpt>
   <trkpt lat="-37.8525000" lon="144.9745680">
    <ele>10.4</ele>
   </trkpt>
   <trkpt lat="-37.8525410" lon="144.9745970">
    <ele>10.6</ele>
   </trkpt>
   <trkpt lat="-37.8525920" lon="144.9746370">
    <ele>10.4</ele>
   </trkpt>
   <trkpt lat="-37.8526290" lon="144.9746670">
    <ele>10.2</ele>
   </trkpt>
   <trkpt lat="-37.8526760" lon="144.9747010">
    <ele>10.0</ele>
   </trkpt>
   <trkpt lat="-37.8527150" lon="144.9747360">
    <ele>9.6</ele>
   </trkpt>
   <trkpt lat="-37.8527590" lon="144.9747660">
    <ele>9.4</ele>
   </trkpt>
   <trkpt lat="-37.8528080" lon="144.9748050">
    <ele>9.4</ele>
   </trkpt>
   <trkpt lat="-37.8528470" lon="144.9748340">
    <ele>9.6</ele>
   </trkpt>
   <trkpt lat="-37.8528960" lon="144.9748710">
    <ele>10.0</ele>
   </trkpt>
   <trkpt lat="-37.8529330" lon="144.9749050">
    <ele>10.0</ele>
   </trkpt>
   <trkpt lat="-37.8529800" lon="144.9749360">
    <ele>10.2</ele>
   </trkpt>
   <trkpt lat="-37.8530280" lon="144.9749710">
    <ele>10.4</ele>
   </trkpt>
   <trkpt lat="-37.8530710" lon="144.9749970">
    <ele>10.4</ele>
   </trkpt>
   <trkpt lat="-37.8531230" lon="144.9750320">
    <ele>10.4</ele>
   </trkpt>
   <trkpt lat="-37.8531650" lon="144.9750670">
    <ele>10.2</ele>
   </trkpt>
   <trkpt lat="-37.8532150" lon="144.9750990">
    <ele>10.0</ele>
   </trkpt>
   <trkpt lat="-37.8532650" lon="144.9751370">
    <ele>9.6</ele>
   </trkpt>
   <trkpt lat="-37.8533040" lon="144.9751620">
    <ele>9.2</ele>
   </trkpt>
   <trkpt lat="-37.8533570" lon="144.9751980">
    <ele>9.0</ele>
   </trkpt>
   <trkpt lat="-37.8533950" lon="144.9752260">
    <ele>9.0</ele>
   </trkpt>
   <trkpt lat="-37.8534460" lon="144.9752570">
    <ele>8.8</ele>
   </trkpt>
   <trkpt lat="-37.8534910" lon="144.9752900">
    <ele>9.0</ele>
   </trkpt>
   <trkpt lat="-37.8535320" lon="144.9753210">
    <ele>9.0</ele>
   </trkpt>
   <trkpt lat="-37.8535790" lon="144.9753610">
    <ele>9.0</ele>
   </trkpt>
   <trkpt lat="-37.8536180" lon="144.9753940">
    <ele>9.0</ele>
   </trkpt>
   <trkpt lat="-37.8536610" lon="144.9754270">
    <ele>9.2</ele>
   </trkpt>
   <trkpt lat="-37.8537100" lon="144.9754780">
    <ele>9.0</ele>
   </trkpt>
   <trkpt lat="-37.8537430" lon="144.9755170">
    <ele>9.2</ele>
   </trkpt>
   <trkpt lat="-37.8537800" lon="144.9755700">
    <ele>9.4</ele>
   </trkpt>
   <trkpt lat="-37.8538070" lon="144.9756230">
    <ele>9.6</ele>
   </trkpt>
   <trkpt lat="-37.8538320" lon="144.9756740">
    <ele>9.2</ele>
   </trkpt>
   <trkpt lat="-37.8538540" lon="144.9757450">
    <ele>8.6</ele>
   </trkpt>
   <trkpt lat="-37.8538610" lon="144.9758020">
    <ele>8.6</ele>
   </trkpt>
   <trkpt lat="-37.8538700" lon="144.9758720">
    <ele>8.4</ele>
   </trkpt>
   <trkpt lat="-37.8538720" lon="144.9759360">
    <ele>8.6</ele>
   </trkpt>
   <trkpt lat="-37.8538740" lon="144.9759940">
    <ele>9.0</ele>
   </trkpt>
   <trkpt lat="-37.8538700" lon="144.9760660">
    <ele>9.0</ele>
   </trkpt>
   <trkpt lat="-37.8538600" lon="144.9761210">
    <ele>9.2</ele>
   </trkpt>
   <trkpt lat="-37.8538480" lon="144.9761900">
    <ele>9.6</ele>
   </trkpt>
   <trkpt lat="-37.8538320" lon="144.9762490">
    <ele>9.4</ele>
   </trkpt>
   <trkpt lat="-37.8538230" lon="144.9763090">
    <ele>9.4</ele>
   </trkpt>
   <trkpt lat="-37.8538110" lon="144.9763720">
    <ele>9.4</ele>
   </trkpt>
   <trkpt lat="-37.8538010" lon="144.9764250">
    <ele>9.2</ele>
   </trkpt>
   <trkpt lat="-37.8537820" lon="144.9764930">
    <ele>9.0</ele>
   </trkpt>
   <trkpt lat="-37.8537640" lon="144.9765450">
    <ele>8.8</ele>
   </trkpt>
   <trkpt lat="-37.8537480" lon="144.9766090">
    <ele>9.0</ele>
   </trkpt>
   <trkpt lat="-37.8537290" lon="144.9766650">
    <ele>9.0</ele>
   </trkpt>
   <trkpt lat="-37.8537210" lon="144.9767200">
    <ele>9.2</ele>
   </trkpt>
   <trkpt lat="-37.8537100" lon="144.9767850">
    <ele>9.6</ele>
   </trkpt>
   <trkpt lat="-37.8536970" lon="144.9768390">
    <ele>10.2</ele>
   </trkpt>
   <trkpt lat="-37.8536830" lon="144.9769060">
    <ele>10.2</ele>
   </trkpt>
   <trkpt lat="-37.8536690" lon="144.9769610">
    <ele>10.4</ele>
   </trkpt>
   <trkpt lat="-37.8536580" lon="144.9770200">
    <ele>10.6</ele>
   </trkpt>
   <trkpt lat="-37.8536450" lon="144.9770830">
    <ele>10.6</ele>
   </trkpt>
   <trkpt lat="-37.8536320" lon="144.9771360">
    <ele>9.8</ele>
   </trkpt>
   <trkpt lat="-37.8536170" lon="144.9772010">
    <ele>9.2</ele>
   </trkpt>
   <trkpt lat="-37.8536010" lon="144.9772520">
    <ele>8.8</ele>
   </trkpt>
   <trkpt lat="-37.8535880" lon="144.9773110">
    <ele>8.8</ele>
   </trkpt>
   <trkpt lat="-37.8535740" lon="144.9773720">
    <ele>8.8</ele>
   </trkpt>
   <trkpt lat="-37.8535650" lon="144.9774280">
    <ele>8.6</ele>
   </trkpt>
   <trkpt lat="-37.8535510" lon="144.9775060">
    <ele>8.6</ele>
   </trkpt>
   <trkpt lat="-37.8535400" lon="144.9775620">
    <ele>9.0</ele>
   </trkpt>
   <trkpt lat="-37.8535260" lon="144.9776310">
    <ele>9.4</ele>
   </trkpt>
   <trkpt lat="-37.8535120" lon="144.9776860">
    <ele>9.4</ele>
   </trkpt>
   <trkpt lat="-37.8535030" lon="144.9777420">
    <ele>9.6</ele>
   </trkpt>
   <trkpt lat="-37.8534890" lon="144.9778100">
    <ele>9.8</ele>
   </trkpt>
   <trkpt lat="-37.8534760" lon="144.9778630">
    <ele>9.4</ele>
   </trkpt>
   <trkpt lat="-37.8534610" lon="144.9779240">
    <ele>9.2</ele>
   </trkpt>
   <trkpt lat="-37.8534450" lon="144.9779790">
    <ele>9.4</ele>
   </trkpt>
   <trkpt lat="-37.8534350" lon="144.9780420">
    <ele>9.6</ele>
   </trkpt>
   <trkpt lat="-37.8534240" lon="144.9781120">
    <ele>10.4</ele>
   </trkpt>
   <trkpt lat="-37.8534120" lon="144.9781690">
    <ele>11.0</ele>
   </trkpt>
   <trkpt lat="-37.8533980" lon="144.9782440">
    <ele>11.6</ele>
   </trkpt>
   <trkpt lat="-37.8533840" lon="144.9783070">
    <ele>12.0</ele>
   </trkpt>
   <trkpt lat="-37.8533760" lon="144.9783710">
    <ele>12.2</ele>
   </trkpt>
   <trkpt lat="-37.8533600" lon="144.9784450">
    <ele>12.4</ele>
   </trkpt>
   <trkpt lat="-37.8533380" lon="144.9785010">
    <ele>12.2</ele>
   </trkpt>
   <trkpt lat="-37.8533120" lon="144.9785500">
    <ele>12.6</ele>
   </trkpt>
   <trkpt lat="-37.8532650" lon="144.9785710">
    <ele>12.8</ele>
   </trkpt>
   <trkpt lat="-37.8532190" lon="144.9785690">
    <ele>13.0</ele>
   </trkpt>
   <trkpt lat="-37.8531710" lon="144.9785590">
    <ele>13.2</ele>
   </trkpt>
   <trkpt lat="-37.8531280" lon="144.9785350">
    <ele>13.2</ele>
   </trkpt>
   <trkpt lat="-37.8530770" lon="144.9785200">
    <ele>13.4</ele>
   </trkpt>
   <trkpt lat="-37.8530220" lon="144.9784980">
    <ele>13.6</ele>
   </trkpt>
   <trkpt lat="-37.8529790" lon="144.9784870">
    <ele>12.6</ele>
   </trkpt>
   <trkpt lat="-37.8529180" lon="144.9784740">
    <ele>12.2</ele>
   </trkpt>
   <trkpt lat="-37.8528640" lon="144.9784580">
    <ele>11.6</ele>
   </trkpt>
   <trkpt lat="-37.8528090" lon="144.9784470">
    <ele>11.4</ele>
   </trkpt>
   <trkpt lat="-37.8527570" lon="144.9784350">
    <ele>11.4</ele>
   </trkpt>
   <trkpt lat="-37.8527090" lon="144.9784220">
    <ele>11.4</ele>
   </trkpt>
   <trkpt lat="-37.8526550" lon="144.9784060">
    <ele>11.6</ele>
   </trkpt>
   <trkpt lat="-37.8526110" lon="144.9783920">
    <ele>11.6</ele>
   </trkpt>
   <trkpt lat="-37.8525560" lon="144.9783770">
    <ele>11.6</ele>
   </trkpt>
   <trkpt lat="-37.8525080" lon="144.9783590">
    <ele>11.6</ele>
   </trkpt>
   <trkpt lat="-37.8524580" lon="144.9783460">
    <ele>11.6</ele>
   </trkpt>
   <trkpt lat="-37.8524080" lon="144.9783310">
    <ele>11.6</ele>
   </trkpt>
   <trkpt lat="-37.8523650" lon="144.9783160">
    <ele>11.6</ele>
   </trkpt>
   <trkpt lat="-37.8523100" lon="144.9783010">
    <ele>11.6</ele>
   </trkpt>
   <trkpt lat="-37.8522640" lon="144.9782850">
    <ele>11.6</ele>
   </trkpt>
   <trkpt lat="-37.8522170" lon="144.9782710">
    <ele>11.4</ele>
   </trkpt>
   <trkpt lat="-37.8521670" lon="144.9782490">
    <ele>11.4</ele>
   </trkpt>
   <trkpt lat="-37.8521220" lon="144.9782280">
    <ele>11.6</ele>
   </trkpt>
   <trkpt lat="-37.8520690" lon="144.9782060">
    <ele>11.4</ele>
   </trkpt>
   <trkpt lat="-37.8520220" lon="144.9781840">
    <ele>11.2</ele>
   </trkpt>
   <trkpt lat="-37.8519720" lon="144.9781690">
    <ele>11.4</ele>
   </trkpt>
   <trkpt lat="-37.8519240" lon="144.9781460">
    <ele>11.4</ele>
   </trkpt>
   <trkpt lat="-37.8518800" lon="144.9781260">
    <ele>11.4</ele>
   </trkpt>
   <trkpt lat="-37.8518270" lon="144.9781070">
    <ele>11.6</ele>
   </trkpt>
   <trkpt lat="-37.8517850" lon="144.9780860">
    <ele>11.6</ele>
   </trkpt>
   <trkpt lat="-37.8517380" lon="144.9780710">
    <ele>11.6</ele>
   </trkpt>
   <trkpt lat="-37.8516880" lon="144.9780540">
    <ele>11.6</ele>
   </trkpt>
   <trkpt lat="-37.8516470" lon="144.9780360">
    <ele>11.6</ele>
   </trkpt>
   <trkpt lat="-37.8515960" lon="144.9780150">
    <ele>11.6</ele>
   </trkpt>
   <trkpt lat="-37.8515530" lon="144.9779910">
    <ele>12.0</ele>
   </trkpt>
   <trkpt lat="-37.8515020" lon="144.9779790">
    <ele>12.0</ele>
   </trkpt>
   <trkpt lat="-37.8514510" lon="144.9779590">
    <ele>12.0</ele>
   </trkpt>
   <trkpt lat="-37.8514090" lon="144.9779460">
    <ele>12.0</ele>
   </trkpt>
   <trkpt lat="-37.8513540" lon="144.9779290">
    <ele>11.8</ele>
   </trkpt>
   <trkpt lat="-37.8513140" lon="144.9779090">
    <ele>11.8</ele>
   </trkpt>
   <trkpt lat="-37.8512580" lon="144.9778910">
    <ele>11.6</ele>
   </trkpt>
   <trkpt lat="-37.8512100" lon="144.9778730">
    <ele>11.6</ele>
   </trkpt>
   <trkpt lat="-37.8511630" lon="144.9778610">
    <ele>11.8</ele>
   </trkpt>
   <trkpt lat="-37.8511130" lon="144.9778440">
    <ele>11.8</ele>
   </trkpt>
   <trkpt lat="-37.8510720" lon="144.9778240">
    <ele>11.8</ele>
   </trkpt>
   <trkpt lat="-37.8510200" lon="144.9778060">
    <ele>11.8</ele>
   </trkpt>
   <trkpt lat="-37.8509760" lon="144.9777870">
    <ele>11.8</ele>
   </trkpt>
   <trkpt lat="-37.8509300" lon="144.9777780">
    <ele>11.8</ele>
   </trkpt>
   <trkpt lat="-37.8508790" lon="144.9777630">
    <ele>12.0</ele>
   </trkpt>
   <trkpt lat="-37.8508330" lon="144.9777480">
    <ele>12.2</ele>
   </trkpt>
   <trkpt lat="-37.8507780" lon="144.9777250">
    <ele>12.4</ele>
   </trkpt>
   <trkpt lat="-37.8507360" lon="144.9777010">
    <ele>12.6</ele>
   </trkpt>
   <trkpt lat="-37.8506870" lon="144.9776840">
    <ele>12.8</ele>
   </trkpt>
   <trkpt lat="-37.8506400" lon="144.9776680">
    <ele>12.4</ele>
   </trkpt>
   <trkpt lat="-37.8505920" lon="144.9776560">
    <ele>12.0</ele>
   </trkpt>
   <trkpt lat="-37.8505410" lon="144.9776360">
    <ele>12.0</ele>
   </trkpt>
   <trkpt lat="-37.8505010" lon="144.9776130">
    <ele>12.0</ele>
   </trkpt>
   <trkpt lat="-37.8504490" lon="144.9775890">
    <ele>12.0</ele>
   </trkpt>
   <trkpt lat="-37.8504010" lon="144.9775640">
    <ele>12.0</ele>
   </trkpt>
   <trkpt lat="-37.8503550" lon="144.9775450">
    <ele>12.4</ele>
   </trkpt>
   <trkpt lat="-37.8503010" lon="144.9775210">
    <ele>12.4</ele>
   </trkpt>
   <trkpt lat="-37.8502610" lon="144.9774960">
    <ele>12.2</ele>
   </trkpt>
   <trkpt lat="-37.8502110" lon="144.9774680">
    <ele>12.2</ele>
   </trkpt>
   <trkpt lat="-37.8501680" lon="144.9774380">
    <ele>12.0</ele>
   </trkpt>
   <trkpt lat="-37.8501230" lon="144.9774130">
    <ele>12.0</ele>
   </trkpt>
   <trkpt lat="-37.8500740" lon="144.9773790">
    <ele>11.8</ele>
   </trkpt>
   <trkpt lat="-37.8500340" lon="144.9773540">
    <ele>11.8</ele>
   </trkpt>
   <trkpt lat="-37.8499890" lon="144.9773210">
    <ele>12.0</ele>
   </trkpt>
   <trkpt lat="-37.8499510" lon="144.9772870">
    <ele>12.0</ele>
   </trkpt>
   <trkpt lat="-37.8499060" lon="144.9772540">
    <ele>11.8</ele>
   </trkpt>
   <trkpt lat="-37.8498640" lon="144.9772180">
    <ele>11.8</ele>
   </trkpt>
   <trkpt lat="-37.8498250" lon="144.9771870">
    <ele>11.6</ele>
   </trkpt>
   <trkpt lat="-37.8497820" lon="144.9771470">
    <ele>11.4</ele>
   </trkpt>
   <trkpt lat="-37.8497470" lon="144.9771090">
    <ele>11.6</ele>
   </trkpt>
   <trkpt lat="-37.8497020" lon="144.9770660">
    <ele>11.6</ele>
   </trkpt>
   <trkpt lat="-37.8496670" lon="144.9770220">
    <ele>11.6</ele>
   </trkpt>
   <trkpt lat="-37.8496230" lon="144.9769810">
    <ele>11.6</ele>
   </trkpt>
   <trkpt lat="-37.8495820" lon="144.9769370">
    <ele>11.4</ele>
   </trkpt>
   <trkpt lat="-37.8495460" lon="144.9768980">
    <ele>11.2</ele>
   </trkpt>
   <trkpt lat="-37.8495080" lon="144.9768450">
    <ele>11.4</ele>
   </trkpt>
   <trkpt lat="-37.8494820" lon="144.9768010">
    <ele>11.4</ele>
   </trkpt>
   <trkpt lat="-37.8494470" lon="144.9767490">
    <ele>11.4</ele>
   </trkpt>
   <trkpt lat="-37.8494200" lon="144.9767030">
    <ele>11.6</ele>
   </trkpt>
   <trkpt lat="-37.8493850" lon="144.9766590">
    <ele>11.6</ele>
   </trkpt>
   <trkpt lat="-37.8493520" lon="144.9766080">
    <ele>11.4</ele>
   </trkpt>
   <trkpt lat="-37.8493220" lon="144.9765610">
    <ele>11.4</ele>
   </trkpt>
   <trkpt lat="-37.8492820" lon="144.9765080">
    <ele>11.2</ele>
   </trkpt>
   <trkpt lat="-37.8492560" lon="144.9764630">
    <ele>10.8</ele>
   </trkpt>
   <trkpt lat="-37.8492230" lon="144.9764170">
    <ele>10.8</ele>
   </trkpt>
   <trkpt lat="-37.8491910" lon="144.9763690">
    <ele>10.8</ele>
   </trkpt>
   <trkpt lat="-37.8491590" lon="144.9763270">
    <ele>11.0</ele>
   </trkpt>
   <trkpt lat="-37.8491250" lon="144.9762790">
    <ele>11.2</ele>
   </trkpt>
   <trkpt lat="-37.8491010" lon="144.9762420">
    <ele>11.4</ele>
   </trkpt>
   <trkpt lat="-37.8490640" lon="144.9761880">
    <ele>11.6</ele>
   </trkpt>
   <trkpt lat="-37.8490390" lon="144.9761410">
    <ele>11.8</ele>
   </trkpt>
   <trkpt lat="-37.8490060" lon="144.9760930">
    <ele>11.8</ele>
   </trkpt>
   <trkpt lat="-37.8489760" lon="144.9760460">
    <ele>12.0</ele>
   </trkpt>
   <trkpt lat="-37.8489420" lon="144.9760060">
    <ele>12.2</ele>
   </trkpt>
   <trkpt lat="-37.8489080" lon="144.9759570">
    <ele>12.4</ele>
   </trkpt>
   <trkpt lat="-37.8488780" lon="144.9759180">
    <ele>12.4</ele>
   </trkpt>
   <trkpt lat="-37.8488400" lon="144.9758670">
    <ele>12.2</ele>
   </trkpt>
   <trkpt lat="-37.8488130" lon="144.9758220">
    <ele>11.8</ele>
   </trkpt>
   <trkpt lat="-37.8487770" lon="144.9757750">
    <ele>11.8</ele>
   </trkpt>
   <trkpt lat="-37.8487470" lon="144.9757290">
    <ele>11.8</ele>
   </trkpt>
   <trkpt lat="-37.8487150" lon="144.9756880">
    <ele>11.8</ele>
   </trkpt>
   <trkpt lat="-37.8486830" lon="144.9756380">
    <ele>12.0</ele>
   </trkpt>
   <trkpt lat="-37.8486580" lon="144.9756000">
    <ele>12.0</ele>
   </trkpt>
   <trkpt lat="-37.8486240" lon="144.9755480">
    <ele>12.0</ele>
   </trkpt>
   <trkpt lat="-37.8486010" lon="144.9755020">
    <ele>11.8</ele>
   </trkpt>
   <trkpt lat="-37.8485690" lon="144.9754520">
    <ele>12.0</ele>
   </trkpt>
   <trkpt lat="-37.8485420" lon="144.9754040">
    <ele>12.2</ele>
   </trkpt>
   <trkpt lat="-37.8485060" lon="144.9753610">
    <ele>12.2</ele>
   </trkpt>
   <trkpt lat="-37.8484710" lon="144.9753160">
    <ele>12.2</ele>
   </trkpt>
   <trkpt lat="-37.8484380" lon="144.9752760">
    <ele>12.4</ele>
   </trkpt>
   <trkpt lat="-37.8484020" lon="144.9752260">
    <ele>12.2</ele>
   </trkpt>
   <trkpt lat="-37.8483750" lon="144.9751830">
    <ele>12.0</ele>
   </trkpt>
   <trkpt lat="-37.8483470" lon="144.9751310">
    <ele>12.0</ele>
   </trkpt>
   <trkpt lat="-37.8483250" lon="144.9750830">
    <ele>12.0</ele>
   </trkpt>
   <trkpt lat="-37.8482940" lon="144.9750310">
    <ele>12.2</ele>
   </trkpt>
   <trkpt lat="-37.8482700" lon="144.9749780">
    <ele>12.2</ele>
   </trkpt>
   <trkpt lat="-37.8482480" lon="144.9749250">
    <ele>12.4</ele>
   </trkpt>
   <trkpt lat="-37.8482290" lon="144.9748640">
    <ele>12.6</ele>
   </trkpt>
   <trkpt lat="-37.8482160" lon="144.9748110">
    <ele>12.6</ele>
   </trkpt>
   <trkpt lat="-37.8482000" lon="144.9747440">
    <ele>12.6</ele>
   </trkpt>
   <trkpt lat="-37.8481910" lon="144.9746900">
    <ele>12.6</ele>
   </trkpt>
   <trkpt lat="-37.8481730" lon="144.9746300">
    <ele>12.4</ele>
   </trkpt>
   <trkpt lat="-37.8481660" lon="144.9745690">
    <ele>12.4</ele>
   </trkpt>
   <trkpt lat="-37.8481600" lon="144.9745130">
    <ele>12.0</ele>
   </trkpt>
   <trkpt lat="-37.8481530" lon="144.9744480">
    <ele>11.6</ele>
   </trkpt>
   <trkpt lat="-37.8481460" lon="144.9743980">
    <ele>11.4</ele>
   </trkpt>
   <trkpt lat="-37.8481360" lon="144.9743250">
    <ele>11.4</ele>
   </trkpt>
   <trkpt lat="-37.8481290" lon="144.9742690">
    <ele>11.2</ele>
   </trkpt>
   <trkpt lat="-37.8481160" lon="144.9742060">
    <ele>11.2</ele>
   </trkpt>
   <trkpt lat="-37.8481130" lon="144.9741400">
    <ele>11.4</ele>
   </trkpt>
   <trkpt lat="-37.8481130" lon="144.9740850">
    <ele>11.6</ele>
   </trkpt>
   <trkpt lat="-37.8481110" lon="144.9740140">
    <ele>11.8</ele>
   </trkpt>
   <trkpt lat="-37.8481080" lon="144.9739590">
    <ele>11.8</ele>
   </trkpt>
   <trkpt lat="-37.8481000" lon="144.9738910">
    <ele>11.8</ele>
   </trkpt>
   <trkpt lat="-37.8480960" lon="144.9738350">
    <ele>11.8</ele>
   </trkpt>
   <trkpt lat="-37.8480830" lon="144.9737710">
    <ele>11.4</ele>
   </trkpt>
   <trkpt lat="-37.8480760" lon="144.9737070">
    <ele>11.2</ele>
   </trkpt>
   <trkpt lat="-37.8480690" lon="144.9736500">
    <ele>11.2</ele>
   </trkpt>
   <trkpt lat="-37.8480590" lon="144.9735810">
    <ele>11.4</ele>
   </trkpt>
   <trkpt lat="-37.8480510" lon="144.9735290">
    <ele>11.2</ele>
   </trkpt>
   <trkpt lat="-37.8480300" lon="144.9734610">
    <ele>11.4</ele>
   </trkpt>
   <trkpt lat="-37.8480180" lon="144.9734060">
    <ele>11.4</ele>
   </trkpt>
   <trkpt lat="-37.8479930" lon="144.9733480">
    <ele>11.0</ele>
   </trkpt>
   <trkpt lat="-37.8479720" lon="144.9732880">
    <ele>11.0</ele>
   </trkpt>
   <trkpt lat="-37.8479520" lon="144.9732360">
    <ele>11.0</ele>
   </trkpt>
   <trkpt lat="-37.8479210" lon="144.9731750">
    <ele>10.8</ele>
   </trkpt>
   <trkpt lat="-37.8478980" lon="144.9731290">
    <ele>10.8</ele>
   </trkpt>
   <trkpt lat="-37.8478670" lon="144.9730740">
    <ele>10.8</ele>
   </trkpt>
   <trkpt lat="-37.8478470" lon="144.9730250">
    <ele>11.0</ele>
   </trkpt>
   <trkpt lat="-37.8478160" lon="144.9729740">
    <ele>11.0</ele>
   </trkpt>
   <trkpt lat="-37.8477900" lon="144.9729250">
    <ele>11.8</ele>
   </trkpt>
   <trkpt lat="-37.8477620" lon="144.9728800">
    <ele>12.0</ele>
   </trkpt>
   <trkpt lat="-37.8477310" lon="144.9728280">
    <ele>12.2</ele>
   </trkpt>
   <trkpt lat="-37.8476990" lon="144.9727860">
    <ele>12.2</ele>
   </trkpt>
   <trkpt lat="-37.8476610" lon="144.9727330">
    <ele>12.2</ele>
   </trkpt>
   <trkpt lat="-37.8476350" lon="144.9726890">
    <ele>12.2</ele>
   </trkpt>
   <trkpt lat="-37.8476030" lon="144.9726400">
    <ele>11.8</ele>
   </trkpt>
   <trkpt lat="-37.8475780" lon="144.9725940">
    <ele>11.8</ele>
   </trkpt>
   <trkpt lat="-37.8475430" lon="144.9725540">
    <ele>11.6</ele>
   </trkpt>
   <trkpt lat="-37.8475100" lon="144.9725060">
    <ele>11.8</ele>
   </trkpt>
   <trkpt lat="-37.8474740" lon="144.9724690">
    <ele>11.4</ele>
   </trkpt>
   <trkpt lat="-37.8474370" lon="144.9724150">
    <ele>11.8</ele>
   </trkpt>
   <trkpt lat="-37.8474110" lon="144.9723730">
    <ele>11.8</ele>
   </trkpt>
   <trkpt lat="-37.8473730" lon="144.9723240">
    <ele>11.8</ele>
   </trkpt>
   <trkpt lat="-37.8473470" lon="144.9722770">
    <ele>11.8</ele>
   </trkpt>
   <trkpt lat="-37.8473150" lon="144.9722330">
    <ele>12.0</ele>
   </trkpt>
   <trkpt lat="-37.8472830" lon="144.9721860">
    <ele>12.2</ele>
   </trkpt>
   <trkpt lat="-37.8472550" lon="144.9721450">
    <ele>12.4</ele>
   </trkpt>
   <trkpt lat="-37.8472180" lon="144.9720910">
    <ele>12.4</ele>
   </trkpt>
   <trkpt lat="-37.8471950" lon="144.9720500">
    <ele>12.4</ele>
   </trkpt>
   <trkpt lat="-37.8471580" lon="144.9720020">
    <ele>12.0</ele>
   </trkpt>
   <trkpt lat="-37.8471270" lon="144.9719560">
    <ele>11.6</ele>
   </trkpt>
   <trkpt lat="-37.8470930" lon="144.9719130">
    <ele>10.8</ele>
   </trkpt>
   <trkpt lat="-37.8470580" lon="144.9718630">
    <ele>10.6</ele>
   </trkpt>
   <trkpt lat="-37.8470240" lon="144.9718250">
    <ele>10.4</ele>
   </trkpt>
   <trkpt lat="-37.8469830" lon="144.9717780">
    <ele>10.2</ele>
   </trkpt>
   <trkpt lat="-37.8469570" lon="144.9717390">
    <ele>10.2</ele>
   </trkpt>
   <trkpt lat="-37.8469180" lon="144.9716890">
    <ele>10.4</ele>
   </trkpt>
   <trkpt lat="-37.8468900" lon="144.9716490">
    <ele>10.2</ele>
   </trkpt>
   <trkpt lat="-37.8468480" lon="144.9716110">
    <ele>10.0</ele>
   </trkpt>
   <trkpt lat="-37.8468140" lon="144.9715710">
    <ele>10.2</ele>
   </trkpt>
   <trkpt lat="-37.8467810" lon="144.9715370">
    <ele>10.6</ele>
   </trkpt>
   <trkpt lat="-37.8467400" lon="144.9714960">
    <ele>10.6</ele>
   </trkpt>
   <trkpt lat="-37.8467070" lon="144.9714650">
    <ele>10.8</ele>
   </trkpt>
   <trkpt lat="-37.8466660" lon="144.9714230">
    <ele>11.2</ele>
   </trkpt>
   <trkpt lat="-37.8466360" lon="144.9713900">
    <ele>11.0</ele>
   </trkpt>
   <trkpt lat="-37.8465950" lon="144.9713510">
    <ele>11.0</ele>
   </trkpt>
   <trkpt lat="-37.8465620" lon="144.9713170">
    <ele>11.0</ele>
   </trkpt>
   <trkpt lat="-37.8465190" lon="144.9712880">
    <ele>11.0</ele>
   </trkpt>
   <trkpt lat="-37.8464800" lon="144.9712550">
    <ele>11.6</ele>
   </trkpt>
   <trkpt lat="-37.8464430" lon="144.9712280">
    <ele>12.2</ele>
   </trkpt>
   <trkpt lat="-37.8464000" lon="144.9711940">
    <ele>12.6</ele>
   </trkpt>
   <trkpt lat="-37.8463650" lon="144.9711660">
    <ele>12.6</ele>
   </trkpt>
   <trkpt lat="-37.8463170" lon="144.9711330">
    <ele>12.6</ele>
   </trkpt>
   <trkpt lat="-37.8462790" lon="144.9711050">
    <ele>12.4</ele>
   </trkpt>
   <trkpt lat="-37.8462340" lon="144.9710810">
    <ele>12.2</ele>
   </trkpt>
   <trkpt lat="-37.8461960" lon="144.9710550">
    <ele>11.6</ele>
   </trkpt>
   <trkpt lat="-37.8461520" lon="144.9710360">
    <ele>11.0</ele>
   </trkpt>
   <trkpt lat="-37.8461070" lon="144.9710110">
    <ele>10.4</ele>
   </trkpt>
   <trkpt lat="-37.8460680" lon="144.9709920">
    <ele>10.6</ele>
   </trkpt>
   <trkpt lat="-37.8460210" lon="144.9709680">
    <ele>10.8</ele>
   </trkpt>
   <trkpt lat="-37.8459850" lon="144.9709430">
    <ele>10.8</ele>
   </trkpt>
   <trkpt lat="-37.8459330" lon="144.9709210">
    <ele>11.4</ele>
   </trkpt>
   <trkpt lat="-37.8458970" lon="144.9709000">
    <ele>12.2</ele>
   </trkpt>
   <trkpt lat="-37.8458470" lon="144.9708830">
    <ele>13.0</ele>
   </trkpt>
   <trkpt lat="-37.8458050" lon="144.9708630">
    <ele>12.8</ele>
   </trkpt>
   <trkpt lat="-37.8457590" lon="144.9708490">
    <ele>12.6</ele>
   </trkpt>
   <trkpt lat="-37.8457110" lon="144.9708310">
    <ele>12.6</ele>
   </trkpt>
   <trkpt lat="-37.8456730" lon="144.9708120">
    <ele>12.4</ele>
   </trkpt>
   <trkpt lat="-37.8456230" lon="144.9707950">
    <ele>12.0</ele>
   </trkpt>
   <trkpt lat="-37.8455910" lon="144.9707810">
    <ele>11.6</ele>
   </trkpt>
   <trkpt lat="-37.8455370" lon="144.9707640">
    <ele>12.0</ele>
   </trkpt>
   <trkpt lat="-37.8454990" lon="144.9707460">
    <ele>12.4</ele>
   </trkpt>
   <trkpt lat="-37.8454500" lon="144.9707340">
    <ele>13.0</ele>
   </trkpt>
   <trkpt lat="-37.8454070" lon="144.9707180">
    <ele>13.6</ele>
   </trkpt>
   <trkpt lat="-37.8453650" lon="144.9707130">
    <ele>14.4</ele>
   </trkpt>
   <trkpt lat="-37.8453130" lon="144.9707050">
    <ele>14.6</ele>
   </trkpt>
   <trkpt lat="-37.8452730" lon="144.9706980">
    <ele>14.6</ele>
   </trkpt>
   <trkpt lat="-37.8452190" lon="144.9706870">
    <ele>12.2</ele>
   </trkpt>
   <trkpt lat="-37.8451780" lon="144.9706740">
    <ele>11.8</ele>
   </trkpt>
   <trkpt lat="-37.8451220" lon="144.9706650">
    <ele>10.2</ele>
   </trkpt>
   <trkpt lat="-37.8450820" lon="144.9706540">
    <ele>9.8</ele>
   </trkpt>
   <trkpt lat="-37.8450330" lon="144.9706520">
    <ele>9.4</ele>
   </trkpt>
   <trkpt lat="-37.8449930" lon="144.9706470">
    <ele>9.4</ele>
   </trkpt>
   <trkpt lat="-37.8449490" lon="144.9706480">
    <ele>9.4</ele>
   </trkpt>
   <trkpt lat="-37.8449020" lon="144.9706500">
    <ele>9.8</ele>
   </trkpt>
   <trkpt lat="-37.8448580" lon="144.9706550">
    <ele>10.2</ele>
   </trkpt>
   <trkpt lat="-37.8448090" lon="144.9706550">
    <ele>10.6</ele>
   </trkpt>
   <trkpt lat="-37.8447710" lon="144.9706520">
    <ele>10.6</ele>
   </trkpt>
   <trkpt lat="-37.8447210" lon="144.9706520">
    <ele>10.6</ele>
   </trkpt>
   <trkpt lat="-37.8446850" lon="144.9706460">
    <ele>10.4</ele>
   </trkpt>
   <trkpt lat="-37.8446340" lon="144.9706520">
    <ele>10.2</ele>
   </trkpt>
   <trkpt lat="-37.8445910" lon="144.9706510">
    <ele>9.8</ele>
   </trkpt>
   <trkpt lat="-37.8445400" lon="144.9706540">
    <ele>9.8</ele>
   </trkpt>
   <trkpt lat="-37.8444960" lon="144.9706530">
    <ele>9.8</ele>
   </trkpt>
   <trkpt lat="-37.8444470" lon="144.9706620">
    <ele>9.8</ele>
   </trkpt>
   <trkpt lat="-37.8443990" lon="144.9706660">
    <ele>9.8</ele>
   </trkpt>
   <trkpt lat="-37.8443520" lon="144.9706760">
    <ele>9.8</ele>
   </trkpt>
   <trkpt lat="-37.8443000" lon="144.9706830">
    <ele>9.6</ele>
   </trkpt>
   <trkpt lat="-37.8442610" lon="144.9706930">
    <ele>9.6</ele>
   </trkpt>
   <trkpt lat="-37.8442100" lon="144.9707060">
    <ele>9.6</ele>
   </trkpt>
   <trkpt lat="-37.8441690" lon="144.9707140">
    <ele>9.6</ele>
   </trkpt>
   <trkpt lat="-37.8441160" lon="144.9707260">
    <ele>9.4</ele>
   </trkpt>
   <trkpt lat="-37.8440730" lon="144.9707300">
    <ele>9.4</ele>
   </trkpt>
   <trkpt lat="-37.8440250" lon="144.9707440">
    <ele>9.6</ele>
   </trkpt>
   <trkpt lat="-37.8439780" lon="144.9707560">
    <ele>9.6</ele>
   </trkpt>
   <trkpt lat="-37.8439330" lon="144.9707720">
    <ele>9.6</ele>
   </trkpt>
   <trkpt lat="-37.8438870" lon="144.9707920">
    <ele>9.4</ele>
   </trkpt>
   <trkpt lat="-37.8438520" lon="144.9708120">
    <ele>9.4</ele>
   </trkpt>
   <trkpt lat="-37.8438030" lon="144.9708350">
    <ele>9.6</ele>
   </trkpt>
   <trkpt lat="-37.8437600" lon="144.9708500">
    <ele>9.4</ele>
   </trkpt>
   <trkpt lat="-37.8437090" lon="144.9708690">
    <ele>9.4</ele>
   </trkpt>
   <trkpt lat="-37.8436710" lon="144.9708830">
    <ele>9.2</ele>
   </trkpt>
   <trkpt lat="-37.8436240" lon="144.9709060">
    <ele>8.8</ele>
   </trkpt>
   <trkpt lat="-37.8435840" lon="144.9709190">
    <ele>7.6</ele>
   </trkpt>
   <trkpt lat="-37.8435430" lon="144.9709420">
    <ele>7.4</ele>
   </trkpt>
   <trkpt lat="-37.8434990" lon="144.9709620">
    <ele>7.6</ele>
   </trkpt>
   <trkpt lat="-37.8434620" lon="144.9709810">
    <ele>8.0</ele>
   </trkpt>
   <trkpt lat="-37.8434110" lon="144.9710010">
    <ele>8.6</ele>
   </trkpt>
   <trkpt lat="-37.8433750" lon="144.9710190">
    <ele>9.2</ele>
   </trkpt>
   <trkpt lat="-37.8433220" lon="144.9710350">
    <ele>9.4</ele>
   </trkpt>
   <trkpt lat="-37.8432840" lon="144.9710410">
    <ele>9.4</ele>
   </trkpt>
   <trkpt lat="-37.8432380" lon="144.9710610">
    <ele>9.6</ele>
   </trkpt>
   <trkpt lat="-37.8431930" lon="144.9710750">
    <ele>9.8</ele>
   </trkpt>
   <trkpt lat="-37.8431520" lon="144.9710970">
    <ele>9.8</ele>
   </trkpt>
   <trkpt lat="-37.8431090" lon="144.9711110">
    <ele>9.8</ele>
   </trkpt>
   <trkpt lat="-37.8430670" lon="144.9711300">
    <ele>9.8</ele>
   </trkpt>
   <trkpt lat="-37.8430170" lon="144.9711500">
    <ele>9.6</ele>
   </trkpt>
   <trkpt lat="-37.8429800" lon="144.9711700">
    <ele>9.4</ele>
   </trkpt>
   <trkpt lat="-37.8429280" lon="144.9711900">
    <ele>9.4</ele>
   </trkpt>
   <trkpt lat="-37.8428900" lon="144.9712010">
    <ele>9.6</ele>
   </trkpt>
   <trkpt lat="-37.8428380" lon="144.9712220">
    <ele>9.8</ele>
   </trkpt>
   <trkpt lat="-37.8427970" lon="144.9712320">
    <ele>9.8</ele>
   </trkpt>
   <trkpt lat="-37.8427510" lon="144.9712530">
    <ele>9.4</ele>
   </trkpt>
   <trkpt lat="-37.8427070" lon="144.9712700">
    <ele>9.2</ele>
   </trkpt>
   <trkpt lat="-37.8426660" lon="144.9712950">
    <ele>8.8</ele>
   </trkpt>
   <trkpt lat="-37.8426200" lon="144.9713170">
    <ele>8.8</ele>
   </trkpt>
   <trkpt lat="-37.8425830" lon="144.9713380">
    <ele>8.2</ele>
   </trkpt>
   <trkpt lat="-37.8425370" lon="144.9713630">
    <ele>8.2</ele>
   </trkpt>
   <trkpt lat="-37.8424970" lon="144.9713830">
    <ele>8.4</ele>
   </trkpt>
   <trkpt lat="-37.8424460" lon="144.9714070">
    <ele>8.2</ele>
   </trkpt>
   <trkpt lat="-37.8424090" lon="144.9714210">
    <ele>8.4</ele>
   </trkpt>
   <trkpt lat="-37.8423620" lon="144.9714420">
    <ele>8.4</ele>
   </trkpt>
   <trkpt lat="-37.8423220" lon="144.9714500">
    <ele>8.4</ele>
   </trkpt>
   <trkpt lat="-37.8422790" lon="144.9714720">
    <ele>8.6</ele>
   </trkpt>
   <trkpt lat="-37.8422360" lon="144.9714910">
    <ele>8.6</ele>
   </trkpt>
   <trkpt lat="-37.8421940" lon="144.9715120">
    <ele>8.6</ele>
   </trkpt>
   <trkpt lat="-37.8421430" lon="144.9715280">
    <ele>8.8</ele>
   </trkpt>
   <trkpt lat="-37.8421020" lon="144.9715460">
    <ele>9.0</ele>
   </trkpt>
   <trkpt lat="-37.8420490" lon="144.9715610">
    <ele>9.4</ele>
   </trkpt>
   <trkpt lat="-37.8420100" lon="144.9715680">
    <ele>9.4</ele>
   </trkpt>
   <trkpt lat="-37.8419590" lon="144.9715850">
    <ele>9.2</ele>
   </trkpt>
   <trkpt lat="-37.8419210" lon="144.9715850">
    <ele>9.0</ele>
   </trkpt>
   <trkpt lat="-37.8418760" lon="144.9716000">
    <ele>8.6</ele>
   </trkpt>
   <trkpt lat="-37.8418350" lon="144.9716070">
    <ele>8.2</ele>
   </trkpt>
   <trkpt lat="-37.8417890" lon="144.9716180">
    <ele>8.2</ele>
   </trkpt>
   <trkpt lat="-37.8417420" lon="144.9716290">
    <ele>8.4</ele>
   </trkpt>
   <trkpt lat="-37.8417000" lon="144.9716390">
    <ele>8.4</ele>
   </trkpt>
   <trkpt lat="-37.8416480" lon="144.9716480">
    <ele>8.6</ele>
   </trkpt>
   <trkpt lat="-37.8416130" lon="144.9716530">
    <ele>8.6</ele>
   </trkpt>
   <trkpt lat="-37.8415590" lon="144.9716550">
    <ele>8.6</ele>
   </trkpt>
   <trkpt lat="-37.8415170" lon="144.9716530">
    <ele>8.4</ele>
   </trkpt>
   <trkpt lat="-37.8414680" lon="144.9716600">
    <ele>8.4</ele>
   </trkpt>
   <trkpt lat="-37.8414250" lon="144.9716580">
    <ele>8.6</ele>
   </trkpt>
   <trkpt lat="-37.8413780" lon="144.9716630">
    <ele>9.2</ele>
   </trkpt>
   <trkpt lat="-37.8413310" lon="144.9716650">
    <ele>9.4</ele>
   </trkpt>
   <trkpt lat="-37.8412910" lon="144.9716690">
    <ele>9.8</ele>
   </trkpt>
   <trkpt lat="-37.8412440" lon="144.9716720">
    <ele>10.0</ele>
   </trkpt>
   <trkpt lat="-37.8412050" lon="144.9716730">
    <ele>10.0</ele>
   </trkpt>
   <trkpt lat="-37.8411490" lon="144.9716690">
    <ele>10.0</ele>
   </trkpt>
   <trkpt lat="-37.8411130" lon="144.9716610">
    <ele>9.8</ele>
   </trkpt>
   <trkpt lat="-37.8410640" lon="144.9716560">
    <ele>9.8</ele>
   </trkpt>
   <trkpt lat="-37.8410270" lon="144.9716410">
    <ele>9.8</ele>
   </trkpt>
   <trkpt lat="-37.8409770" lon="144.9716380">
    <ele>9.8</ele>
   </trkpt>
   <trkpt lat="-37.8409320" lon="144.9716270">
    <ele>9.8</ele>
   </trkpt>
   <trkpt lat="-37.8408860" lon="144.9716230">
    <ele>9.8</ele>
   </trkpt>
   <trkpt lat="-37.8408370" lon="144.9716120">
    <ele>9.6</ele>
   </trkpt>
   <trkpt lat="-37.8407970" lon="144.9716050">
    <ele>9.6</ele>
   </trkpt>
   <trkpt lat="-37.8407440" lon="144.9715970">
    <ele>9.4</ele>
   </trkpt>
   <trkpt lat="-37.8407030" lon="144.9715810">
    <ele>9.2</ele>
   </trkpt>
   <trkpt lat="-37.8406510" lon="144.9715660">
    <ele>9.0</ele>
   </trkpt>
   <trkpt lat="-37.8406130" lon="144.9715490">
    <ele>9.2</ele>
   </trkpt>
   <trkpt lat="-37.8405630" lon="144.9715410">
    <ele>9.4</ele>
   </trkpt>
   <trkpt lat="-37.8405180" lon="144.9715300">
    <ele>10.0</ele>
   </trkpt>
   <trkpt lat="-37.8404710" lon="144.9715230">
    <ele>10.2</ele>
   </trkpt>
   <trkpt lat="-37.8404220" lon="144.9715120">
    <ele>10.4</ele>
   </trkpt>
   <trkpt lat="-37.8403750" lon="144.9715040">
    <ele>10.2</ele>
   </trkpt>
   <trkpt lat="-37.8403220" lon="144.9714940">
    <ele>10.2</ele>
   </trkpt>
   <trkpt lat="-37.8402820" lon="144.9714810">
    <ele>10.0</ele>
   </trkpt>
   <trkpt lat="-37.8402300" lon="144.9714640">
    <ele>9.8</ele>
   </trkpt>
   <trkpt lat="-37.8401910" lon="144.9714470">
    <ele>10.0</ele>
   </trkpt>
   <trkpt lat="-37.8401410" lon="144.9714390">
    <ele>10.0</ele>
   </trkpt>
   <trkpt lat="-37.8400950" lon="144.9714260">
    <ele>10.2</ele>
   </trkpt>
   <trkpt lat="-37.8400480" lon="144.9714190">
    <ele>10.2</ele>
   </trkpt>
   <trkpt lat="-37.8399950" lon="144.9714070">
    <ele>10.2</ele>
   </trkpt>
   <trkpt lat="-37.8399530" lon="144.9713950">
    <ele>10.2</ele>
   </trkpt>
   <trkpt lat="-37.8398980" lon="144.9713810">
    <ele>10.0</ele>
   </trkpt>
   <trkpt lat="-37.8398520" lon="144.9713700">
    <ele>9.8</ele>
   </trkpt>
   <trkpt lat="-37.8398000" lon="144.9713550">
    <ele>10.0</ele>
   </trkpt>
   <trkpt lat="-37.8397610" lon="144.9713360">
    <ele>10.0</ele>
   </trkpt>
   <trkpt lat="-37.8397140" lon="144.9713180">
    <ele>9.8</ele>
   </trkpt>
   <trkpt lat="-37.8396690" lon="144.9712980">
    <ele>10.0</ele>
   </trkpt>
   <trkpt lat="-37.8396270" lon="144.9712850">
    <ele>10.0</ele>
   </trkpt>
   <trkpt lat="-37.8395790" lon="144.9712610">
    <ele>10.0</ele>
   </trkpt>
   <trkpt lat="-37.8395390" lon="144.9712380">
    <ele>10.0</ele>
   </trkpt>
   <trkpt lat="-37.8394960" lon="144.9712040">
    <ele>10.2</ele>
   </trkpt>
   <trkpt lat="-37.8394540" lon="144.9711740">
    <ele>10.2</ele>
   </trkpt>
   <trkpt lat="-37.8394100" lon="144.9711450">
    <ele>10.4</ele>
   </trkpt>
   <trkpt lat="-37.8393710" lon="144.9711150">
    <ele>10.6</ele>
   </trkpt>
   <trkpt lat="-37.8393300" lon="144.9710860">
    <ele>10.4</ele>
   </trkpt>
   <trkpt lat="-37.8392870" lon="144.9710460">
    <ele>10.4</ele>
   </trkpt>
   <trkpt lat="-37.8392520" lon="144.9710150">
    <ele>10.2</ele>
   </trkpt>
   <trkpt lat="-37.8392110" lon="144.9709750">
    <ele>10.2</ele>
   </trkpt>
   <trkpt lat="-37.8391830" lon="144.9709360">
    <ele>10.0</ele>
   </trkpt>
   <trkpt lat="-37.8391460" lon="144.9708930">
    <ele>9.8</ele>
   </trkpt>
   <trkpt lat="-37.8391150" lon="144.9708500">
    <ele>10.0</ele>
   </trkpt>
   <trkpt lat="-37.8390780" lon="144.9708090">
    <ele>10.0</ele>
   </trkpt>
   <trkpt lat="-37.8390420" lon="144.9707660">
    <ele>9.6</ele>
   </trkpt>
   <trkpt lat="-37.8390080" lon="144.9707270">
    <ele>10.0</ele>
   </trkpt>
   <trkpt lat="-37.8389720" lon="144.9706770">
    <ele>10.2</ele>
   </trkpt>
   <trkpt lat="-37.8389440" lon="144.9706340">
    <ele>10.2</ele>
   </trkpt>
   <trkpt lat="-37.8389130" lon="144.9705800">
    <ele>10.2</ele>
   </trkpt>
   <trkpt lat="-37.8388910" lon="144.9705280">
    <ele>10.6</ele>
   </trkpt>
   <trkpt lat="-37.8388630" lon="144.9704740">
    <ele>10.8</ele>
   </trkpt>
   <trkpt lat="-37.8388380" lon="144.9704200">
    <ele>10.8</ele>
   </trkpt>
   <trkpt lat="-37.8388150" lon="144.9703670">
    <ele>10.8</ele>
   </trkpt>
   <trkpt lat="-37.8387930" lon="144.9703110">
    <ele>10.8</ele>
   </trkpt>
   <trkpt lat="-37.8387710" lon="144.9702620">
    <ele>10.8</ele>
   </trkpt>
   <trkpt lat="-37.8387500" lon="144.9702000">
    <ele>10.4</ele>
   </trkpt>
   <trkpt lat="-37.8387380" lon="144.9701480">
    <ele>10.2</ele>
   </trkpt>
   <trkpt lat="-37.8387160" lon="144.9700880">
    <ele>10.4</ele>
   </trkpt>
   <trkpt lat="-37.8387010" lon="144.9700290">
    <ele>10.4</ele>
   </trkpt>
   <trkpt lat="-37.8386840" lon="144.9699730">
    <ele>10.8</ele>
   </trkpt>
   <trkpt lat="-37.8386670" lon="144.9699060">
    <ele>11.2</ele>
   </trkpt>
   <trkpt lat="-37.8386530" lon="144.9698530">
    <ele>11.6</ele>
   </trkpt>
   <trkpt lat="-37.8386380" lon="144.9697820">
    <ele>12.0</ele>
   </trkpt>
   <trkpt lat="-37.8386300" lon="144.9697250">
    <ele>11.8</ele>
   </trkpt>
   <trkpt lat="-37.8386110" lon="144.9696660">
    <ele>11.8</ele>
   </trkpt>
   <trkpt lat="-37.8385980" lon="144.9696100">
    <ele>11.6</ele>
   </trkpt>
   <trkpt lat="-37.8385840" lon="144.9695520">
    <ele>11.4</ele>
   </trkpt>
   <trkpt lat="-37.8385720" lon="144.9694800">
    <ele>11.0</ele>
   </trkpt>
   <trkpt lat="-37.8385650" lon="144.9694280">
    <ele>10.8</ele>
   </trkpt>
   <trkpt lat="-37.8385520" lon="144.9693590">
    <ele>10.6</ele>
   </trkpt>
   <trkpt lat="-37.8385470" lon="144.9693000">
    <ele>10.4</ele>
   </trkpt>
   <trkpt lat="-37.8385310" lon="144.9692380">
    <ele>10.4</ele>
   </trkpt>
   <trkpt lat="-37.8385170" lon="144.9691670">
    <ele>10.2</ele>
   </trkpt>
   <trkpt lat="-37.8385060" lon="144.9691130">
    <ele>10.2</ele>
   </trkpt>
   <trkpt lat="-37.8384920" lon="144.9690440">
    <ele>10.4</ele>
   </trkpt>
   <trkpt lat="-37.8384830" lon="144.9689940">
    <ele>10.4</ele>
   </trkpt>
   <trkpt lat="-37.8384660" lon="144.9689290">
    <ele>10.4</ele>
   </trkpt>
   <trkpt lat="-37.8384540" lon="144.9688700">
    <ele>10.2</ele>
   </trkpt>
   <trkpt lat="-37.8384340" lon="144.9688120">
    <ele>10.0</ele>
   </trkpt>
   <trkpt lat="-37.8384130" lon="144.9687450">
    <ele>9.6</ele>
   </trkpt>
   <trkpt lat="-37.8383940" lon="144.9686930">
    <ele>9.0</ele>
   </trkpt>
   <trkpt lat="-37.8383720" lon="144.9686270">
    <ele>8.4</ele>
   </trkpt>
   <trkpt lat="-37.8383530" lon="144.9685740">
    <ele>8.2</ele>
   </trkpt>
   <trkpt lat="-37.8383300" lon="144.9685170">
    <ele>7.8</ele>
   </trkpt>
   <trkpt lat="-37.8383140" lon="144.9684630">
    <ele>8.2</ele>
   </trkpt>
   <trkpt lat="-37.8382910" lon="144.9684090">
    <ele>8.6</ele>
   </trkpt>
   <trkpt lat="-37.8382670" lon="144.9683540">
    <ele>8.6</ele>
   </trkpt>
   <trkpt lat="-37.8382480" lon="144.9683100">
    <ele>8.6</ele>
   </trkpt>
   <trkpt lat="-37.8382200" lon="144.9682510">
    <ele>8.8</ele>
   </trkpt>
   <trkpt lat="-37.8382040" lon="144.9682060">
    <ele>8.6</ele>
   </trkpt>
   <trkpt lat="-37.8381780" lon="144.9681450">
    <ele>8.0</ele>
   </trkpt>
   <trkpt lat="-37.8381630" lon="144.9680910">
    <ele>7.8</ele>
   </trkpt>
   <trkpt lat="-37.8381390" lon="144.9680330">
    <ele>7.6</ele>
   </trkpt>
   <trkpt lat="-37.8381210" lon="144.9679730">
    <ele>7.6</ele>
   </trkpt>
   <trkpt lat="-37.8381010" lon="144.9679140">
    <ele>7.8</ele>
   </trkpt>
   <trkpt lat="-37.8381010" lon="144.9678400">
    <ele>8.0</ele>
   </trkpt>
   <trkpt lat="-37.8381070" lon="144.9677810">
    <ele>8.0</ele>
   </trkpt>
   <trkpt lat="-37.8381170" lon="144.9677130">
    <ele>8.0</ele>
   </trkpt>
   <trkpt lat="-37.8381360" lon="144.9676540">
    <ele>7.8</ele>
   </trkpt>
   <trkpt lat="-37.8381520" lon="144.9676010">
    <ele>7.8</ele>
   </trkpt>
   <trkpt lat="-37.8381770" lon="144.9675390">
    <ele>7.6</ele>
   </trkpt>
   <trkpt lat="-37.8381940" lon="144.9674910">
    <ele>7.6</ele>
   </trkpt>
   <trkpt lat="-37.8382170" lon="144.9674250">
    <ele>7.6</ele>
   </trkpt>
   <trkpt lat="-37.8382380" lon="144.9673760">
    <ele>7.6</ele>
   </trkpt>
   <trkpt lat="-37.8382600" lon="144.9673190">
    <ele>7.6</ele>
   </trkpt>
   <trkpt lat="-37.8382830" lon="144.9672640">
    <ele>7.8</ele>
   </trkpt>
   <trkpt lat="-37.8382980" lon="144.9672090">
    <ele>8.0</ele>
   </trkpt>
   <trkpt lat="-37.8383270" lon="144.9671440">
    <ele>8.4</ele>
   </trkpt>
   <trkpt lat="-37.8383450" lon="144.9670960">
    <ele>8.6</ele>
   </trkpt>
   <trkpt lat="-37.8383690" lon="144.9670280">
    <ele>8.6</ele>
   </trkpt>
   <trkpt lat="-37.8383870" lon="144.9669780">
    <ele>8.4</ele>
   </trkpt>
   <trkpt lat="-37.8384070" lon="144.9669140">
    <ele>8.2</ele>
   </trkpt>
   <trkpt lat="-37.8384270" lon="144.9668550">
    <ele>8.0</ele>
   </trkpt>
   <trkpt lat="-37.8384340" lon="144.9668010">
    <ele>7.8</ele>
   </trkpt>
   <trkpt lat="-37.8384540" lon="144.9667300">
    <ele>7.6</ele>
   </trkpt>
   <trkpt lat="-37.8384710" lon="144.9666820">
    <ele>7.6</ele>
   </trkpt>
   <trkpt lat="-37.8384960" lon="144.9666150">
    <ele>7.8</ele>
   </trkpt>
   <trkpt lat="-37.8385160" lon="144.9665650">
    <ele>7.8</ele>
   </trkpt>
   <trkpt lat="-37.8385370" lon="144.9665110">
    <ele>8.0</ele>
   </trkpt>
   <trkpt lat="-37.8385570" lon="144.9664500">
    <ele>8.2</ele>
   </trkpt>
   <trkpt lat="-37.8385670" lon="144.9663980">
    <ele>8.4</ele>
   </trkpt>
   <trkpt lat="-37.8385890" lon="144.9663310">
    <ele>8.4</ele>
   </trkpt>
   <trkpt lat="-37.8386050" lon="144.9662810">
    <ele>8.4</ele>
   </trkpt>
   <trkpt lat="-37.8386230" lon="144.9662180">
    <ele>8.4</ele>
   </trkpt>
   <trkpt lat="-37.8386400" lon="144.9661670">
    <ele>8.4</ele>
   </trkpt>
   <trkpt lat="-37.8386580" lon="144.9661080">
    <ele>8.2</ele>
   </trkpt>
   <trkpt lat="-37.8386810" lon="144.9660500">
    <ele>8.2</ele>
   </trkpt>
   <trkpt lat="-37.8386990" lon="144.9659960">
    <ele>8.4</ele>
   </trkpt>
   <trkpt lat="-37.8387250" lon="144.9659310">
    <ele>8.4</ele>
   </trkpt>
   <trkpt lat="-37.8387450" lon="144.9658800">
    <ele>8.4</ele>
   </trkpt>
   <trkpt lat="-37.8387730" lon="144.9658160">
    <ele>8.4</ele>
   </trkpt>
   <trkpt lat="-37.8387960" lon="144.9657610">
    <ele>8.2</ele>
   </trkpt>
   <trkpt lat="-37.8388150" lon="144.9657040">
    <ele>8.2</ele>
   </trkpt>
   <trkpt lat="-37.8388380" lon="144.9656430">
    <ele>8.0</ele>
   </trkpt>
   <trkpt lat="-37.8388590" lon="144.9655940">
    <ele>8.0</ele>
   </trkpt>
   <trkpt lat="-37.8388850" lon="144.9655290">
    <ele>8.2</ele>
   </trkpt>
   <trkpt lat="-37.8389070" lon="144.9654810">
    <ele>8.2</ele>
   </trkpt>
   <trkpt lat="-37.8389260" lon="144.9654190">
    <ele>8.4</ele>
   </trkpt>
   <trkpt lat="-37.8389460" lon="144.9653670">
    <ele>8.4</ele>
   </trkpt>
   <trkpt lat="-37.8389670" lon="144.9653140">
    <ele>8.6</ele>
   </trkpt>
   <trkpt lat="-37.8389910" lon="144.9652580">
    <ele>8.6</ele>
   </trkpt>
   <trkpt lat="-37.8390180" lon="144.9652110">
    <ele>8.6</ele>
   </trkpt>
   <trkpt lat="-37.8390450" lon="144.9651590">
    <ele>8.6</ele>
   </trkpt>
   <trkpt lat="-37.8390700" lon="144.9651160">
    <ele>8.6</ele>
   </trkpt>
   <trkpt lat="-37.8390930" lon="144.9650590">
    <ele>8.6</ele>
   </trkpt>
   <trkpt lat="-37.8391190" lon="144.9650090">
    <ele>8.4</ele>
   </trkpt>
   <trkpt lat="-37.8391410" lon="144.9649570">
    <ele>8.4</ele>
   </trkpt>
   <trkpt lat="-37.8391730" lon="144.9648980">
    <ele>8.4</ele>
   </trkpt>
   <trkpt lat="-37.8391980" lon="144.9648540">
    <ele>8.4</ele>
   </trkpt>
   <trkpt lat="-37.8392300" lon="144.9647990">
    <ele>8.4</ele>
   </trkpt>
   <trkpt lat="-37.8392560" lon="144.9647540">
    <ele>8.4</ele>
   </trkpt>
   <trkpt lat="-37.8392870" lon="144.9646980">
    <ele>8.4</ele>
   </trkpt>
   <trkpt lat="-37.8393180" lon="144.9646520">
    <ele>8.4</ele>
   </trkpt>
   <trkpt lat="-37.8393470" lon="144.9646040">
    <ele>8.6</ele>
   </trkpt>
   <trkpt lat="-37.8393810" lon="144.9645500">
    <ele>8.8</ele>
   </trkpt>
   <trkpt lat="-37.8394090" lon="144.9645050">
    <ele>8.8</ele>
   </trkpt>
   <trkpt lat="-37.8394450" lon="144.9644430">
    <ele>8.8</ele>
   </trkpt>
   <trkpt lat="-37.8394780" lon="144.9643980">
    <ele>9.0</ele>
   </trkpt>
   <trkpt lat="-37.8395120" lon="144.9643370">
    <ele>8.8</ele>
   </trkpt>
   <trkpt lat="-37.8395420" lon="144.9642850">
    <ele>8.8</ele>
   </trkpt>
   <trkpt lat="-37.8395690" lon="144.9642340">
    <ele>8.8</ele>
   </trkpt>
   <trkpt lat="-37.8396030" lon="144.9641750">
    <ele>8.8</ele>
   </trkpt>
   <trkpt lat="-37.8396280" lon="144.9641310">
    <ele>8.6</ele>
   </trkpt>
   <trkpt lat="-37.8396560" lon="144.9640700">
    <ele>8.6</ele>
   </trkpt>
   <trkpt lat="-37.8396830" lon="144.9640260">
    <ele>8.8</ele>
   </trkpt>
   <trkpt lat="-37.8397100" lon="144.9639700">
    <ele>9.2</ele>
   </trkpt>
   <trkpt lat="-37.8397390" lon="144.9639210">
    <ele>9.4</ele>
   </trkpt>
   <trkpt lat="-37.8397720" lon="144.9638720">
    <ele>9.6</ele>
   </trkpt>
   <trkpt lat="-37.8398140" lon="144.9638250">
    <ele>9.2</ele>
   </trkpt>
   <trkpt lat="-37.8398510" lon="144.9637960">
    <ele>8.6</ele>
   </trkpt>
   <trkpt lat="-37.8399020" lon="144.9637670">
    <ele>8.0</ele>
   </trkpt>
   <trkpt lat="-37.8399460" lon="144.9637520">
    <ele>7.6</ele>
   </trkpt>
   <trkpt lat="-37.8399970" lon="144.9637390">
    <ele>7.4</ele>
   </trkpt>
   <trkpt lat="-37.8400500" lon="144.9637360">
    <ele>7.0</ele>
   </trkpt>
   <trkpt lat="-37.8400970" lon="144.9637340">
    <ele>7.0</ele>
   </trkpt>
   <trkpt lat="-37.8401560" lon="144.9637370">
    <ele>6.8</ele>
   </trkpt>
   <trkpt lat="-37.8402010" lon="144.9637400">
    <ele>6.8</ele>
   </trkpt>
   <trkpt lat="-37.8402560" lon="144.9637450">
    <ele>6.8</ele>
   </trkpt>
   <trkpt lat="-37.8403000" lon="144.9637520">
    <ele>7.0</ele>
   </trkpt>
   <trkpt lat="-37.8403500" lon="144.9637470">
    <ele>7.2</ele>
   </trkpt>
   <trkpt lat="-37.8404010" lon="144.9637480">
    <ele>7.4</ele>
   </trkpt>
   <trkpt lat="-37.8404460" lon="144.9637450">
    <ele>7.6</ele>
   </trkpt>
   <trkpt lat="-37.8405060" lon="144.9637440">
    <ele>7.6</ele>
   </trkpt>
   <trkpt lat="-37.8405480" lon="144.9637500">
    <ele>7.8</ele>
   </trkpt>
   <trkpt lat="-37.8406040" lon="144.9637480">
    <ele>7.8</ele>
   </trkpt>
   <trkpt lat="-37.8406560" lon="144.9637530">
    <ele>7.8</ele>
   </trkpt>
   <trkpt lat="-37.8407070" lon="144.9637490">
    <ele>7.4</ele>
   </trkpt>
   <trkpt lat="-37.8407630" lon="144.9637460">
    <ele>7.0</ele>
   </trkpt>
   <trkpt lat="-37.8408090" lon="144.9637450">
    <ele>6.4</ele>
   </trkpt>
   <trkpt lat="-37.8408680" lon="144.9637400">
    <ele>5.8</ele>
   </trkpt>
   <trkpt lat="-37.8409100" lon="144.9637470">
    <ele>5.4</ele>
   </trkpt>
   <trkpt lat="-37.8409630" lon="144.9637410">
    <ele>5.4</ele>
   </trkpt>
   <trkpt lat="-37.8410090" lon="144.9637420">
    <ele>5.4</ele>
   </trkpt>
   <trkpt lat="-37.8410570" lon="144.9637390">
    <ele>5.6</ele>
   </trkpt>
   <trkpt lat="-37.8411140" lon="144.9637390">
    <ele>5.6</ele>
   </trkpt>
   <trkpt lat="-37.8411580" lon="144.9637370">
    <ele>5.8</ele>
   </trkpt>
   <trkpt lat="-37.8412140" lon="144.9637360">
    <ele>6.0</ele>
   </trkpt>
   <trkpt lat="-37.8412620" lon="144.9637420">
    <ele>6.0</ele>
   </trkpt>
   <trkpt lat="-37.8413160" lon="144.9637360">
    <ele>6.0</ele>
   </trkpt>
   <trkpt lat="-37.8413710" lon="144.9637380">
    <ele>6.0</ele>
   </trkpt>
   <trkpt lat="-37.8414190" lon="144.9637380">
    <ele>6.0</ele>
   </trkpt>
   <trkpt lat="-37.8414800" lon="144.9637390">
    <ele>6.2</ele>
   </trkpt>
   <trkpt lat="-37.8415290" lon="144.9637390">
    <ele>6.2</ele>
   </trkpt>
   <trkpt lat="-37.8415840" lon="144.9637340">
    <ele>6.2</ele>
   </trkpt>
   <trkpt lat="-37.8416330" lon="144.9637350">
    <ele>6.2</ele>
   </trkpt>
   <trkpt lat="-37.8416880" lon="144.9637150">
    <ele>6.2</ele>
   </trkpt>
   <trkpt lat="-37.8417400" lon="144.9636960">
    <ele>6.2</ele>
   </trkpt>
   <trkpt lat="-37.8417800" lon="144.9636640">
    <ele>6.2</ele>
   </trkpt>
   <trkpt lat="-37.8418260" lon="144.9636150">
    <ele>6.2</ele>
   </trkpt>
   <trkpt lat="-37.8418570" lon="144.9635770">
    <ele>6.4</ele>
   </trkpt>
   <trkpt lat="-37.8418870" lon="144.9635150">
    <ele>6.4</ele>
   </trkpt>
   <trkpt lat="-37.8419090" lon="144.9634520">
    <ele>6.4</ele>
   </trkpt>
   <trkpt lat="-37.8419260" lon="144.9633910">
    <ele>6.4</ele>
   </trkpt>
   <trkpt lat="-37.8419440" lon="144.9633240">
    <ele>6.4</ele>
   </trkpt>
   <trkpt lat="-37.8419520" lon="144.9632690">
    <ele>6.4</ele>
   </trkpt>
   <trkpt lat="-37.8419700" lon="144.9632010">
    <ele>6.4</ele>
   </trkpt>
   <trkpt lat="-37.8419840" lon="144.9631500">
    <ele>6.6</ele>
   </trkpt>
   <trkpt lat="-37.8419980" lon="144.9630860">
    <ele>6.6</ele>
   </trkpt>
   <trkpt lat="-37.8420120" lon="144.9630290">
    <ele>6.6</ele>
   </trkpt>
   <trkpt lat="-37.8420220" lon="144.9629700">
    <ele>6.6</ele>
   </trkpt>
   <trkpt lat="-37.8420360" lon="144.9629060">
    <ele>6.6</ele>
   </trkpt>
   <trkpt lat="-37.8420450" lon="144.9628540">
    <ele>7.0</ele>
   </trkpt>
   <trkpt lat="-37.8420620" lon="144.9627830">
    <ele>7.2</ele>
   </trkpt>
   <trkpt lat="-37.8420730" lon="144.9627290">
    <ele>7.2</ele>
   </trkpt>
   <trkpt lat="-37.8420840" lon="144.9626630">
    <ele>7.4</ele>
   </trkpt>
   <trkpt lat="-37.8420970" lon="144.9626050">
    <ele>7.2</ele>
   </trkpt>
   <trkpt lat="-37.8421070" lon="144.9625430">
    <ele>7.0</ele>
   </trkpt>
   <trkpt lat="-37.8421200" lon="144.9624810">
    <ele>6.8</ele>
   </trkpt>
   <trkpt lat="-37.8421310" lon="144.9624250">
    <ele>6.6</ele>
   </trkpt>
   <trkpt lat="-37.8421510" lon="144.9623550">
    <ele>6.6</ele>
   </trkpt>
   <trkpt lat="-37.8421740" lon="144.9622990">
    <ele>6.4</ele>
   </trkpt>
   <trkpt lat="-37.8422150" lon="144.9622420">
    <ele>6.2</ele>
   </trkpt>
   <trkpt lat="-37.8422610" lon="144.9622150">
    <ele>6.0</ele>
   </trkpt>
   <trkpt lat="-37.8423070" lon="144.9622050">
    <ele>5.8</ele>
   </trkpt>
   <trkpt lat="-37.8423570" lon="144.9622180">
    <ele>5.6</ele>
   </trkpt>
   <trkpt lat="-37.8423960" lon="144.9622420">
    <ele>5.2</ele>
   </trkpt>
   <trkpt lat="-37.8424430" lon="144.9622700">
    <ele>4.8</ele>
   </trkpt>
   <trkpt lat="-37.8424850" lon="144.9622990">
    <ele>4.8</ele>
   </trkpt>
   <trkpt lat="-37.8425330" lon="144.9623280">
    <ele>4.6</ele>
   </trkpt>
   <trkpt lat="-37.8425820" lon="144.9623610">
    <ele>4.6</ele>
   </trkpt>
   <trkpt lat="-37.8426230" lon="144.9623860">
    <ele>4.6</ele>
   </trkpt>
   <trkpt lat="-37.8426670" lon="144.9624140">
    <ele>4.6</ele>
   </trkpt>
   <trkpt lat="-37.8427040" lon="144.9624380">
    <ele>4.6</ele>
   </trkpt>
   <trkpt lat="-37.8427440" lon="144.9624660">
    <ele>4.8</ele>
   </trkpt>
   <trkpt lat="-37.8427820" lon="144.9624950">
    <ele>5.2</ele>
   </trkpt>
   <trkpt lat="-37.8428280" lon="144.9625230">
    <ele>5.6</ele>
   </trkpt>
   <trkpt lat="-37.8428710" lon="144.9625530">
    <ele>5.8</ele>
   </trkpt>
   <trkpt lat="-37.8429170" lon="144.9625790">
    <ele>5.6</ele>
   </trkpt>
   <trkpt lat="-37.8429660" lon="144.9626110">
    <ele>5.2</ele>
   </trkpt>
   <trkpt lat="-37.8430060" lon="144.9626390">
    <ele>5.0</ele>
   </trkpt>
   <trkpt lat="-37.8430500" lon="144.9626760">
    <ele>4.8</ele>
   </trkpt>
   <trkpt lat="-37.8430870" lon="144.9627080">
    <ele>5.0</ele>
   </trkpt>
   <trkpt lat="-37.8431280" lon="144.9627390">
    <ele>5.0</ele>
   </trkpt>
   <trkpt lat="-37.8431680" lon="144.9627700">
    <ele>5.2</ele>
   </trkpt>
   <trkpt lat="-37.8432120" lon="144.9628010">
    <ele>5.2</ele>
   </trkpt>
   <trkpt lat="-37.8432570" lon="144.9628360">
    <ele>5.2</ele>
   </trkpt>
   <trkpt lat="-37.8432970" lon="144.9628690">
    <ele>5.2</ele>
   </trkpt>
   <trkpt lat="-37.8433450" lon="144.9629050">
    <ele>5.0</ele>
   </trkpt>
   <trkpt lat="-37.8433840" lon="144.9629430">
    <ele>5.2</ele>
   </trkpt>
   <trkpt lat="-37.8434280" lon="144.9629760">
    <ele>5.4</ele>
   </trkpt>
   <trkpt lat="-37.8434680" lon="144.9630140">
    <ele>5.4</ele>
   </trkpt>
   <trkpt lat="-37.8435070" lon="144.9630400">
    <ele>5.4</ele>
   </trkpt>
   <trkpt lat="-37.8435510" lon="144.9630800">
    <ele>5.4</ele>
   </trkpt>
   <trkpt lat="-37.8435890" lon="144.9631110">
    <ele>5.4</ele>
   </trkpt>
   <trkpt lat="-37.8436350" lon="144.9631470">
    <ele>5.2</ele>
   </trkpt>
   <trkpt lat="-37.8436720" lon="144.9631770">
    <ele>5.4</ele>
   </trkpt>
   <trkpt lat="-37.8437170" lon="144.9632060">
    <ele>5.4</ele>
   </trkpt>
   <trkpt lat="-37.8437540" lon="144.9632400">
    <ele>5.6</ele>
   </trkpt>
   <trkpt lat="-37.8437910" lon="144.9632680">
    <ele>5.4</ele>
   </trkpt>
   <trkpt lat="-37.8438320" lon="144.9633040">
    <ele>5.4</ele>
   </trkpt>
   <trkpt lat="-37.8438640" lon="144.9633350">
    <ele>5.2</ele>
   </trkpt>
   <trkpt lat="-37.8439050" lon="144.9633710">
    <ele>5.0</ele>
   </trkpt>
   <trkpt lat="-37.8439390" lon="144.9634000">
    <ele>4.8</ele>
   </trkpt>
   <trkpt lat="-37.8439850" lon="144.9634360">
    <ele>4.6</ele>
   </trkpt>
   <trkpt lat="-37.8440210" lon="144.9634740">
    <ele>4.6</ele>
   </trkpt>
   <trkpt lat="-37.8440610" lon="144.9635100">
    <ele>4.6</ele>
   </trkpt>
   <trkpt lat="-37.8441050" lon="144.9635510">
    <ele>4.6</ele>
   </trkpt>
   <trkpt lat="-37.8441430" lon="144.9635790">
    <ele>4.6</ele>
   </trkpt>
   <trkpt lat="-37.8441890" lon="144.9636250">
    <ele>4.4</ele>
   </trkpt>
   <trkpt lat="-37.8442220" lon="144.9636560">
    <ele>4.4</ele>
   </trkpt>
   <trkpt lat="-37.8442680" lon="144.9636970">
    <ele>4.2</ele>
   </trkpt>
   <trkpt lat="-37.8442990" lon="144.9637370">
    <ele>4.2</ele>
   </trkpt>
   <trkpt lat="-37.8443390" lon="144.9637740">
    <ele>4.2</ele>
   </trkpt>
   <trkpt lat="-37.8443770" lon="144.9638140">
    <ele>4.2</ele>
   </trkpt>
   <trkpt lat="-37.8444160" lon="144.9638440">
    <ele>4.4</ele>
   </trkpt>
   <trkpt lat="-37.8444580" lon="144.9638800">
    <ele>4.6</ele>
   </trkpt>
   <trkpt lat="-37.8444920" lon="144.9639130">
    <ele>4.4</ele>
   </trkpt>
   <trkpt lat="-37.8445360" lon="144.9639570">
    <ele>4.4</ele>
   </trkpt>
   <trkpt lat="-37.8445690" lon="144.9639950">
    <ele>4.4</ele>
   </trkpt>
   <trkpt lat="-37.8446110" lon="144.9640330">
    <ele>4.2</ele>
   </trkpt>
   <trkpt lat="-37.8446490" lon="144.9640720">
    <ele>4.0</ele>
   </trkpt>
   <trkpt lat="-37.8446870" lon="144.9641040">
    <ele>4.4</ele>
   </trkpt>
   <trkpt lat="-37.8447300" lon="144.9641450">
    <ele>4.4</ele>
   </trkpt>
   <trkpt lat="-37.8447670" lon="144.9641800">
    <ele>4.8</ele>
   </trkpt>
   <trkpt lat="-37.8448060" lon="144.9642240">
    <ele>5.2</ele>
   </trkpt>
   <trkpt lat="-37.8448360" lon="144.9642600">
    <ele>5.6</ele>
   </trkpt>
   <trkpt lat="-37.8448790" lon="144.9642990">
    <ele>5.8</ele>
   </trkpt>
   <trkpt lat="-37.8449120" lon="144.9643410">
    <ele>6.2</ele>
   </trkpt>
   <trkpt lat="-37.8449520" lon="144.9643750">
    <ele>6.4</ele>
   </trkpt>
   <trkpt lat="-37.8449910" lon="144.9644230">
    <ele>6.4</ele>
   </trkpt>
   <trkpt lat="-37.8450240" lon="144.9644580">
    <ele>6.4</ele>
   </trkpt>
   <trkpt lat="-37.8450670" lon="144.9645040">
    <ele>6.4</ele>
   </trkpt>
   <trkpt lat="-37.8450980" lon="144.9645440">
    <ele>6.2</ele>
   </trkpt>
   <trkpt lat="-37.8451400" lon="144.9645840">
    <ele>6.0</ele>
   </trkpt>
   <trkpt lat="-37.8451710" lon="144.9646240">
    <ele>5.8</ele>
   </trkpt>
   <trkpt lat="-37.8452100" lon="144.9646650">
    <ele>5.6</ele>
   </trkpt>
   <trkpt lat="-37.8452490" lon="144.9647090">
    <ele>5.4</ele>
   </trkpt>
   <trkpt lat="-37.8452830" lon="144.9647400">
    <ele>5.2</ele>
   </trkpt>
   <trkpt lat="-37.8453210" lon="144.9647840">
    <ele>5.0</ele>
   </trkpt>
   <trkpt lat="-37.8453520" lon="144.9648170">
    <ele>4.6</ele>
   </trkpt>
   <trkpt lat="-37.8453920" lon="144.9648660">
    <ele>4.4</ele>
   </trkpt>
   <trkpt lat="-37.8454190" lon="144.9649090">
    <ele>4.2</ele>
   </trkpt>
   <trkpt lat="-37.8454570" lon="144.9649510">
    <ele>4.4</ele>
   </trkpt>
   <trkpt lat="-37.8454870" lon="144.9649960">
    <ele>4.4</ele>
   </trkpt>
   <trkpt lat="-37.8455200" lon="144.9650310">
    <ele>4.6</ele>
   </trkpt>
   <trkpt lat="-37.8455580" lon="144.9650810">
    <ele>4.6</ele>
   </trkpt>
   <trkpt lat="-37.8455920" lon="144.9651170">
    <ele>4.8</ele>
   </trkpt>
   <trkpt lat="-37.8456340" lon="144.9651700">
    <ele>4.8</ele>
   </trkpt>
   <trkpt lat="-37.8456610" lon="144.9652130">
    <ele>4.6</ele>
   </trkpt>
   <trkpt lat="-37.8457010" lon="144.9652620">
    <ele>4.6</ele>
   </trkpt>
   <trkpt lat="-37.8457330" lon="144.9653090">
    <ele>5.0</ele>
   </trkpt>
   <trkpt lat="-37.8457680" lon="144.9653480">
    <ele>5.2</ele>
   </trkpt>
   <trkpt lat="-37.8458040" lon="144.9653920">
    <ele>5.2</ele>
   </trkpt>
   <trkpt lat="-37.8458380" lon="144.9654310">
    <ele>5.6</ele>
   </trkpt>
   <trkpt lat="-37.8458780" lon="144.9654840">
    <ele>6.2</ele>
   </trkpt>
   <trkpt lat="-37.8459070" lon="144.9655260">
    <ele>6.4</ele>
   </trkpt>
   <trkpt lat="-37.8459450" lon="144.9655750">
    <ele>6.4</ele>
   </trkpt>
   <trkpt lat="-37.8459760" lon="144.9656230">
    <ele>6.2</ele>
   </trkpt>
   <trkpt lat="-37.8460120" lon="144.9656650">
    <ele>5.6</ele>
   </trkpt>
   <trkpt lat="-37.8460490" lon="144.9657120">
    <ele>5.2</ele>
   </trkpt>
   <trkpt lat="-37.8460860" lon="144.9657470">
    <ele>4.8</ele>
   </trkpt>
   <trkpt lat="-37.8461270" lon="144.9657940">
    <ele>4.4</ele>
   </trkpt>
   <trkpt lat="-37.8461590" lon="144.9658320">
    <ele>4.4</ele>
   </trkpt>
   <trkpt lat="-37.8462010" lon="144.9658750">
    <ele>4.6</ele>
   </trkpt>
   <trkpt lat="-37.8462350" lon="144.9659140">
    <ele>4.6</ele>
   </trkpt>
   <trkpt lat="-37.8462760" lon="144.9659500">
    <ele>4.4</ele>
   </trkpt>
   <trkpt lat="-37.8463180" lon="144.9659890">
    <ele>4.2</ele>
   </trkpt>
   <trkpt lat="-37.8463580" lon="144.9660200">
    <ele>3.8</ele>
   </trkpt>
   <trkpt lat="-37.8464060" lon="144.9660520">
    <ele>3.8</ele>
   </trkpt>
   <trkpt lat="-37.8464460" lon="144.9660750">
    <ele>4.2</ele>
   </trkpt>
   <trkpt lat="-37.8464990" lon="144.9661010">
    <ele>4.4</ele>
   </trkpt>
   <trkpt lat="-37.8465400" lon="144.9661270">
    <ele>4.8</ele>
   </trkpt>
   <trkpt lat="-37.8465900" lon="144.9661420">
    <ele>5.0</ele>
   </trkpt>
   <trkpt lat="-37.8466350" lon="144.9661620">
    <ele>5.0</ele>
   </trkpt>
   <trkpt lat="-37.8466840" lon="144.9661660">
    <ele>4.6</ele>
   </trkpt>
   <trkpt lat="-37.8467360" lon="144.9661760">
    <ele>4.4</ele>
   </trkpt>
   <trkpt lat="-37.8467800" lon="144.9661810">
    <ele>4.2</ele>
   </trkpt>
   <trkpt lat="-37.8468370" lon="144.9661870">
    <ele>4.0</ele>
   </trkpt>
   <trkpt lat="-37.8468780" lon="144.9661900">
    <ele>4.0</ele>
   </trkpt>
   <trkpt lat="-37.8469300" lon="144.9661870">
    <ele>3.8</ele>
   </trkpt>
   <trkpt lat="-37.8469750" lon="144.9661880">
    <ele>4.0</ele>
   </trkpt>
   <trkpt lat="-37.8470240" lon="144.9661760">
    <ele>4.2</ele>
   </trkpt>
   <trkpt lat="-37.8470750" lon="144.9661700">
    <ele>4.2</ele>
   </trkpt>
   <trkpt lat="-37.8471190" lon="144.9661590">
    <ele>4.2</ele>
   </trkpt>
   <trkpt lat="-37.8471770" lon="144.9661480">
    <ele>4.2</ele>
   </trkpt>
   <trkpt lat="-37.8472170" lon="144.9661390">
    <ele>4.4</ele>
   </trkpt>
   <trkpt lat="-37.8472680" lon="144.9661170">
    <ele>4.4</ele>
   </trkpt>
   <trkpt lat="-37.8473150" lon="144.9661110">
    <ele>4.2</ele>
   </trkpt>
   <trkpt lat="-37.8473650" lon="144.9660920">
    <ele>4.0</ele>
   </trkpt>
   <trkpt lat="-37.8474180" lon="144.9660810">
    <ele>4.0</ele>
   </trkpt>
   <trkpt lat="-37.8474670" lon="144.9660660">
    <ele>3.8</ele>
   </trkpt>
   <trkpt lat="-37.8475280" lon="144.9660540">
    <ele>3.4</ele>
   </trkpt>
   <trkpt lat="-37.8475770" lon="144.9660560">
    <ele>3.2</ele>
   </trkpt>
   <trkpt lat="-37.8476320" lon="144.9660790">
    <ele>3.0</ele>
   </trkpt>
   <trkpt lat="-37.8476750" lon="144.9661080">
    <ele>2.6</ele>
   </trkpt>
   <trkpt lat="-37.8477190" lon="144.9661350">
    <ele>2.4</ele>
   </trkpt>
   <trkpt lat="-37.8477640" lon="144.9661800">
    <ele>2.4</ele>
   </trkpt>
   <trkpt lat="-37.8477960" lon="144.9662140">
    <ele>2.2</ele>
   </trkpt>
   <trkpt lat="-37.8478410" lon="144.9662600">
    <ele>2.2</ele>
   </trkpt>
   <trkpt lat="-37.8478720" lon="144.9663000">
    <ele>2.0</ele>
   </trkpt>
   <trkpt lat="-37.8479110" lon="144.9663400">
    <ele>2.0</ele>
   </trkpt>
   <trkpt lat="-37.8479420" lon="144.9663830">
    <ele>2.0</ele>
   </trkpt>
   <trkpt lat="-37.8479770" lon="144.9664190">
    <ele>1.6</ele>
   </trkpt>
   <trkpt lat="-37.8480160" lon="144.9664670">
    <ele>1.6</ele>
   </trkpt>
   <trkpt lat="-37.8480480" lon="144.9665040">
    <ele>1.6</ele>
   </trkpt>
   <trkpt lat="-37.8480900" lon="144.9665580">
    <ele>1.6</ele>
   </trkpt>
   <trkpt lat="-37.8481200" lon="144.9666010">
    <ele>1.8</ele>
   </trkpt>
   <trkpt lat="-37.8481620" lon="144.9666460">
    <ele>2.2</ele>
   </trkpt>
   <trkpt lat="-37.8481930" lon="144.9666910">
    <ele>2.2</ele>
   </trkpt>
   <trkpt lat="-37.8482320" lon="144.9667330">
    <ele>2.2</ele>
   </trkpt>
   <trkpt lat="-37.8482680" lon="144.9667820">
    <ele>2.2</ele>
   </trkpt>
   <trkpt lat="-37.8483020" lon="144.9668200">
    <ele>2.2</ele>
   </trkpt>
   <trkpt lat="-37.8483400" lon="144.9668670">
    <ele>2.2</ele>
   </trkpt>
   <trkpt lat="-37.8483700" lon="144.9669090">
    <ele>2.8</ele>
   </trkpt>
   <trkpt lat="-37.8484110" lon="144.9669610">
    <ele>3.0</ele>
   </trkpt>
   <trkpt lat="-37.8484400" lon="144.9670050">
    <ele>3.0</ele>
   </trkpt>
   <trkpt lat="-37.8484780" lon="144.9670480">
    <ele>2.8</ele>
   </trkpt>
   <trkpt lat="-37.8485060" lon="144.9670930">
    <ele>2.8</ele>
   </trkpt>
   <trkpt lat="-37.8485400" lon="144.9671320">
    <ele>2.6</ele>
   </trkpt>
   <trkpt lat="-37.8485750" lon="144.9671830">
    <ele>2.6</ele>
   </trkpt>
   <trkpt lat="-37.8486070" lon="144.9672220">
    <ele>2.4</ele>
   </trkpt>
   <trkpt lat="-37.8486460" lon="144.9672670">
    <ele>2.2</ele>
   </trkpt>
   <trkpt lat="-37.8486750" lon="144.9673060">
    <ele>1.8</ele>
   </trkpt>
   <trkpt lat="-37.8487150" lon="144.9673510">
    <ele>1.8</ele>
   </trkpt>
   <trkpt lat="-37.8487400" lon="144.9673960">
    <ele>1.6</ele>
   </trkpt>
   <trkpt lat="-37.8487780" lon="144.9674360">
    <ele>2.0</ele>
   </trkpt>
   <trkpt lat="-37.8488130" lon="144.9674790">
    <ele>2.6</ele>
   </trkpt>
   <trkpt lat="-37.8488470" lon="144.9675190">
    <ele>3.2</ele>
   </trkpt>
   <trkpt lat="-37.8488850" lon="144.9675670">
    <ele>3.4</ele>
   </trkpt>
   <trkpt lat="-37.8489140" lon="144.9675990">
    <ele>3.6</ele>
   </trkpt>
   <trkpt lat="-37.8489530" lon="144.9676540">
    <ele>4.0</ele>
   </trkpt>
   <trkpt lat="-37.8489820" lon="144.9676940">
    <ele>4.2</ele>
   </trkpt>
   <trkpt lat="-37.8490200" lon="144.9677410">
    <ele>4.2</ele>
   </trkpt>
   <trkpt lat="-37.8490500" lon="144.9677850">
    <ele>4.4</ele>
   </trkpt>
   <trkpt lat="-37.8490860" lon="144.9678250">
    <ele>4.2</ele>
   </trkpt>
   <trkpt lat="-37.8491230" lon="144.9678720">
    <ele>4.2</ele>
   </trkpt>
   <trkpt lat="-37.8491560" lon="144.9679080">
    <ele>4.0</ele>
   </trkpt>
   <trkpt lat="-37.8491950" lon="144.9679550">
    <ele>4.0</ele>
   </trkpt>
   <trkpt lat="-37.8492230" lon="144.9679890">
    <ele>4.0</ele>
   </trkpt>
   <trkpt lat="-37.8492610" lon="144.9680350">
    <ele>4.2</ele>
   </trkpt>
   <trkpt lat="-37.8492860" lon="144.9680800">
    <ele>4.2</ele>
   </trkpt>
   <trkpt lat="-37.8493210" lon="144.9681250">
    <ele>4.2</ele>
   </trkpt>
   <trkpt lat="-37.8493510" lon="144.9681700">
    <ele>4.4</ele>
   </trkpt>
   <trkpt lat="-37.8493860" lon="144.9682110">
    <ele>4.4</ele>
   </trkpt>
   <trkpt lat="-37.8494240" lon="144.9682600">
    <ele>4.4</ele>
   </trkpt>
   <trkpt lat="-37.8494630" lon="144.9682970">
    <ele>4.4</ele>
   </trkpt>
   <trkpt lat="-37.8495010" lon="144.9683370">
    <ele>4.6</ele>
   </trkpt>
   <trkpt lat="-37.8495310" lon="144.9683770">
    <ele>4.6</ele>
   </trkpt>
   <trkpt lat="-37.8495670" lon="144.9684280">
    <ele>4.6</ele>
   </trkpt>
   <trkpt lat="-37.8495990" lon="144.9684730">
    <ele>4.8</ele>
   </trkpt>
   <trkpt lat="-37.8496360" lon="144.9685130">
    <ele>4.8</ele>
   </trkpt>
   <trkpt lat="-37.8496660" lon="144.9685540">
    <ele>4.8</ele>
   </trkpt>
   <trkpt lat="-37.8497010" lon="144.9685980">
    <ele>4.8</ele>
   </trkpt>
   <trkpt lat="-37.8497350" lon="144.9686420">
    <ele>4.8</ele>
   </trkpt>
   <trkpt lat="-37.8497670" lon="144.9686810">
    <ele>5.0</ele>
   </trkpt>
   <trkpt lat="-37.8498020" lon="144.9687290">
    <ele>5.2</ele>
   </trkpt>
   <trkpt lat="-37.8498290" lon="144.9687670">
    <ele>5.2</ele>
   </trkpt>
   <trkpt lat="-37.8498660" lon="144.9688140">
    <ele>5.2</ele>
   </trkpt>
   <trkpt lat="-37.8498940" lon="144.9688570">
    <ele>5.4</ele>
   </trkpt>
   <trkpt lat="-37.8499300" lon="144.9689000">
    <ele>5.2</ele>
   </trkpt>
   <trkpt lat="-37.8499600" lon="144.9689430">
    <ele>5.2</ele>
   </trkpt>
   <trkpt lat="-37.8499960" lon="144.9689860">
    <ele>5.0</ele>
   </trkpt>
   <trkpt lat="-37.8500320" lon="144.9690250">
    <ele>5.0</ele>
   </trkpt>
   <trkpt lat="-37.8500630" lon="144.9690630">
    <ele>4.8</ele>
   </trkpt>
   <trkpt lat="-37.8500970" lon="144.9691060">
    <ele>4.8</ele>
   </trkpt>
   <trkpt lat="-37.8501280" lon="144.9691400">
    <ele>4.6</ele>
   </trkpt>
   <trkpt lat="-37.8501690" lon="144.9691900">
    <ele>4.6</ele>
   </trkpt>
   <trkpt lat="-37.8501990" lon="144.9692270">
    <ele>4.6</ele>
   </trkpt>
   <trkpt lat="-37.8502350" lon="144.9692740">
    <ele>4.6</ele>
   </trkpt>
   <trkpt lat="-37.8502670" lon="144.9693110">
    <ele>4.6</ele>
   </trkpt>
   <trkpt lat="-37.8503030" lon="144.9693520">
    <ele>4.6</ele>
   </trkpt>
   <trkpt lat="-37.8503350" lon="144.9693950">
    <ele>4.6</ele>
   </trkpt>
   <trkpt lat="-37.8503700" lon="144.9694310">
    <ele>4.6</ele>
   </trkpt>
   <trkpt lat="-37.8504060" lon="144.9694740">
    <ele>4.8</ele>
   </trkpt>
   <trkpt lat="-37.8504380" lon="144.9695130">
    <ele>5.0</ele>
   </trkpt>
   <trkpt lat="-37.8504730" lon="144.9695600">
    <ele>5.2</ele>
   </trkpt>
   <trkpt lat="-37.8505040" lon="144.9695960">
    <ele>5.4</ele>
   </trkpt>
   <trkpt lat="-37.8505410" lon="144.9696450">
    <ele>5.4</ele>
   </trkpt>
   <trkpt lat="-37.8505710" lon="144.9696860">
    <ele>5.4</ele>
   </trkpt>
   <trkpt lat="-37.8506060" lon="144.9697320">
    <ele>5.4</ele>
   </trkpt>
   <trkpt lat="-37.8506410" lon="144.9697770">
    <ele>5.4</ele>
   </trkpt>
   <trkpt lat="-37.8506740" lon="144.9698150">
    <ele>5.6</ele>
   </trkpt>
   <trkpt lat="-37.8507110" lon="144.9698580">
    <ele>5.6</ele>
   </trkpt>
   <trkpt lat="-37.8507400" lon="144.9698980">
    <ele>5.6</ele>
   </trkpt>
   <trkpt lat="-37.8507770" lon="144.9699430">
    <ele>5.8</ele>
   </trkpt>
   <trkpt lat="-37.8508070" lon="144.9699790">
    <ele>5.6</ele>
   </trkpt>
   <trkpt lat="-37.8508450" lon="144.9700290">
    <ele>5.4</ele>
   </trkpt>
   <trkpt lat="-37.8508740" lon="144.9700730">
    <ele>5.2</ele>
   </trkpt>
   <trkpt lat="-37.8509120" lon="144.9701210">
    <ele>5.0</ele>
   </trkpt>
   <trkpt lat="-37.8509440" lon="144.9701650">
    <ele>5.2</ele>
   </trkpt>
   <trkpt lat="-37.8509780" lon="144.9702070">
    <ele>5.2</ele>
   </trkpt>
   <trkpt lat="-37.8510100" lon="144.9702480">
    <ele>5.2</ele>
   </trkpt>
   <trkpt lat="-37.8510430" lon="144.9702850">
    <ele>5.0</ele>
   </trkpt>
   <trkpt lat="-37.8510780" lon="144.9703310">
    <ele>5.0</ele>
   </trkpt>
   <trkpt lat="-37.8511080" lon="144.9703690">
    <ele>4.8</ele>
   </trkpt>
   <trkpt lat="-37.8511450" lon="144.9704190">
    <ele>4.6</ele>
   </trkpt>
   <trkpt lat="-37.8511750" lon="144.9704580">
    <ele>4.6</ele>
   </trkpt>
   <trkpt lat="-37.8512100" lon="144.9705040">
    <ele>4.6</ele>
   </trkpt>
   <trkpt lat="-37.8512380" lon="144.9705470">
    <ele>4.6</ele>
   </trkpt>
   <trkpt lat="-37.8512750" lon="144.9705850">
    <ele>4.6</ele>
   </trkpt>
   <trkpt lat="-37.8513140" lon="144.9706280">
    <ele>4.6</ele>
   </trkpt>
   <trkpt lat="-37.8513500" lon="144.9706660">
    <ele>4.8</ele>
   </trkpt>
   <trkpt lat="-37.8513860" lon="144.9707090">
    <ele>4.8</ele>
   </trkpt>
   <trkpt lat="-37.8514180" lon="144.9707460">
    <ele>4.8</ele>
   </trkpt>
   <trkpt lat="-37.8514570" lon="144.9707910">
    <ele>4.8</ele>
   </trkpt>
   <trkpt lat="-37.8514830" lon="144.9708350">
    <ele>5.0</ele>
   </trkpt>
   <trkpt lat="-37.8515200" lon="144.9708890">
    <ele>5.0</ele>
   </trkpt>
   <trkpt lat="-37.8515510" lon="144.9709310">
    <ele>5.0</ele>
   </trkpt>
   <trkpt lat="-37.8515870" lon="144.9709800">
    <ele>5.0</ele>
   </trkpt>
   <trkpt lat="-37.8516170" lon="144.9710280">
    <ele>5.0</ele>
   </trkpt>
   <trkpt lat="-37.8516500" lon="144.9710700">
    <ele>5.0</ele>
   </trkpt>
   <trkpt lat="-37.8516810" lon="144.9711140">
    <ele>5.0</ele>
   </trkpt>
   <trkpt lat="-37.8517120" lon="144.9711540">
    <ele>4.8</ele>
   </trkpt>
   <trkpt lat="-37.8517490" lon="144.9712040">
    <ele>4.8</ele>
   </trkpt>
   <trkpt lat="-37.8517770" lon="144.9712400">
    <ele>4.8</ele>
   </trkpt>
   <trkpt lat="-37.8518120" lon="144.9712870">
    <ele>4.8</ele>
   </trkpt>
   <trkpt lat="-37.8518440" lon="144.9713230">
    <ele>4.8</ele>
   </trkpt>
   <trkpt lat="-37.8518780" lon="144.9713670">
    <ele>4.8</ele>
   </trkpt>
   <trkpt lat="-37.8519100" lon="144.9714080">
    <ele>4.8</ele>
   </trkpt>
   <trkpt lat="-37.8519420" lon="144.9714480">
    <ele>4.8</ele>
   </trkpt>
   <trkpt lat="-37.8519770" lon="144.9714870">
    <ele>4.8</ele>
   </trkpt>
   <trkpt lat="-37.8520080" lon="144.9715210">
    <ele>5.0</ele>
   </trkpt>
   <trkpt lat="-37.8520450" lon="144.9715710">
    <ele>5.2</ele>
   </trkpt>
   <trkpt lat="-37.8520730" lon="144.9716140">
    <ele>5.2</ele>
   </trkpt>
   <trkpt lat="-37.8521100" lon="144.9716650">
    <ele>5.2</ele>
   </trkpt>
   <trkpt lat="-37.8521380" lon="144.9717090">
    <ele>5.2</ele>
   </trkpt>
   <trkpt lat="-37.8521760" lon="144.9717600">
    <ele>5.2</ele>
   </trkpt>
   <trkpt lat="-37.8522070" lon="144.9718100">
    <ele>5.0</ele>
   </trkpt>
   <trkpt lat="-37.8522420" lon="144.9718500">
    <ele>5.2</ele>
   </trkpt>
   <trkpt lat="-37.8522790" lon="144.9718990">
    <ele>5.2</ele>
   </trkpt>
   <trkpt lat="-37.8523120" lon="144.9719380">
    <ele>5.2</ele>
   </trkpt>
   <trkpt lat="-37.8523550" lon="144.9719900">
    <ele>5.4</ele>
   </trkpt>
   <trkpt lat="-37.8523870" lon="144.9720310">
    <ele>5.4</ele>
   </trkpt>
   <trkpt lat="-37.8524240" lon="144.9720790">
    <ele>5.4</ele>
   </trkpt>
   <trkpt lat="-37.8524490" lon="144.9721230">
    <ele>5.2</ele>
   </trkpt>
   <trkpt lat="-37.8524870" lon="144.9721660">
    <ele>5.0</ele>
   </trkpt>
   <trkpt lat="-37.8525150" lon="144.9722100">
    <ele>5.0</ele>
   </trkpt>
   <trkpt lat="-37.8525490" lon="144.9722480">
    <ele>4.8</ele>
   </trkpt>
   <trkpt lat="-37.8525850" lon="144.9722910">
    <ele>4.6</ele>
   </trkpt>
   <trkpt lat="-37.8526200" lon="144.9723240">
    <ele>4.8</ele>
   </trkpt>
   <trkpt lat="-37.8526590" lon="144.9723690">
    <ele>4.8</ele>
   </trkpt>
   <trkpt lat="-37.8526880" lon="144.9724120">
    <ele>4.8</ele>
   </trkpt>
   <trkpt lat="-37.8527220" lon="144.9724640">
    <ele>4.6</ele>
   </trkpt>
   <trkpt lat="-37.8527430" lon="144.9725130">
    <ele>4.2</ele>
   </trkpt>
   <trkpt lat="-37.8527710" lon="144.9725710">
    <ele>4.0</ele>
   </trkpt>
   <trkpt lat="-37.8527860" lon="144.9726240">
    <ele>3.8</ele>
   </trkpt>
   <trkpt lat="-37.8528030" lon="144.9726820">
    <ele>3.4</ele>
   </trkpt>
   <trkpt lat="-37.8528160" lon="144.9727430">
    <ele>3.4</ele>
   </trkpt>
   <trkpt lat="-37.8528260" lon="144.9727930">
    <ele>3.2</ele>
   </trkpt>
   <trkpt lat="-37.8528270" lon="144.9728580">
    <ele>3.2</ele>
   </trkpt>
   <trkpt lat="-37.8528220" lon="144.9729130">
    <ele>3.6</ele>
   </trkpt>
   <trkpt lat="-37.8528140" lon="144.9729830">
    <ele>3.8</ele>
   </trkpt>
   <trkpt lat="-37.8527990" lon="144.9730360">
    <ele>4.0</ele>
   </trkpt>
   <trkpt lat="-37.8527820" lon="144.9730930">
    <ele>5.0</ele>
   </trkpt>
   <trkpt lat="-37.8527610" lon="144.9731480">
    <ele>4.4</ele>
   </trkpt>
   <trkpt lat="-37.8527410" lon="144.9731960">
    <ele>3.4</ele>
   </trkpt>
   <trkpt lat="-37.8527090" lon="144.9732480">
    <ele>3.2</ele>
   </trkpt>
   <trkpt lat="-37.8526850" lon="144.9732880">
    <ele>2.8</ele>
   </trkpt>
   <trkpt lat="-37.8526540" lon="144.9733380">
    <ele>2.2</ele>
   </trkpt>
   <trkpt lat="-37.8526270" lon="144.9733750">
    <ele>2.2</ele>
   </trkpt>
   <trkpt lat="-37.8525950" lon="144.9734260">
    <ele>2.4</ele>
   </trkpt>
   <trkpt lat="-37.8525640" lon="144.9734670">
    <ele>2.6</ele>
   </trkpt>
   <trkpt lat="-37.8525320" lon="144.9735080">
    <ele>3.0</ele>
   </trkpt>
   <trkpt lat="-37.8524990" lon="144.9735520">
    <ele>3.2</ele>
   </trkpt>
   <trkpt lat="-37.8524730" lon="144.9735910">
    <ele>3.4</ele>
   </trkpt>
   <trkpt lat="-37.8524320" lon="144.9736400">
    <ele>3.6</ele>
   </trkpt>
   <trkpt lat="-37.8524020" lon="144.9736730">
    <ele>3.8</ele>
   </trkpt>
   <trkpt lat="-37.8523660" lon="144.9737170">
    <ele>3.8</ele>
   </trkpt>
   <trkpt lat="-37.8523340" lon="144.9737490">
    <ele>3.8</ele>
   </trkpt>
   <trkpt lat="-37.8523030" lon="144.9737970">
    <ele>3.8</ele>
   </trkpt>
   <trkpt lat="-37.8522670" lon="144.9738330">
    <ele>4.0</ele>
   </trkpt>
   <trkpt lat="-37.8522330" lon="144.9738700">
    <ele>4.0</ele>
   </trkpt>
   <trkpt lat="-37.8522000" lon="144.9739160">
    <ele>4.0</ele>
   </trkpt>
   <trkpt lat="-37.8521740" lon="144.9739590">
    <ele>4.6</ele>
   </trkpt>
   <trkpt lat="-37.8521400" lon="144.9740200">
    <ele>5.2</ele>
   </trkpt>
   <trkpt lat="-37.8521300" lon="144.9740710">
    <ele>5.6</ele>
   </trkpt>
   <trkpt lat="-37.8521370" lon="144.9741370">
    <ele>5.6</ele>
   </trkpt>
   <trkpt lat="-37.8521520" lon="144.9741920">
    <ele>5.6</ele>
   </trkpt>
   <trkpt lat="-37.8521840" lon="144.9742390">
    <ele>5.4</ele>
   </trkpt>
   <trkpt lat="-37.8522200" lon="144.9742870">
    <ele>5.2</ele>
   </trkpt>
   <trkpt lat="-37.8522560" lon="144.9743230">
    <ele>5.0</ele>
   </trkpt>
   <trkpt lat="-37.8522970" lon="144.9743690">
    <ele>5.0</ele>
   </trkpt>
   <trkpt lat="-37.8523310" lon="144.9744050">
    <ele>5.0</ele>
   </trkpt>
   <trkpt lat="-37.8523740" lon="144.9744440">
    <ele>5.0</ele>
   </trkpt>
   <trkpt lat="-37.8524100" lon="144.9744810">
    <ele>5.0</ele>
   </trkpt>
   <trkpt lat="-37.8524540" lon="144.9745120">
    <ele>5.0</ele>
   </trkpt>
   <trkpt lat="-37.8524940" lon="144.9745410">
    <ele>5.0</ele>
   </trkpt>
   <trkpt lat="-37.8525400" lon="144.9745680">
    <ele>5.0</ele>
   </trkpt>
   <trkpt lat="-37.8525850" lon="144.9746020">
    <ele>5.2</ele>
   </trkpt>
   <trkpt lat="-37.8526210" lon="144.9746300">
    <ele>5.4</ele>
   </trkpt>
   <trkpt lat="-37.8526670" lon="144.9746680">
    <ele>5.4</ele>
   </trkpt>
   <trkpt lat="-37.8527020" lon="144.9746970">
    <ele>5.4</ele>
   </trkpt>
   <trkpt lat="-37.8527460" lon="144.9747270">
    <ele>5.2</ele>
   </trkpt>
   <trkpt lat="-37.8527850" lon="144.9747610">
    <ele>5.0</ele>
   </trkpt>
   <trkpt lat="-37.8528270" lon="144.9747880">
    <ele>5.0</ele>
   </trkpt>
   <trkpt lat="-37.8528740" lon="144.9748210">
    <ele>4.8</ele>
   </trkpt>
   <trkpt lat="-37.8529100" lon="144.9748490">
    <ele>5.0</ele>
   </trkpt>
   <trkpt lat="-37.8529590" lon="144.9748870">
    <ele>4.8</ele>
   </trkpt>
   <trkpt lat="-37.8529930" lon="144.9749160">
    <ele>4.6</ele>
   </trkpt>
   <trkpt lat="-37.8530400" lon="144.9749480">
    <ele>4.4</ele>
   </trkpt>
   <trkpt lat="-37.8530790" lon="144.9749830">
    <ele>4.2</ele>
   </trkpt>
   <trkpt lat="-37.8531250" lon="144.9750150">
    <ele>4.2</ele>
   </trkpt>
   <trkpt lat="-37.8531670" lon="144.9750500">
    <ele>4.2</ele>
   </trkpt>
   <trkpt lat="-37.8532090" lon="144.9750750">
    <ele>4.2</ele>
   </trkpt>
   <trkpt lat="-37.8532540" lon="144.9751140">
    <ele>4.0</ele>
   </trkpt>
   <trkpt lat="-37.8532900" lon="144.9751450">
    <ele>4.0</ele>
   </trkpt>
   <trkpt lat="-37.8533330" lon="144.9751810">
    <ele>4.0</ele>
   </trkpt>
   <trkpt lat="-37.8533680" lon="144.9752090">
    <ele>4.2</ele>
   </trkpt>
   <trkpt lat="-37.8534140" lon="144.9752400">
    <ele>4.4</ele>
   </trkpt>
   <trkpt lat="-37.8534520" lon="144.9752700">
    <ele>4.6</ele>
   </trkpt>
   <trkpt lat="-37.8534960" lon="144.9752980">
    <ele>4.6</ele>
   </trkpt>
   <trkpt lat="-37.8535370" lon="144.9753270">
    <ele>4.4</ele>
   </trkpt>
   <trkpt lat="-37.8535780" lon="144.9753560">
    <ele>4.4</ele>
   </trkpt>
   <trkpt lat="-37.8536220" lon="144.9753970">
    <ele>4.2</ele>
   </trkpt>
   <trkpt lat="-37.8536560" lon="144.9754280">
    <ele>4.2</ele>
   </trkpt>
   <trkpt lat="-37.8536970" lon="144.9754750">
    <ele>4.2</ele>
   </trkpt>
   <trkpt lat="-37.8537250" lon="144.9755170">
    <ele>4.0</ele>
   </trkpt>
   <trkpt lat="-37.8537600" lon="144.9755700">
    <ele>3.8</ele>
   </trkpt>
   <trkpt lat="-37.8537820" lon="144.9756180">
    <ele>3.6</ele>
   </trkpt>
   <trkpt lat="-37.8538070" lon="144.9756670">
    <ele>3.6</ele>
   </trkpt>
   <trkpt lat="-37.8538270" lon="144.9757210">
    <ele>3.6</ele>
   </trkpt>
   <trkpt lat="-37.8538450" lon="144.9757710">
    <ele>4.0</ele>
   </trkpt>
   <trkpt lat="-37.8538600" lon="144.9758280">
    <ele>4.6</ele>
   </trkpt>
   <trkpt lat="-37.8538680" lon="144.9758810">
    <ele>4.6</ele>
   </trkpt>
   <trkpt lat="-37.8538700" lon="144.9759480">
    <ele>4.8</ele>
   </trkpt>
   <trkpt lat="-37.8538630" lon="144.9760040">
    <ele>5.4</ele>
   </trkpt>
   <trkpt lat="-37.8538550" lon="144.9760720">
    <ele>5.6</ele>
   </trkpt>
   <trkpt lat="-37.8538450" lon="144.9761320">
    <ele>5.6</ele>
   </trkpt>
   <trkpt lat="-37.8538320" lon="144.9761870">
    <ele>5.6</ele>
   </trkpt>
   <trkpt lat="-37.8538210" lon="144.9762500">
    <ele>5.4</ele>
   </trkpt>
   <trkpt lat="-37.8538090" lon="144.9763040">
    <ele>5.0</ele>
   </trkpt>
   <trkpt lat="-37.8537910" lon="144.9763720">
    <ele>4.8</ele>
   </trkpt>
   <trkpt lat="-37.8537760" lon="144.9764200">
    <ele>4.8</ele>
   </trkpt>
   <trkpt lat="-37.8537580" lon="144.9764860">
    <ele>5.0</ele>
   </trkpt>
   <trkpt lat="-37.8537410" lon="144.9765390">
    <ele>5.2</ele>
   </trkpt>
   <trkpt lat="-37.8537280" lon="144.9765980">
    <ele>5.4</ele>
   </trkpt>
   <trkpt lat="-37.8537120" lon="144.9766540">
    <ele>5.6</ele>
   </trkpt>
   <trkpt lat="-37.8536990" lon="144.9767090">
    <ele>5.6</ele>
   </trkpt>
   <trkpt lat="-37.8536820" lon="144.9767680">
    <ele>5.6</ele>
   </trkpt>
   <trkpt lat="-37.8536710" lon="144.9768170">
    <ele>5.6</ele>
   </trkpt>
   <trkpt lat="-37.8536570" lon="144.9768810">
    <ele>5.8</ele>
   </trkpt>
   <trkpt lat="-37.8536420" lon="144.9769280">
    <ele>5.6</ele>
   </trkpt>
   <trkpt lat="-37.8536270" lon="144.9769940">
    <ele>5.4</ele>
   </trkpt>
   <trkpt lat="-37.8536110" lon="144.9770490">
    <ele>5.0</ele>
   </trkpt>
   <trkpt lat="-37.8535970" lon="144.9771140">
    <ele>5.0</ele>
   </trkpt>
   <trkpt lat="-37.8535810" lon="144.9771710">
    <ele>5.2</ele>
   </trkpt>
   <trkpt lat="-37.8535740" lon="144.9772290">
    <ele>5.2</ele>
   </trkpt>
   <trkpt lat="-37.8535630" lon="144.9772840">
    <ele>5.2</ele>
   </trkpt>
   <trkpt lat="-37.8535540" lon="144.9773340">
    <ele>5.4</ele>
   </trkpt>
   <trkpt lat="-37.8535410" lon="144.9773990">
    <ele>5.2</ele>
   </trkpt>
   <trkpt lat="-37.8535330" lon="144.9774470">
    <ele>5.2</ele>
   </trkpt>
   <trkpt lat="-37.8535210" lon="144.9775100">
    <ele>5.4</ele>
   </trkpt>
   <trkpt lat="-37.8535080" lon="144.9775600">
    <ele>5.6</ele>
   </trkpt>
   <trkpt lat="-37.8534950" lon="144.9776220">
    <ele>5.8</ele>
   </trkpt>
   <trkpt lat="-37.8534810" lon="144.9776760">
    <ele>6.2</ele>
   </trkpt>
   <trkpt lat="-37.8534740" lon="144.9777390">
    <ele>6.2</ele>
   </trkpt>
   <trkpt lat="-37.8534620" lon="144.9777930">
    <ele>6.2</ele>
   </trkpt>
   <trkpt lat="-37.8534560" lon="144.9778460">
    <ele>6.2</ele>
   </trkpt>
   <trkpt lat="-37.8534450" lon="144.9779050">
    <ele>6.0</ele>
   </trkpt>
   <trkpt lat="-37.8534380" lon="144.9779560">
    <ele>5.8</ele>
   </trkpt>
   <trkpt lat="-37.8534280" lon="144.9780190">
    <ele>6.0</ele>
   </trkpt>
   <trkpt lat="-37.8534180" lon="144.9780730">
    <ele>6.4</ele>
   </trkpt>
   <trkpt lat="-37.8534080" lon="144.9781400">
    <ele>6.6</ele>
   </trkpt>
   <trkpt lat="-37.8533990" lon="144.9781950">
    <ele>6.6</ele>
   </trkpt>
   <trkpt lat="-37.8533920" lon="144.9782600">
    <ele>6.6</ele>
   </trkpt>
   <trkpt lat="-37.8533790" lon="144.9783100">
    <ele>6.4</ele>
   </trkpt>
   <trkpt lat="-37.8533730" lon="144.9783710">
    <ele>5.8</ele>
   </trkpt>
   <trkpt lat="-37.8533630" lon="144.9784290">
    <ele>5.6</ele>
   </trkpt>
   <trkpt lat="-37.8533450" lon="144.9784890">
    <ele>5.4</ele>
   </trkpt>
   <trkpt lat="-37.8533090" lon="144.9785340">
    <ele>5.6</ele>
   </trkpt>
   <trkpt lat="-37.8532810" lon="144.9785420">
    <ele>6.2</ele>
   </trkpt>
   <trkpt lat="-37.8532340" lon="144.9785450">
    <ele>6.6</ele>
   </trkpt>
   <trkpt lat="-37.8531950" lon="144.9785320">
    <ele>8.0</ele>
   </trkpt>
   <trkpt lat="-37.8531470" lon="144.9785190">
    <ele>9.4</ele>
   </trkpt>
   <trkpt lat="-37.8530990" lon="144.9785040">
    <ele>9.8</ele>
   </trkpt>
   <trkpt lat="-37.8530540" lon="144.9784940">
    <ele>9.8</ele>
   </trkpt>
   <trkpt lat="-37.8530000" lon="144.9784790">
    <ele>9.4</ele>
   </trkpt>
   <trkpt lat="-37.8529590" lon="144.9784730">
    <ele>8.6</ele>
   </trkpt>
   <trkpt lat="-37.8529030" lon="144.9784640">
    <ele>7.6</ele>
   </trkpt>
   <trkpt lat="-37.8528620" lon="144.9784530">
    <ele>7.2</ele>
   </trkpt>
   <trkpt lat="-37.8528100" lon="144.9784410">
    <ele>7.2</ele>
   </trkpt>
   <trkpt lat="-37.8527670" lon="144.9784230">
    <ele>7.0</ele>
   </trkpt>
   <trkpt lat="-37.8527210" lon="144.9784120">
    <ele>7.2</ele>
   </trkpt>
   <trkpt lat="-37.8526750" lon="144.9783990">
    <ele>7.4</ele>
   </trkpt>
   <trkpt lat="-37.8526320" lon="144.9783890">
    <ele>7.8</ele>
   </trkpt>
   <trkpt lat="-37.8525750" lon="144.9783710">
    <ele>7.8</ele>
   </trkpt>
   <trkpt lat="-37.8525350" lon="144.9783530">
    <ele>7.8</ele>
   </trkpt>
   <trkpt lat="-37.8524840" lon="144.9783330">
    <ele>8.0</ele>
   </trkpt>
   <trkpt lat="-37.8524400" lon="144.9783120">
    <ele>8.2</ele>
   </trkpt>
   <trkpt lat="-37.8523900" lon="144.9782950">
    <ele>8.2</ele>
   </trkpt>
   <trkpt lat="-37.8523430" lon="144.9782790">
    <ele>8.2</ele>
   </trkpt>
   <trkpt lat="-37.8522960" lon="144.9782670">
    <ele>8.2</ele>
   </trkpt>
   <trkpt lat="-37.8522440" lon="144.9782520">
    <ele>8.2</ele>
   </trkpt>
   <trkpt lat="-37.8522000" lon="144.9782440">
    <ele>8.0</ele>
   </trkpt>
   <trkpt lat="-37.8521480" lon="144.9782260">
    <ele>7.6</ele>
   </trkpt>
   <trkpt lat="-37.8521070" lon="144.9782100">
    <ele>7.4</ele>
   </trkpt>
   <trkpt lat="-37.8520560" lon="144.9781930">
    <ele>7.2</ele>
   </trkpt>
   <trkpt lat="-37.8520190" lon="144.9781730">
    <ele>6.8</ele>
   </trkpt>
   <trkpt lat="-37.8519730" lon="144.9781540">
    <ele>5.8</ele>
   </trkpt>
   <trkpt lat="-37.8519360" lon="144.9781430">
    <ele>5.4</ele>
   </trkpt>
   <trkpt lat="-37.8518940" lon="144.9781340">
    <ele>4.6</ele>
   </trkpt>
   <trkpt lat="-37.8518530" lon="144.9781150">
    <ele>5.0</ele>
   </trkpt>
   <trkpt lat="-37.8518120" lon="144.9781020">
    <ele>5.0</ele>
   </trkpt>
   <trkpt lat="-37.8517640" lon="144.9780830">
    <ele>5.8</ele>
   </trkpt>
   <trkpt lat="-37.8517260" lon="144.9780720">
    <ele>6.0</ele>
   </trkpt>
   <trkpt lat="-37.8516730" lon="144.9780550">
    <ele>6.6</ele>
   </trkpt>
   <trkpt lat="-37.8516360" lon="144.9780360">
    <ele>6.8</ele>
   </trkpt>
   <trkpt lat="-37.8515840" lon="144.9780150">
    <ele>6.8</ele>
   </trkpt>
   <trkpt lat="-37.8515440" lon="144.9779920">
    <ele>7.0</ele>
   </trkpt>
   <trkpt lat="-37.8514960" lon="144.9779800">
    <ele>6.6</ele>
   </trkpt>
   <trkpt lat="-37.8514550" lon="144.9779610">
    <ele>6.4</ele>
   </trkpt>
   <trkpt lat="-37.8514100" lon="144.9779480">
    <ele>6.4</ele>
   </trkpt>
   <trkpt lat="-37.8513660" lon="144.9779320">
    <ele>6.4</ele>
   </trkpt>
   <trkpt lat="-37.8513290" lon="144.9779210">
    <ele>6.6</ele>
   </trkpt>
   <trkpt lat="-37.8512800" lon="144.9779040">
    <ele>7.4</ele>
   </trkpt>
   <trkpt lat="-37.8512440" lon="144.9778890">
    <ele>7.8</ele>
   </trkpt>
   <trkpt lat="-37.8511930" lon="144.9778710">
    <ele>7.8</ele>
   </trkpt>
   <trkpt lat="-37.8511590" lon="144.9778560">
    <ele>8.0</ele>
   </trkpt>
   <trkpt lat="-37.8511090" lon="144.9778420">
    <ele>7.8</ele>
   </trkpt>
   <trkpt lat="-37.8510720" lon="144.9778220">
    <ele>7.8</ele>
   </trkpt>
   <trkpt lat="-37.8510220" lon="144.9778040">
    <ele>7.8</ele>
   </trkpt>
   <trkpt lat="-37.8509850" lon="144.9777880">
    <ele>8.0</ele>
   </trkpt>
   <trkpt lat="-37.8509410" lon="144.9777760">
    <ele>8.4</ele>
   </trkpt>
   <trkpt lat="-37.8509030" lon="144.9777610">
    <ele>8.4</ele>
   </trkpt>
   <trkpt lat="-37.8508630" lon="144.9777500">
    <ele>8.6</ele>
   </trkpt>
   <trkpt lat="-37.8508200" lon="144.9777390">
    <ele>8.4</ele>
   </trkpt>
   <trkpt lat="-37.8507840" lon="144.9777290">
    <ele>8.4</ele>
   </trkpt>
   <trkpt lat="-37.8507350" lon="144.9777090">
    <ele>8.2</ele>
   </trkpt>
   <trkpt lat="-37.8506960" lon="144.9776910">
    <ele>8.0</ele>
   </trkpt>
   <trkpt lat="-37.8506410" lon="144.9776720">
    <ele>8.2</ele>
   </trkpt>
   <trkpt lat="-37.8506010" lon="144.9776500">
    <ele>8.6</ele>
   </trkpt>
   <trkpt lat="-37.8505520" lon="144.9776320">
    <ele>9.0</ele>
   </trkpt>
   <trkpt lat="-37.8505130" lon="144.9776090">
    <ele>9.0</ele>
   </trkpt>
   <trkpt lat="-37.8504680" lon="144.9775910">
    <ele>9.0</ele>
   </trkpt>
   <trkpt lat="-37.8504250" lon="144.9775710">
    <ele>9.0</ele>
   </trkpt>
   <trkpt lat="-37.8503840" lon="144.9775550">
    <ele>8.4</ele>
   </trkpt>
   <trkpt lat="-37.8503380" lon="144.9775330">
    <ele>8.0</ele>
   </trkpt>
   <trkpt lat="-37.8502980" lon="144.9775180">
    <ele>8.0</ele>
   </trkpt>
   <trkpt lat="-37.8502490" lon="144.9774950">
    <ele>8.0</ele>
   </trkpt>
   <trkpt lat="-37.8502130" lon="144.9774700">
    <ele>8.2</ele>
   </trkpt>
   <trkpt lat="-37.8501660" lon="144.9774390">
    <ele>8.6</ele>
   </trkpt>
   <trkpt lat="-37.8501290" lon="144.9774040">
    <ele>8.8</ele>
   </trkpt>
   <trkpt lat="-37.8500860" lon="144.9773740">
    <ele>8.8</ele>
   </trkpt>
   <trkpt lat="-37.8500510" lon="144.9773420">
    <ele>8.8</ele>
   </trkpt>
   <trkpt lat="-37.8500090" lon="144.9773140">
    <ele>9.0</ele>
   </trkpt>
   <trkpt lat="-37.8499690" lon="144.9772870">
    <ele>9.0</ele>
   </trkpt>
   <trkpt lat="-37.8499320" lon="144.9772590">
    <ele>9.0</ele>
   </trkpt>
   <trkpt lat="-37.8498910" lon="144.9772220">
    <ele>8.8</ele>
   </trkpt>
   <trkpt lat="-37.8498520" lon="144.9771960">
    <ele>8.8</ele>
   </trkpt>
   <trkpt lat="-37.8498120" lon="144.9771630">
    <ele>8.4</ele>
   </trkpt>
   <trkpt lat="-37.8497790" lon="144.9771360">
    <ele>8.2</ele>
   </trkpt>
   <trkpt lat="-37.8497380" lon="144.9770950">
    <ele>8.0</ele>
   </trkpt>
   <trkpt lat="-37.8497090" lon="144.9770620">
    <ele>8.0</ele>
   </trkpt>
   <trkpt lat="-37.8496670" lon="144.9770270">
    <ele>8.2</ele>
   </trkpt>
   <trkpt lat="-37.8496380" lon="144.9769900">
    <ele>8.2</ele>
   </trkpt>
   <trkpt lat="-37.8496020" lon="144.9769520">
    <ele>8.4</ele>
   </trkpt>
   <trkpt lat="-37.8495730" lon="144.9769130">
    <ele>8.6</ele>
   </trkpt>
   <trkpt lat="-37.8495420" lon="144.9768740">
    <ele>9.0</ele>
   </trkpt>
   <trkpt lat="-37.8495120" lon="144.9768280">
    <ele>8.8</ele>
   </trkpt>
   <trkpt lat="-37.8494810" lon="144.9767900">
    <ele>8.8</ele>
   </trkpt>
   <trkpt lat="-37.8494440" lon="144.9767420">
    <ele>8.8</ele>
   </trkpt>
   <trkpt lat="-37.8494140" lon="144.9767000">
    <ele>8.8</ele>
   </trkpt>
   <trkpt lat="-37.8493800" lon="144.9766500">
    <ele>9.0</ele>
   </trkpt>
   <trkpt lat="-37.8493560" lon="144.9766040">
    <ele>9.0</ele>
   </trkpt>
   <trkpt lat="-37.8493170" lon="144.9765550">
    <ele>9.2</ele>
   </trkpt>
   <trkpt lat="-37.8492900" lon="144.9765100">
    <ele>9.2</ele>
   </trkpt>
   <trkpt lat="-37.8492520" lon="144.9764640">
    <ele>9.0</ele>
   </trkpt>
   <trkpt lat="-37.8492240" lon="144.9764180">
    <ele>8.8</ele>
   </trkpt>
   <trkpt lat="-37.8491900" lon="144.9763760">
    <ele>8.6</ele>
   </trkpt>
   <trkpt lat="-37.8491580" lon="144.9763280">
    <ele>8.2</ele>
   </trkpt>
   <trkpt lat="-37.8491320" lon="144.9762880">
    <ele>8.0</ele>
   </trkpt>
   <trkpt lat="-37.8490990" lon="144.9762400">
    <ele>8.2</ele>
   </trkpt>
   <trkpt lat="-37.8490740" lon="144.9762020">
    <ele>8.2</ele>
   </trkpt>
   <trkpt lat="-37.8490390" lon="144.9761540">
    <ele>8.2</ele>
   </trkpt>
   <trkpt lat="-37.8490150" lon="144.9761090">
    <ele>8.4</ele>
   </trkpt>
   <trkpt lat="-37.8489800" lon="144.9760600">
    <ele>8.4</ele>
   </trkpt>
   <trkpt lat="-37.8489570" lon="144.9760130">
    <ele>8.2</ele>
   </trkpt>
   <trkpt lat="-37.8489240" lon="144.9759690">
    <ele>8.2</ele>
   </trkpt>
   <trkpt lat="-37.8488980" lon="144.9759240">
    <ele>8.4</ele>
   </trkpt>
   <trkpt lat="-37.8488660" lon="144.9758830">
    <ele>8.4</ele>
   </trkpt>
   <trkpt lat="-37.8488340" lon="144.9758360">
    <ele>8.4</ele>
   </trkpt>
   <trkpt lat="-37.8488030" lon="144.9758000">
    <ele>8.8</ele>
   </trkpt>
   <trkpt lat="-37.8487710" lon="144.9757550">
    <ele>9.0</ele>
   </trkpt>
   <trkpt lat="-37.8487420" lon="144.9757200">
    <ele>8.6</ele>
   </trkpt>
   <trkpt lat="-37.8487050" lon="144.9756720">
    <ele>8.6</ele>
   </trkpt>
   <trkpt lat="-37.8486800" lon="144.9756310">
    <ele>8.6</ele>
   </trkpt>
   <trkpt lat="-37.8486460" lon="144.9755810">
    <ele>8.4</ele>
   </trkpt>
   <trkpt lat="-37.8486200" lon="144.9755360">
    <ele>8.2</ele>
   </trkpt>
   <trkpt lat="-37.8485860" lon="144.9754900">
    <ele>8.0</ele>
   </trkpt>
   <trkpt lat="-37.8485630" lon="144.9754450">
    <ele>8.0</ele>
   </trkpt>
   <trkpt lat="-37.8485330" lon="144.9754040">
    <ele>8.2</ele>
   </trkpt>
   <trkpt lat="-37.8485020" lon="144.9753570">
    <ele>8.2</ele>
   </trkpt>
   <trkpt lat="-37.8484750" lon="144.9753170">
    <ele>8.2</ele>
   </trkpt>
   <trkpt lat="-37.8484420" lon="144.9752700">
    <ele>10.6</ele>
   </trkpt>
   <trkpt lat="-37.8484170" lon="144.9752350">
    <ele>10.6</ele>
   </trkpt>
   <trkpt lat="-37.8483820" lon="144.9751820">
    <ele>10.6</ele>
   </trkpt>
   <trkpt lat="-37.8483590" lon="144.9751400">
    <ele>10.4</ele>
   </trkpt>
   <trkpt lat="-37.8483260" lon="144.9750900">
    <ele>10.0</ele>
   </trkpt>
   <trkpt lat="-37.8483070" lon="144.9750450">
    <ele>9.8</ele>
   </trkpt>
   <trkpt lat="-37.8482800" lon="144.9749960">
    <ele>9.8</ele>
   </trkpt>
   <trkpt lat="-37.8482620" lon="144.9749450">
    <ele>9.8</ele>
   </trkpt>
   <trkpt lat="-37.8482370" lon="144.9748930">
    <ele>9.8</ele>
   </trkpt>
   <trkpt lat="-37.8482200" lon="144.9748400">
    <ele>10.0</ele>
   </trkpt>
   <trkpt lat="-37.8482040" lon="144.9747860">
    <ele>10.0</ele>
   </trkpt>
   <trkpt lat="-37.8481880" lon="144.9747230">
    <ele>10.0</ele>
   </trkpt>
   <trkpt lat="-37.8481760" lon="144.9746700">
    <ele>9.6</ele>
   </trkpt>
   <trkpt lat="-37.8481600" lon="144.9746100">
    <ele>9.2</ele>
   </trkpt>
   <trkpt lat="-37.8481540" lon="144.9745550">
    <ele>8.8</ele>
   </trkpt>
   <trkpt lat="-37.8481410" lon="144.9744910">
    <ele>8.8</ele>
   </trkpt>
   <trkpt lat="-37.8481360" lon="144.9744360">
    <ele>8.8</ele>
   </trkpt>
   <trkpt lat="-37.8481260" lon="144.9743780">
    <ele>8.8</ele>
   </trkpt>
   <trkpt lat="-37.8481200" lon="144.9743120">
    <ele>9.0</ele>
   </trkpt>
   <trkpt lat="-37.8481180" lon="144.9742590">
    <ele>9.2</ele>
   </trkpt>
   <trkpt lat="-37.8481160" lon="144.9741880">
    <ele>9.4</ele>
   </trkpt>
   <trkpt lat="-37.8481150" lon="144.9741370">
    <ele>9.2</ele>
   </trkpt>
   <trkpt lat="-37.8481070" lon="144.9740680">
    <ele>9.2</ele>
   </trkpt>
   <trkpt lat="-37.8481020" lon="144.9740160">
    <ele>9.0</ele>
   </trkpt>
   <trkpt lat="-37.8480950" lon="144.9739510">
    <ele>9.0</ele>
   </trkpt>
   <trkpt lat="-37.8480930" lon="144.9738950">
    <ele>8.8</ele>
   </trkpt>
   <trkpt lat="-37.8480830" lon="144.9738340">
    <ele>8.8</ele>
   </trkpt>
   <trkpt lat="-37.8480790" lon="144.9737740">
    <ele>9.0</ele>
   </trkpt>
   <trkpt lat="-37.8480680" lon="144.9737180">
    <ele>8.8</ele>
   </trkpt>
   <trkpt lat="-37.8480600" lon="144.9736530">
    <ele>8.8</ele>
   </trkpt>
   <trkpt lat="-37.8480500" lon="144.9736010">
    <ele>8.6</ele>
   </trkpt>
   <trkpt lat="-37.8480420" lon="144.9735360">
    <ele>8.6</ele>
   </trkpt>
   <trkpt lat="-37.8480320" lon="144.9734860">
    <ele>8.4</ele>
   </trkpt>
   <trkpt lat="-37.8480160" lon="144.9734190">
    <ele>8.4</ele>
   </trkpt>
   <trkpt lat="-37.8480070" lon="144.9733680">
    <ele>8.2</ele>
   </trkpt>
   <trkpt lat="-37.8479860" lon="144.9733120">
    <ele>8.0</ele>
   </trkpt>
   <trkpt lat="-37.8479700" lon="144.9732610">
    <ele>8.0</ele>
   </trkpt>
   <trkpt lat="-37.8479450" lon="144.9732080">
    <ele>8.0</ele>
   </trkpt>
   <trkpt lat="-37.8479240" lon="144.9731530">
    <ele>7.8</ele>
   </trkpt>
   <trkpt lat="-37.8479000" lon="144.9731050">
    <ele>8.0</ele>
   </trkpt>
   <trkpt lat="-37.8478750" lon="144.9730540">
    <ele>8.4</ele>
   </trkpt>
   <trkpt lat="-37.8478530" lon="144.9730080">
    <ele>8.4</ele>
   </trkpt>
   <trkpt lat="-37.8478240" lon="144.9729530">
    <ele>8.2</ele>
   </trkpt>
   <trkpt lat="-37.8477990" lon="144.9729130">
    <ele>8.0</ele>
   </trkpt>
   <trkpt lat="-37.8477690" lon="144.9728680">
    <ele>7.8</ele>
   </trkpt>
   <trkpt lat="-37.8477440" lon="144.9728290">
    <ele>7.8</ele>
   </trkpt>
   <trkpt lat="-37.8477100" lon="144.9727860">
    <ele>8.0</ele>
   </trkpt>
   <trkpt lat="-37.8476830" lon="144.9727400">
    <ele>8.2</ele>
   </trkpt>
   <trkpt lat="-37.8476490" lon="144.9726950">
    <ele>8.2</ele>
   </trkpt>
   <trkpt lat="-37.8476200" lon="144.9726500">
    <ele>8.6</ele>
   </trkpt>
   <trkpt lat="-37.8475870" lon="144.9726060">
    <ele>9.0</ele>
   </trkpt>
   <trkpt lat="-37.8475530" lon="144.9725580">
    <ele>9.2</ele>
   </trkpt>
   <trkpt lat="-37.8475250" lon="144.9725220">
    <ele>9.4</ele>
   </trkpt>
   <trkpt lat="-37.8474930" lon="144.9724710">
    <ele>9.4</ele>
   </trkpt>
   <trkpt lat="-37.8474640" lon="144.9724320">
    <ele>9.4</ele>
   </trkpt>
   <trkpt lat="-37.8474280" lon="144.9723840">
    <ele>9.2</ele>
   </trkpt>
   <trkpt lat="-37.8474020" lon="144.9723430">
    <ele>8.8</ele>
   </trkpt>
   <trkpt lat="-37.8473650" lon="144.9722970">
    <ele>8.4</ele>
   </trkpt>
   <trkpt lat="-37.8473380" lon="144.9722540">
    <ele>8.2</ele>
   </trkpt>
   <trkpt lat="-37.8473040" lon="144.9722110">
    <ele>8.2</ele>
   </trkpt>
   <trkpt lat="-37.8472720" lon="144.9721660">
    <ele>8.2</ele>
   </trkpt>
   <trkpt lat="-37.8472440" lon="144.9721300">
    <ele>8.4</ele>
   </trkpt>
   <trkpt lat="-37.8472100" lon="144.9720810">
    <ele>8.6</ele>
   </trkpt>
   <trkpt lat="-37.8471850" lon="144.9720410">
    <ele>8.6</ele>
   </trkpt>
   <trkpt lat="-37.8471490" lon="144.9719880">
    <ele>8.6</ele>
   </trkpt>
   <trkpt lat="-37.8471230" lon="144.9719470">
    <ele>8.6</ele>
   </trkpt>
   <trkpt lat="-37.8470850" lon="144.9719020">
    <ele>8.6</ele>
   </trkpt>
   <trkpt lat="-37.8470530" lon="144.9718620">
    <ele>8.6</ele>
   </trkpt>
   <trkpt lat="-37.8470170" lon="144.9718220">
    <ele>8.2</ele>
   </trkpt>
   <trkpt lat="-37.8469820" lon="144.9717790">
    <ele>7.8</ele>
   </trkpt>
   <trkpt lat="-37.8469500" lon="144.9717430">
    <ele>8.0</ele>
   </trkpt>
   <trkpt lat="-37.8469120" lon="144.9716990">
    <ele>8.4</ele>
   </trkpt>
   <trkpt lat="-37.8468840" lon="144.9716640">
    <ele>8.6</ele>
   </trkpt>
   <trkpt lat="-37.8468450" lon="144.9716240">
    <ele>8.6</ele>
   </trkpt>
   <trkpt lat="-37.8468130" lon="144.9715890">
    <ele>8.8</ele>
   </trkpt>
   <trkpt lat="-37.8467720" lon="144.9715520">
    <ele>9.0</ele>
   </trkpt>
   <trkpt lat="-37.8467350" lon="144.9715150">
    <ele>9.0</ele>
   </trkpt>
   <trkpt lat="-37.8466980" lon="144.9714790">
    <ele>8.8</ele>
   </trkpt>
   <trkpt lat="-37.8466600" lon="144.9714400">
    <ele>8.6</ele>
   </trkpt>
   <trkpt lat="-37.8466260" lon="144.9714110">
    <ele>8.6</ele>
   </trkpt>
   <trkpt lat="-37.8465810" lon="144.9713720">
    <ele>8.2</ele>
   </trkpt>
   <trkpt lat="-37.8465480" lon="144.9713430">
    <ele>8.0</ele>
   </trkpt>
   <trkpt lat="-37.8465020" lon="144.9713100">
    <ele>8.2</ele>
   </trkpt>
   <trkpt lat="-37.8464720" lon="144.9712770">
    <ele>8.6</ele>
   </trkpt>
   <trkpt lat="-37.8464260" lon="144.9712460">
    <ele>9.0</ele>
   </trkpt>
   <trkpt lat="-37.8463870" lon="144.9712140">
    <ele>9.4</ele>
   </trkpt>
   <trkpt lat="-37.8463430" lon="144.9711870">
    <ele>9.6</ele>
   </trkpt>
   <trkpt lat="-37.8463010" lon="144.9711590">
    <ele>9.6</ele>
   </trkpt>
   <trkpt lat="-37.8462650" lon="144.9711350">
    <ele>9.4</ele>
   </trkpt>
   <trkpt lat="-37.8462200" lon="144.9711050">
    <ele>9.4</ele>
   </trkpt>
   <trkpt lat="-37.8461850" lon="144.9710810">
    <ele>9.0</ele>
   </trkpt>
   <trkpt lat="-37.8461390" lon="144.9710540">
    <ele>8.8</ele>
   </trkpt>
   <trkpt lat="-37.8461040" lon="144.9710260">
    <ele>9.2</ele>
   </trkpt>
   <trkpt lat="-37.8460600" lon="144.9710010">
    <ele>9.4</ele>
   </trkpt>
   <trkpt lat="-37.8460240" lon="144.9709770">
    <ele>9.4</ele>
   </trkpt>
   <trkpt lat="-37.8459820" lon="144.9709570">
    <ele>9.4</ele>
   </trkpt>
   <trkpt lat="-37.8459390" lon="144.9709350">
    <ele>10.4</ele>
   </trkpt>
   <trkpt lat="-37.8458980" lon="144.9709170">
    <ele>10.6</ele>
   </trkpt>
   <trkpt lat="-37.8458510" lon="144.9708940">
    <ele>10.8</ele>
   </trkpt>
   <trkpt lat="-37.8458150" lon="144.9708760">
    <ele>10.6</ele>
   </trkpt>
   <trkpt lat="-37.8457610" lon="144.9708540">
    <ele>10.6</ele>
   </trkpt>
   <trkpt lat="-37.8457220" lon="144.9708340">
    <ele>10.0</ele>
   </trkpt>
   <trkpt lat="-37.8456690" lon="144.9708180">
    <ele>9.2</ele>
   </trkpt>
   <trkpt lat="-37.8456260" lon="144.9707990">
    <ele>9.0</ele>
   </trkpt>
   <trkpt lat="-37.8455760" lon="144.9707840">
    <ele>8.8</ele>
   </trkpt>
   <trkpt lat="-37.8455340" lon="144.9707670">
    <ele>9.2</ele>
   </trkpt>
   <trkpt lat="-37.8454860" lon="144.9707520">
    <ele>10.0</ele>
   </trkpt>
   <trkpt lat="-37.8454370" lon="144.9707380">
    <ele>11.0</ele>
   </trkpt>
   <trkpt lat="-37.8453950" lon="144.9707260">
    <ele>12.0</ele>
   </trkpt>
   <trkpt lat="-37.8453440" lon="144.9707130">
    <ele>12.8</ele>
   </trkpt>
   <trkpt lat="-37.8453040" lon="144.9707050">
    <ele>13.4</ele>
   </trkpt>
   <trkpt lat="-37.8452510" lon="144.9706970">
    <ele>14.4</ele>
   </trkpt>
   <trkpt lat="-37.8452120" lon="144.9706870">
    <ele>13.4</ele>
   </trkpt>
   <trkpt lat="-37.8451580" lon="144.9706820">
    <ele>12.6</ele>
   </trkpt>
   <trkpt lat="-37.8451210" lon="144.9706710">
    <ele>11.4</ele>
   </trkpt>
   <trkpt lat="-37.8450750" lon="144.9706690">
    <ele>10.2</ele>
   </trkpt>
   <trkpt lat="-37.8450370" lon="144.9706630">
    <ele>10.0</ele>
   </trkpt>
   <trkpt lat="-37.8449960" lon="144.9706610">
    <ele>9.2</ele>
   </trkpt>
   <trkpt lat="-37.8449520" lon="144.9706540">
    <ele>8.2</ele>
   </trkpt>
   <trkpt lat="-37.8449130" lon="144.9706540">
    <ele>9.4</ele>
   </trkpt>
   <trkpt lat="-37.8448690" lon="144.9706490">
    <ele>9.8</ele>
   </trkpt>
   <trkpt lat="-37.8448310" lon="144.9706490">
    <ele>10.2</ele>
   </trkpt>
   <trkpt lat="-37.8447810" lon="144.9706490">
    <ele>10.6</ele>
   </trkpt>
   <trkpt lat="-37.8447430" lon="144.9706470">
    <ele>9.8</ele>
   </trkpt>
   <trkpt lat="-37.8446870" lon="144.9706530">
    <ele>8.4</ele>
   </trkpt>
   <trkpt lat="-37.8446460" lon="144.9706470">
    <ele>8.4</ele>
   </trkpt>
   <trkpt lat="-37.8445970" lon="144.9706560">
    <ele>8.2</ele>
   </trkpt>
   <trkpt lat="-37.8445540" lon="144.9706570">
    <ele>8.4</ele>
   </trkpt>
   <trkpt lat="-37.8445110" lon="144.9706650">
    <ele>8.4</ele>
   </trkpt>
   <trkpt lat="-37.8444690" lon="144.9706700">
    <ele>8.4</ele>
   </trkpt>
   <trkpt lat="-37.8444280" lon="144.9706770">
    <ele>8.2</ele>
   </trkpt>
   <trkpt lat="-37.8443830" lon="144.9706840">
    <ele>8.4</ele>
   </trkpt>
   <trkpt lat="-37.8443440" lon="144.9706890">
    <ele>8.2</ele>
   </trkpt>
   <trkpt lat="-37.8442950" lon="144.9706970">
    <ele>7.8</ele>
   </trkpt>
   <trkpt lat="-37.8442600" lon="144.9707050">
    <ele>7.4</ele>
   </trkpt>
   <trkpt lat="-37.8442100" lon="144.9707130">
    <ele>7.4</ele>
   </trkpt>
   <trkpt lat="-37.8441740" lon="144.9707170">
    <ele>7.0</ele>
   </trkpt>
   <trkpt lat="-37.8441250" lon="144.9707290">
    <ele>7.0</ele>
   </trkpt>
   <trkpt lat="-37.8440890" lon="144.9707330">
    <ele>6.6</ele>
   </trkpt>
   <trkpt lat="-37.8440460" lon="144.9707490">
    <ele>6.6</ele>
   </trkpt>
   <trkpt lat="-37.8440080" lon="144.9707570">
    <ele>6.6</ele>
   </trkpt>
   <trkpt lat="-37.8439660" lon="144.9707680">
    <ele>6.4</ele>
   </trkpt>
   <trkpt lat="-37.8439240" lon="144.9707730">
    <ele>6.6</ele>
   </trkpt>
   <trkpt lat="-37.8438860" lon="144.9707820">
    <ele>7.0</ele>
   </trkpt>
   <trkpt lat="-37.8438400" lon="144.9707890">
    <ele>7.2</ele>
   </trkpt>
   <trkpt lat="-37.8438020" lon="144.9707990">
    <ele>7.2</ele>
   </trkpt>
   <trkpt lat="-37.8437540" lon="144.9708110">
    <ele>7.4</ele>
   </trkpt>
   <trkpt lat="-37.8437150" lon="144.9708180">
    <ele>7.8</ele>
   </trkpt>
   <trkpt lat="-37.8436720" lon="144.9708340">
    <ele>7.6</ele>
   </trkpt>
   <trkpt lat="-37.8436340" lon="144.9708480">
    <ele>7.6</ele>
   </trkpt>
   <trkpt lat="-37.8435780" lon="144.9708670">
    <ele>8.0</ele>
   </trkpt>
   <trkpt lat="-37.8435410" lon="144.9708730">
    <ele>8.6</ele>
   </trkpt>
   <trkpt lat="-37.8434930" lon="144.9708870">
    <ele>8.8</ele>
   </trkpt>
   <trkpt lat="-37.8434560" lon="144.9708940">
    <ele>9.6</ele>
   </trkpt>
   <trkpt lat="-37.8434140" lon="144.9709150">
    <ele>9.8</ele>
   </trkpt>
   <trkpt lat="-37.8433760" lon="144.9709280">
    <ele>9.8</ele>
   </trkpt>
   <trkpt lat="-37.8433350" lon="144.9709440">
    <ele>10.2</ele>
   </trkpt>
   <trkpt lat="-37.8432920" lon="144.9709560">
    <ele>9.8</ele>
   </trkpt>
   <trkpt lat="-37.8432510" lon="144.9709720">
    <ele>9.4</ele>
   </trkpt>
   <trkpt lat="-37.8432060" lon="144.9709930">
    <ele>9.0</ele>
   </trkpt>
   <trkpt lat="-37.8431680" lon="144.9710130">
    <ele>8.4</ele>
   </trkpt>
   <trkpt lat="-37.8431200" lon="144.9710320">
    <ele>8.4</ele>
   </trkpt>
   <trkpt lat="-37.8430860" lon="144.9710480">
    <ele>8.4</ele>
   </trkpt>
   <trkpt lat="-37.8430370" lon="144.9710710">
    <ele>8.4</ele>
   </trkpt>
   <trkpt lat="-37.8430000" lon="144.9710840">
    <ele>8.4</ele>
   </trkpt>
   <trkpt lat="-37.8429600" lon="144.9711120">
    <ele>8.6</ele>
   </trkpt>
   <trkpt lat="-37.8429230" lon="144.9711240">
    <ele>8.6</ele>
   </trkpt>
   <trkpt lat="-37.8428790" lon="144.9711460">
    <ele>8.6</ele>
   </trkpt>
   <trkpt lat="-37.8428410" lon="144.9711620">
    <ele>8.2</ele>
   </trkpt>
   <trkpt lat="-37.8428030" lon="144.9711850">
    <ele>7.8</ele>
   </trkpt>
   <trkpt lat="-37.8427680" lon="144.9712020">
    <ele>8.0</ele>
   </trkpt>
   <trkpt lat="-37.8427300" lon="144.9712240">
    <ele>8.0</ele>
   </trkpt>
   <trkpt lat="-37.8426910" lon="144.9712430">
    <ele>8.2</ele>
   </trkpt>
   <trkpt lat="-37.8426580" lon="144.9712640">
    <ele>8.4</ele>
   </trkpt>
   <trkpt lat="-37.8426200" lon="144.9712870">
    <ele>8.4</ele>
   </trkpt>
   <trkpt lat="-37.8425860" lon="144.9713070">
    <ele>8.2</ele>
   </trkpt>
   <trkpt lat="-37.8425460" lon="144.9713300">
    <ele>8.2</ele>
   </trkpt>
   <trkpt lat="-37.8425130" lon="144.9713490">
    <ele>6.8</ele>
   </trkpt>
   <trkpt lat="-37.8424660" lon="144.9713740">
    <ele>6.6</ele>
   </trkpt>
   <trkpt lat="-37.8424330" lon="144.9713940">
    <ele>7.2</ele>
   </trkpt>
   <trkpt lat="-37.8423850" lon="144.9714180">
    <ele>7.6</ele>
   </trkpt>
   <trkpt lat="-37.8423490" lon="144.9714330">
    <ele>8.2</ele>
   </trkpt>
   <trkpt lat="-37.8423000" lon="144.9714550">
    <ele>8.6</ele>
   </trkpt>
   <trkpt lat="-37.8422650" lon="144.9714640">
    <ele>9.2</ele>
   </trkpt>
   <trkpt lat="-37.8422190" lon="144.9714850">
    <ele>9.2</ele>
   </trkpt>
   <trkpt lat="-37.8421840" lon="144.9714950">
    <ele>9.2</ele>
   </trkpt>
   <trkpt lat="-37.8421410" lon="144.9715190">
    <ele>9.4</ele>
   </trkpt>
   <trkpt lat="-37.8421000" lon="144.9715300">
    <ele>9.4</ele>
   </trkpt>
   <trkpt lat="-37.8420600" lon="144.9715440">
    <ele>9.4</ele>
   </trkpt>
   <trkpt lat="-37.8420180" lon="144.9715550">
    <ele>9.2</ele>
   </trkpt>
   <trkpt lat="-37.8419780" lon="144.9715700">
    <ele>9.2</ele>
   </trkpt>
   <trkpt lat="-37.8419330" lon="144.9715830">
    <ele>9.2</ele>
   </trkpt>
   <trkpt lat="-37.8418940" lon="144.9715960">
    <ele>9.0</ele>
   </trkpt>
   <trkpt lat="-37.8418470" lon="144.9716060">
    <ele>9.2</ele>
   </trkpt>
   <trkpt lat="-37.8418110" lon="144.9716180">
    <ele>9.2</ele>
   </trkpt>
   <trkpt lat="-37.8417590" lon="144.9716300">
    <ele>9.4</ele>
   </trkpt>
   <trkpt lat="-37.8417220" lon="144.9716380">
    <ele>9.4</ele>
   </trkpt>
   <trkpt lat="-37.8416710" lon="144.9716470">
    <ele>9.4</ele>
   </trkpt>
   <trkpt lat="-37.8416340" lon="144.9716480">
    <ele>9.6</ele>
   </trkpt>
   <trkpt lat="-37.8415850" lon="144.9716530">
    <ele>9.6</ele>
   </trkpt>
   <trkpt lat="-37.8415480" lon="144.9716480">
    <ele>9.6</ele>
   </trkpt>
   <trkpt lat="-37.8415010" lon="144.9716530">
    <ele>9.6</ele>
   </trkpt>
   <trkpt lat="-37.8414610" lon="144.9716510">
    <ele>9.6</ele>
   </trkpt>
   <trkpt lat="-37.8414150" lon="144.9716600">
    <ele>9.8</ele>
   </trkpt>
   <trkpt lat="-37.8413720" lon="144.9716570">
    <ele>9.6</ele>
   </trkpt>
   <trkpt lat="-37.8413270" lon="144.9716570">
    <ele>8.8</ele>
   </trkpt>
   <trkpt lat="-37.8412800" lon="144.9716540">
    <ele>8.4</ele>
   </trkpt>
   <trkpt lat="-37.8412420" lon="144.9716580">
    <ele>8.2</ele>
   </trkpt>
   <trkpt lat="-37.8411930" lon="144.9716520">
    <ele>7.8</ele>
   </trkpt>
   <trkpt lat="-37.8411540" lon="144.9716510">
    <ele>8.0</ele>
   </trkpt>
   <trkpt lat="-37.8411050" lon="144.9716480">
    <ele>8.6</ele>
   </trkpt>
   <trkpt lat="-37.8410680" lon="144.9716410">
    <ele>9.6</ele>
   </trkpt>
   <trkpt lat="-37.8410250" lon="144.9716320">
    <ele>9.4</ele>
   </trkpt>
   <trkpt lat="-37.8409900" lon="144.9716210">
    <ele>9.6</ele>
   </trkpt>
   <trkpt lat="-37.8409450" lon="144.9716140">
    <ele>9.6</ele>
   </trkpt>
   <trkpt lat="-37.8409090" lon="144.9716060">
    <ele>9.6</ele>
   </trkpt>
   <trkpt lat="-37.8408630" lon="144.9715980">
    <ele>10.0</ele>
   </trkpt>
   <trkpt lat="-37.8408270" lon="144.9715840">
    <ele>10.2</ele>
   </trkpt>
   <trkpt lat="-37.8407790" lon="144.9715800">
    <ele>10.6</ele>
   </trkpt>
   <trkpt lat="-37.8407350" lon="144.9715700">
    <ele>11.0</ele>
   </trkpt>
   <trkpt lat="-37.8406930" lon="144.9715660">
    <ele>11.4</ele>
   </trkpt>
   <trkpt lat="-37.8406480" lon="144.9715560">
    <ele>11.2</ele>
   </trkpt>
   <trkpt lat="-37.8406070" lon="144.9715490">
    <ele>11.2</ele>
   </trkpt>
   <trkpt lat="-37.8405540" lon="144.9715380">
    <ele>11.0</ele>
   </trkpt>
   <trkpt lat="-37.8405120" lon="144.9715280">
    <ele>10.4</ele>
   </trkpt>
   <trkpt lat="-37.8404650" lon="144.9715220">
    <ele>9.6</ele>
   </trkpt>
   <trkpt lat="-37.8404290" lon="144.9715140">
    <ele>9.4</ele>
   </trkpt>
   <trkpt lat="-37.8403790" lon="144.9715030">
    <ele>9.0</ele>
   </trkpt>
   <trkpt lat="-37.8403450" lon="144.9714880">
    <ele>8.8</ele>
   </trkpt>
   <trkpt lat="-37.8402970" lon="144.9714830">
    <ele>8.4</ele>
   </trkpt>
   <trkpt lat="-37.8402590" lon="144.9714690">
    <ele>10.8</ele>
   </trkpt>
   <trkpt lat="-37.8402120" lon="144.9714630">
    <ele>11.4</ele>
   </trkpt>
   <trkpt lat="-37.8401710" lon="144.9714520">
    <ele>11.8</ele>
   </trkpt>
   <trkpt lat="-37.8401250" lon="144.9714500">
    <ele>11.8</ele>
   </trkpt>
   <trkpt lat="-37.8400830" lon="144.9714390">
    <ele>11.6</ele>
   </trkpt>
   <trkpt lat="-37.8400400" lon="144.9714320">
    <ele>11.8</ele>
   </trkpt>
   <trkpt lat="-37.8399950" lon="144.9714160">
    <ele>11.4</ele>
   </trkpt>
   <trkpt lat="-37.8399560" lon="144.9714040">
    <ele>11.0</ele>
   </trkpt>
   <trkpt lat="-37.8399080" lon="144.9713900">
    <ele>10.6</ele>
   </trkpt>
   <trkpt lat="-37.8398700" lon="144.9713800">
    <ele>10.4</ele>
   </trkpt>
   <trkpt lat="-37.8398210" lon="144.9713630">
    <ele>10.8</ele>
   </trkpt>
   <trkpt lat="-37.8397840" lon="144.9713470">
    <ele>10.8</ele>
   </trkpt>
   <trkpt lat="-37.8397400" lon="144.9713320">
    <ele>10.8</ele>
   </trkpt>
   <trkpt lat="-37.8397040" lon="144.9713080">
    <ele>10.8</ele>
   </trkpt>
   <trkpt lat="-37.8396580" lon="144.9712880">
    <ele>10.6</ele>
   </trkpt>
   <trkpt lat="-37.8396220" lon="144.9712680">
    <ele>10.6</ele>
   </trkpt>
   <trkpt lat="-37.8395760" lon="144.9712460">
    <ele>10.4</ele>
   </trkpt>
   <trkpt lat="-37.8395380" lon="144.9712210">
    <ele>10.6</ele>
   </trkpt>
   <trkpt lat="-37.8394950" lon="144.9711950">
    <ele>10.6</ele>
   </trkpt>
   <trkpt lat="-37.8394550" lon="144.9711620">
    <ele>10.6</ele>
   </trkpt>
   <trkpt lat="-37.8394210" lon="144.9711360">
    <ele>10.6</ele>
   </trkpt>
   <trkpt lat="-37.8393750" lon="144.9711020">
    <ele>10.4</ele>
   </trkpt>
   <trkpt lat="-37.8393420" lon="144.9710740">
    <ele>10.4</ele>
   </trkpt>
   <trkpt lat="-37.8392970" lon="144.9710390">
    <ele>10.6</ele>
   </trkpt>
   <trkpt lat="-37.8392670" lon="144.9710090">
    <ele>10.8</ele>
   </trkpt>
   <trkpt lat="-37.8392230" lon="144.9709720">
    <ele>11.6</ele>
   </trkpt>
   <trkpt lat="-37.8391910" lon="144.9709370">
    <ele>12.0</ele>
   </trkpt>
   <trkpt lat="-37.8391510" lon="144.9709000">
    <ele>11.6</ele>
   </trkpt>
   <trkpt lat="-37.8391240" lon="144.9708600">
    <ele>11.0</ele>
   </trkpt>
   <trkpt lat="-37.8390900" lon="144.9708210">
    <ele>10.8</ele>
   </trkpt>
   <trkpt lat="-37.8390610" lon="144.9707770">
    <ele>10.4</ele>
   </trkpt>
   <trkpt lat="-37.8390290" lon="144.9707360">
    <ele>10.4</ele>
   </trkpt>
   <trkpt lat="-37.8389970" lon="144.9706900">
    <ele>10.8</ele>
   </trkpt>
   <trkpt lat="-37.8389730" lon="144.9706490">
    <ele>11.0</ele>
   </trkpt>
   <trkpt lat="-37.8389400" lon="144.9705940">
    <ele>10.8</ele>
   </trkpt>
   <trkpt lat="-37.8389180" lon="144.9705500">
    <ele>10.4</ele>
   </trkpt>
   <trkpt lat="-37.8388870" lon="144.9704960">
    <ele>10.0</ele>
   </trkpt>
   <trkpt lat="-37.8388620" lon="144.9704460">
    <ele>10.0</ele>
   </trkpt>
   <trkpt lat="-37.8388310" lon="144.9703960">
    <ele>10.0</ele>
   </trkpt>
   <trkpt lat="-37.8388070" lon="144.9703440">
    <ele>10.0</ele>
   </trkpt>
   <trkpt lat="-37.8387810" lon="144.9702940">
    <ele>9.8</ele>
   </trkpt>
   <trkpt lat="-37.8387600" lon="144.9702430">
    <ele>9.6</ele>
   </trkpt>
   <trkpt lat="-37.8387400" lon="144.9701950">
    <ele>9.6</ele>
   </trkpt>
   <trkpt lat="-37.8387220" lon="144.9701430">
    <ele>9.6</ele>
   </trkpt>
   <trkpt lat="-37.8387070" lon="144.9700930">
    <ele>9.6</ele>
   </trkpt>
   <trkpt lat="-37.8386900" lon="144.9700320">
    <ele>9.6</ele>
   </trkpt>
   <trkpt lat="-37.8386770" lon="144.9699830">
    <ele>9.6</ele>
   </trkpt>
   <trkpt lat="-37.8386610" lon="144.9699230">
    <ele>10.0</ele>
   </trkpt>
   <trkpt lat="-37.8386510" lon="144.9698760">
    <ele>10.6</ele>
   </trkpt>
   <trkpt lat="-37.8386350" lon="144.9698140">
    <ele>10.8</ele>
   </trkpt>
   <trkpt lat="-37.8386280" lon="144.9697630">
    <ele>10.8</ele>
   </trkpt>
   <trkpt lat="-37.8386130" lon="144.9697040">
    <ele>11.4</ele>
   </trkpt>
   <trkpt lat="-37.8386060" lon="144.9696530">
    <ele>11.4</ele>
   </trkpt>
   <trkpt lat="-37.8385920" lon="144.9695940">
    <ele>11.0</ele>
   </trkpt>
   <trkpt lat="-37.8385840" lon="144.9695370">
    <ele>11.2</ele>
   </trkpt>
   <trkpt lat="-37.8385750" lon="144.9694800">
    <ele>11.0</ele>
   </trkpt>
   <trkpt lat="-37.8385660" lon="144.9694180">
    <ele>11.0</ele>
   </trkpt>
   <trkpt lat="-37.8385610" lon="144.9693660">
    <ele>10.8</ele>
   </trkpt>
   <trkpt lat="-37.8385540" lon="144.9693040">
    <ele>11.0</ele>
   </trkpt>
   <trkpt lat="-37.8385460" lon="144.9692530">
    <ele>11.2</ele>
   </trkpt>
   <trkpt lat="-37.8385370" lon="144.9691900">
    <ele>11.2</ele>
   </trkpt>
   <trkpt lat="-37.8385290" lon="144.9691390">
    <ele>11.0</ele>
   </trkpt>
   <trkpt lat="-37.8385130" lon="144.9690790">
    <ele>10.6</ele>
   </trkpt>
   <trkpt lat="-37.8385040" lon="144.9690270">
    <ele>10.2</ele>
   </trkpt>
   <trkpt lat="-37.8384860" lon="144.9689670">
    <ele>10.0</ele>
   </trkpt>
   <trkpt lat="-37.8384710" lon="144.9689120">
    <ele>9.8</ele>
   </trkpt>
   <trkpt lat="-37.8384520" lon="144.9688580">
    <ele>9.6</ele>
   </trkpt>
   <trkpt lat="-37.8384360" lon="144.9687990">
    <ele>9.8</ele>
   </trkpt>
   <trkpt lat="-37.8384160" lon="144.9687480">
    <ele>10.0</ele>
   </trkpt>
   <trkpt lat="-37.8383970" lon="144.9686880">
    <ele>10.0</ele>
   </trkpt>
   <trkpt lat="-37.8383800" lon="144.9686380">
    <ele>9.8</ele>
   </trkpt>
   <trkpt lat="-37.8383620" lon="144.9685770">
    <ele>9.8</ele>
   </trkpt>
   <trkpt lat="-37.8383490" lon="144.9685290">
    <ele>9.8</ele>
   </trkpt>
   <trkpt lat="-37.8383210" lon="144.9684690">
    <ele>9.6</ele>
   </trkpt>
   <trkpt lat="-37.8383020" lon="144.9684220">
    <ele>9.6</ele>
   </trkpt>
   <trkpt lat="-37.8382760" lon="144.9683680">
    <ele>9.6</ele>
   </trkpt>
   <trkpt lat="-37.8382560" lon="144.9683170">
    <ele>9.6</ele>
   </trkpt>
   <trkpt lat="-37.8382290" lon="144.9682660">
    <ele>9.4</ele>
   </trkpt>
   <trkpt lat="-37.8382040" lon="144.9682130">
    <ele>9.2</ele>
   </trkpt>
   <trkpt lat="-37.8381820" lon="144.9681650">
    <ele>9.0</ele>
   </trkpt>
   <trkpt lat="-37.8381570" lon="144.9681050">
    <ele>9.0</ele>
   </trkpt>
   <trkpt lat="-37.8381430" lon="144.9680550">
    <ele>8.8</ele>
   </trkpt>
   <trkpt lat="-37.8381270" lon="144.9679890">
    <ele>8.8</ele>
   </trkpt>
   <trkpt lat="-37.8381200" lon="144.9679350">
    <ele>8.8</ele>
   </trkpt>
   <trkpt lat="-37.8381110" lon="144.9678710">
    <ele>8.8</ele>
   </trkpt>
   <trkpt lat="-37.8381120" lon="144.9678110">
    <ele>9.0</ele>
   </trkpt>
   <trkpt lat="-37.8381130" lon="144.9677530">
    <ele>9.0</ele>
   </trkpt>
   <trkpt lat="-37.8381270" lon="144.9676930">
    <ele>9.0</ele>
   </trkpt>
   <trkpt lat="-37.8381380" lon="144.9676430">
    <ele>8.8</ele>
   </trkpt>
   <trkpt lat="-37.8381630" lon="144.9675830">
    <ele>8.6</ele>
   </trkpt>
   <trkpt lat="-37.8381840" lon="144.9675350">
    <ele>8.4</ele>
   </trkpt>
   <trkpt lat="-37.8382080" lon="144.9674790">
    <ele>8.2</ele>
   </trkpt>
   <trkpt lat="-37.8382270" lon="144.9674270">
    <ele>8.0</ele>
   </trkpt>
   <trkpt lat="-37.8382480" lon="144.9673690">
    <ele>8.0</ele>
   </trkpt>
   <trkpt lat="-37.8382720" lon="144.9673160">
    <ele>8.0</ele>
   </trkpt>
   <trkpt lat="-37.8382890" lon="144.9672630">
    <ele>8.2</ele>
   </trkpt>
   <trkpt lat="-37.8383120" lon="144.9672100">
    <ele>8.2</ele>
   </trkpt>
   <trkpt lat="-37.8383280" lon="144.9671610">
    <ele>8.2</ele>
   </trkpt>
   <trkpt lat="-37.8383560" lon="144.9670920">
    <ele>8.0</ele>
   </trkpt>
   <trkpt lat="-37.8383800" lon="144.9670410">
    <ele>8.0</ele>
   </trkpt>
   <trkpt lat="-37.8384080" lon="144.9669800">
    <ele>8.0</ele>
   </trkpt>
   <trkpt lat="-37.8384280" lon="144.9669330">
    <ele>8.0</ele>
   </trkpt>
   <trkpt lat="-37.8384410" lon="144.9668740">
    <ele>8.0</ele>
   </trkpt>
   <trkpt lat="-37.8384620" lon="144.9668220">
    <ele>8.2</ele>
   </trkpt>
   <trkpt lat="-37.8384750" lon="144.9667700">
    <ele>8.2</ele>
   </trkpt>
   <trkpt lat="-37.8384960" lon="144.9667120">
    <ele>8.0</ele>
   </trkpt>
   <trkpt lat="-37.8385130" lon="144.9666630">
    <ele>8.0</ele>
   </trkpt>
   <trkpt lat="-37.8385340" lon="144.9666000">
    <ele>8.2</ele>
   </trkpt>
   <trkpt lat="-37.8385470" lon="144.9665510">
    <ele>8.2</ele>
   </trkpt>
   <trkpt lat="-37.8385670" lon="144.9664900">
    <ele>8.2</ele>
   </trkpt>
   <trkpt lat="-37.8385880" lon="144.9664410">
    <ele>8.2</ele>
   </trkpt>
   <trkpt lat="-37.8386040" lon="144.9663810">
    <ele>8.2</ele>
   </trkpt>
   <trkpt lat="-37.8386250" lon="144.9663250">
    <ele>8.2</ele>
   </trkpt>
   <trkpt lat="-37.8386420" lon="144.9662680">
    <ele>8.2</ele>
   </trkpt>
   <trkpt lat="-37.8386620" lon="144.9662070">
    <ele>8.2</ele>
   </trkpt>
   <trkpt lat="-37.8386770" lon="144.9661520">
    <ele>8.2</ele>
   </trkpt>
   <trkpt lat="-37.8387010" lon="144.9660880">
    <ele>8.4</ele>
   </trkpt>
   <trkpt lat="-37.8387230" lon="144.9660420">
    <ele>8.6</ele>
   </trkpt>
   <trkpt lat="-37.8387380" lon="144.9659780">
    <ele>9.0</ele>
   </trkpt>
   <trkpt lat="-37.8387560" lon="144.9659290">
    <ele>9.2</ele>
   </trkpt>
   <trkpt lat="-37.8387720" lon="144.9658710">
    <ele>9.4</ele>
   </trkpt>
   <trkpt lat="-37.8387920" lon="144.9658180">
    <ele>9.4</ele>
   </trkpt>
   <trkpt lat="-37.8388100" lon="144.9657640">
    <ele>9.6</ele>
   </trkpt>
   <trkpt lat="-37.8388330" lon="144.9656990">
    <ele>9.6</ele>
   </trkpt>
   <trkpt lat="-37.8388500" lon="144.9656480">
    <ele>9.8</ele>
   </trkpt>
   <trkpt lat="-37.8388710" lon="144.9655830">
    <ele>9.8</ele>
   </trkpt>
   <trkpt lat="-37.8388880" lon="144.9655380">
    <ele>9.6</ele>
   </trkpt>
   <trkpt lat="-37.8389080" lon="144.9654800">
    <ele>9.8</ele>
   </trkpt>
   <trkpt lat="-37.8389290" lon="144.9654340">
    <ele>9.6</ele>
   </trkpt>
   <trkpt lat="-37.8389450" lon="144.9653770">
    <ele>9.4</ele>
   </trkpt>
   <trkpt lat="-37.8389710" lon="144.9653230">
    <ele>9.4</ele>
   </trkpt>
   <trkpt lat="-37.8389930" lon="144.9652730">
    <ele>9.2</ele>
   </trkpt>
   <trkpt lat="-37.8390200" lon="144.9652130">
    <ele>9.0</ele>
   </trkpt>
   <trkpt lat="-37.8390410" lon="144.9651690">
    <ele>8.8</ele>
   </trkpt>
   <trkpt lat="-37.8390650" lon="144.9651170">
    <ele>8.4</ele>
   </trkpt>
   <trkpt lat="-37.8390930" lon="144.9650700">
    <ele>8.2</ele>
   </trkpt>
   <trkpt lat="-37.8391210" lon="144.9650180">
    <ele>8.2</ele>
   </trkpt>
   <trkpt lat="-37.8391570" lon="144.9649600">
    <ele>8.0</ele>
   </trkpt>
   <trkpt lat="-37.8391840" lon="144.9649110">
    <ele>8.0</ele>
   </trkpt>
   <trkpt lat="-37.8392120" lon="144.9648550">
    <ele>8.0</ele>
   </trkpt>
   <trkpt lat="-37.8392410" lon="144.9648130">
    <ele>8.2</ele>
   </trkpt>
   <trkpt lat="-37.8392660" lon="144.9647580">
    <ele>8.2</ele>
   </trkpt>
   <trkpt lat="-37.8392990" lon="144.9647080">
    <ele>8.2</ele>
   </trkpt>
   <trkpt lat="-37.8393270" lon="144.9646610">
    <ele>8.2</ele>
   </trkpt>
   <trkpt lat="-37.8393610" lon="144.9646020">
    <ele>8.2</ele>
   </trkpt>
   <trkpt lat="-37.8393910" lon="144.9645560">
    <ele>8.4</ele>
   </trkpt>
   <trkpt lat="-37.8394280" lon="144.9645020">
    <ele>8.4</ele>
   </trkpt>
   <trkpt lat="-37.8394560" lon="144.9644560">
    <ele>8.2</ele>
   </trkpt>
   <trkpt lat="-37.8394830" lon="144.9643990">
    <ele>8.0</ele>
   </trkpt>
   <trkpt lat="-37.8395180" lon="144.9643410">
    <ele>8.0</ele>
   </trkpt>
   <trkpt lat="-37.8395430" lon="144.9642950">
    <ele>7.8</ele>
   </trkpt>
   <trkpt lat="-37.8395760" lon="144.9642380">
    <ele>7.6</ele>
   </trkpt>
   <trkpt lat="-37.8395970" lon="144.9641930">
    <ele>7.6</ele>
   </trkpt>
   <trkpt lat="-37.8396260" lon="144.9641330">
    <ele>7.4</ele>
   </trkpt>
   <trkpt lat="-37.8396570" lon="144.9640770">
    <ele>7.4</ele>
   </trkpt>
   <trkpt lat="-37.8396820" lon="144.9640230">
    <ele>7.2</ele>
   </trkpt>
   <trkpt lat="-37.8397160" lon="144.9639560">
    <ele>7.2</ele>
   </trkpt>
   <trkpt lat="-37.8397490" lon="144.9639120">
    <ele>7.0</ele>
   </trkpt>
   <trkpt lat="-37.8397890" lon="144.9638630">
    <ele>7.0</ele>
   </trkpt>
   <trkpt lat="-37.8398420" lon="144.9638170">
    <ele>6.8</ele>
   </trkpt>
   <trkpt lat="-37.8398880" lon="144.9637910">
    <ele>6.6</ele>
   </trkpt>
   <trkpt lat="-37.8399420" lon="144.9637610">
    <ele>6.4</ele>
   </trkpt>
   <trkpt lat="-37.8399970" lon="144.9637440">
    <ele>6.2</ele>
   </trkpt>
   <trkpt lat="-37.8400460" lon="144.9637390">
    <ele>6.2</ele>
   </trkpt>
   <trkpt lat="-37.8401030" lon="144.9637400">
    <ele>6.0</ele>
   </trkpt>
   <trkpt lat="-37.8401550" lon="144.9637450">
    <ele>6.2</ele>
   </trkpt>
   <trkpt lat="-37.8402050" lon="144.9637420">
    <ele>6.4</ele>
   </trkpt>
   <trkpt lat="-37.8402670" lon="144.9637470">
    <ele>6.4</ele>
   </trkpt>
   <trkpt lat="-37.8403180" lon="144.9637550">
    <ele>6.4</ele>
   </trkpt>
   <trkpt lat="-37.8403740" lon="144.9637480">
    <ele>6.4</ele>
   </trkpt>
   <trkpt lat="-37.8404410" lon="144.9637550">
    <ele>6.4</ele>
   </trkpt>
   <trkpt lat="-37.8404930" lon="144.9637620">
    <ele>6.4</ele>
   </trkpt>
   <trkpt lat="-37.8405450" lon="144.9637540">
    <ele>6.6</ele>
   </trkpt>
   <trkpt lat="-37.8406090" lon="144.9637660">
    <ele>6.6</ele>
   </trkpt>
   <trkpt lat="-37.8406660" lon="144.9637840">
    <ele>6.6</ele>
   </trkpt>
   <trkpt lat="-37.8407210" lon="144.9637920">
    <ele>6.4</ele>
   </trkpt>
   <trkpt lat="-37.8407870" lon="144.9638140">
    <ele>6.2</ele>
   </trkpt>
   <trkpt lat="-37.8408450" lon="144.9638400">
    <ele>5.8</ele>
   </trkpt>
   <trkpt lat="-37.8408990" lon="144.9638530">
    <ele>5.6</ele>
   </trkpt>
   <trkpt lat="-37.8409630" lon="144.9638680">
    <ele>5.4</ele>
   </trkpt>
   <trkpt lat="-37.8410070" lon="144.9638850">
    <ele>5.4</ele>
   </trkpt>
  </trkseg>
 </trk>
</gpx>
