<?xml version="1.0" encoding="UTF-8"?>
<gpx creator="Garmin Connect" version="1.1"
  xsi:schemaLocation="http://www.topografix.com/GPX/1/1 http://www.topografix.com/GPX/11.xsd"
  xmlns:ns3="http://www.garmin.com/xmlschemas/TrackPointExtension/v1"
  xmlns="http://www.topografix.com/GPX/1/1"
  xmlns:xsi="http://www.w3.org/2001/XMLSchema-instance" xmlns:ns2="http://www.garmin.com/xmlschemas/GpxExtensions/v3">
  <metadata>
    <name>Two Bays 56k</name>
    <link href="connect.garmin.com">
      <text>Garmin Connect</text>
    </link>
    <time>2024-01-20T03:06:14.000Z</time>
  </metadata>
  <trk>
    <name>Two Bays 56k</name>
    <trkseg>
      <trkpt lat="-38.49306930787861" lon="144.88849922083318">
        <ele>80.0</ele>
        <time>2024-01-20T03:06:14.000Z</time>
      </trkpt>
      <trkpt lat="-38.49309847690165" lon="144.88890884444118">
        <ele>79.0</ele>
        <time>2024-01-20T03:06:14.018Z</time>
      </trkpt>
      <trkpt lat="-38.49319671280682" lon="144.8892773129046">
        <ele>79.0</ele>
        <time>2024-01-20T03:06:14.053Z</time>
      </trkpt>
      <trkpt lat="-38.49333853460848" lon="144.88964963704348">
        <ele>79.0</ele>
        <time>2024-01-20T03:06:14.106Z</time>
      </trkpt>
      <trkpt lat="-38.49333928897977" lon="144.889732953161">
        <ele>79.0</ele>
        <time>2024-01-20T03:06:14.163Z</time>
      </trkpt>
      <trkpt lat="-38.49331749603152" lon="144.8898032773286">
        <ele>79.0</ele>
        <time>2024-01-20T03:06:14.223Z</time>
      </trkpt>
      <trkpt lat="-38.49310384131968" lon="144.89001139998436">
        <ele>79.0</ele>
        <time>2024-01-20T03:06:14.298Z</time>
      </trkpt>
      <trkpt lat="-38.49303921684623" lon="144.89010075107217">
        <ele>79.0</ele>
        <time>2024-01-20T03:06:14.378Z</time>
      </trkpt>
      <trkpt lat="-38.4929664619267" lon="144.89024475216866">
        <ele>79.0</ele>
        <time>2024-01-20T03:06:14.466Z</time>
      </trkpt>
      <trkpt lat="-38.49287434481084" lon="144.89034826867282">
        <ele>79.0</ele>
        <time>2024-01-20T03:06:14.561Z</time>
      </trkpt>
      <trkpt lat="-38.49283277057111" lon="144.8903880827129">
        <ele>79.0</ele>
        <time>2024-01-20T03:06:14.659Z</time>
      </trkpt>
      <trkpt lat="-38.49280494265258" lon="144.8903772700578">
        <ele>79.0</ele>
        <time>2024-01-20T03:06:14.758Z</time>
      </trkpt>
      <trkpt lat="-38.49281248636544" lon="144.89038724452257">
        <ele>79.0</ele>
        <time>2024-01-20T03:06:14.858Z</time>
      </trkpt>
      <trkpt lat="-38.492705365642905" lon="144.89041046239436">
        <ele>79.0</ele>
        <time>2024-01-20T03:06:14.964Z</time>
      </trkpt>
      <trkpt lat="-38.49259824492037" lon="144.89048941992223">
        <ele>79.0</ele>
        <time>2024-01-20T03:06:15.077Z</time>
      </trkpt>
      <trkpt lat="-38.49254376254976" lon="144.89055739715695">
        <ele>79.0</ele>
        <time>2024-01-20T03:06:15.194Z</time>
      </trkpt>
      <trkpt lat="-38.49246765486896" lon="144.89061322063208">
        <ele>79.0</ele>
        <time>2024-01-20T03:06:15.316Z</time>
      </trkpt>
      <trkpt lat="-38.4923895355314" lon="144.89077943377197">
        <ele>79.0</ele>
        <time>2024-01-20T03:06:15.446Z</time>
      </trkpt>
      <trkpt lat="-38.492324156686664" lon="144.89084933884442">
        <ele>79.0</ele>
        <time>2024-01-20T03:06:15.581Z</time>
      </trkpt>
      <trkpt lat="-38.49223715253174" lon="144.89091362804174">
        <ele>80.4</ele>
        <time>2024-01-20T03:06:15.722Z</time>
      </trkpt>
      <trkpt lat="-38.492129780352116" lon="144.89092720672488">
        <ele>80.4</ele>
        <time>2024-01-20T03:06:15.869Z</time>
      </trkpt>
      <trkpt lat="-38.49200698547065" lon="144.89104782231152">
        <ele>80.4</ele>
        <time>2024-01-20T03:06:16.024Z</time>
      </trkpt>
      <trkpt lat="-38.491886369884014" lon="144.89121990278363">
        <ele>80.4</ele>
        <time>2024-01-20T03:06:16.189Z</time>
      </trkpt>
      <trkpt lat="-38.4918041434139" lon="144.89146809093654">
        <ele>80.4</ele>
        <time>2024-01-20T03:06:16.366Z</time>
      </trkpt>
      <trkpt lat="-38.491766173392534" lon="144.89189657382667">
        <ele>80.4</ele>
        <time>2024-01-20T03:06:16.562Z</time>
      </trkpt>
      <trkpt lat="-38.49178561940789" lon="144.89221676252782">
        <ele>80.4</ele>
        <time>2024-01-20T03:06:16.772Z</time>
      </trkpt>
      <trkpt lat="-38.491825852543116" lon="144.8923589196056">
        <ele>80.4</ele>
        <time>2024-01-20T03:06:16.989Z</time>
      </trkpt>
      <trkpt lat="-38.491897601634264" lon="144.8924733325839">
        <ele>80.4</ele>
        <time>2024-01-20T03:06:17.212Z</time>
      </trkpt>
      <trkpt lat="-38.491896176710725" lon="144.89253871142864">
        <ele>80.4</ele>
        <time>2024-01-20T03:06:17.438Z</time>
      </trkpt>
      <trkpt lat="-38.49172736518085" lon="144.89275672473013">
        <ele>80.4</ele>
        <time>2024-01-20T03:06:17.677Z</time>
      </trkpt>
      <trkpt lat="-38.491584956645966" lon="144.89302268251777">
        <ele>80.4</ele>
        <time>2024-01-20T03:06:17.931Z</time>
      </trkpt>
      <trkpt lat="-38.49154204130173" lon="144.8930624127388">
        <ele>80.4</ele>
        <time>2024-01-20T03:06:18.187Z</time>
      </trkpt>
      <trkpt lat="-38.49128413014114" lon="144.89321739412844">
        <ele>80.4</ele>
        <time>2024-01-20T03:06:18.459Z</time>
      </trkpt>
      <trkpt lat="-38.49091088399291" lon="144.89383061416447">
        <ele>80.4</ele>
        <time>2024-01-20T03:06:18.765Z</time>
      </trkpt>
      <trkpt lat="-38.490774845704436" lon="144.89421903155744">
        <ele>80.4</ele>
        <time>2024-01-20T03:06:19.090Z</time>
      </trkpt>
      <trkpt lat="-38.49077266640961" lon="144.89434333518147">
        <ele>80.4</ele>
        <time>2024-01-20T03:06:19.420Z</time>
      </trkpt>
      <trkpt lat="-38.4907232131809" lon="144.89454844035208">
        <ele>80.4</ele>
        <time>2024-01-20T03:06:19.760Z</time>
      </trkpt>
      <trkpt lat="-38.49071340635419" lon="144.8947995621711">
        <ele>80.4</ele>
        <time>2024-01-20T03:06:20.111Z</time>
      </trkpt>
      <trkpt lat="-38.49081558175385" lon="144.89533189684153">
        <ele>80.4</ele>
        <time>2024-01-20T03:06:20.486Z</time>
      </trkpt>
      <trkpt lat="-38.49081843160093" lon="144.8956011235714">
        <ele>80.4</ele>
        <time>2024-01-20T03:06:20.872Z</time>
      </trkpt>
      <trkpt lat="-38.49084869027138" lon="144.89574168808758">
        <ele>80.4</ele>
        <time>2024-01-20T03:06:21.265Z</time>
      </trkpt>
      <trkpt lat="-38.490865202620625" lon="144.8959483858198">
        <ele>80.4</ele>
        <time>2024-01-20T03:06:21.667Z</time>
      </trkpt>
      <trkpt lat="-38.49082329310477" lon="144.89621317014098">
        <ele>80.4</ele>
        <time>2024-01-20T03:06:22.081Z</time>
      </trkpt>
      <trkpt lat="-38.4907784499228" lon="144.89673871546984">
        <ele>80.4</ele>
        <time>2024-01-20T03:06:22.518Z</time>
      </trkpt>
      <trkpt lat="-38.49077861756086" lon="144.8969838861376">
        <ele>80.4</ele>
        <time>2024-01-20T03:06:22.966Z</time>
      </trkpt>
      <trkpt lat="-38.4906817227602" lon="144.8974014725536">
        <ele>80.4</ele>
        <time>2024-01-20T03:06:23.433Z</time>
      </trkpt>
      <trkpt lat="-38.490628330037" lon="144.89755377173424">
        <ele>80.4</ele>
        <time>2024-01-20T03:06:23.907Z</time>
      </trkpt>
      <trkpt lat="-38.49061123095453" lon="144.89771151915193">
        <ele>80.4</ele>
        <time>2024-01-20T03:06:24.388Z</time>
      </trkpt>
      <trkpt lat="-38.49060704000294" lon="144.89783464930952">
        <ele>90.2</ele>
        <time>2024-01-20T03:06:24.874Z</time>
      </trkpt>
      <trkpt lat="-38.49068960174918" lon="144.8981260880828">
        <ele>90.2</ele>
        <time>2024-01-20T03:06:25.374Z</time>
      </trkpt>
      <trkpt lat="-38.490562699735165" lon="144.89848248660564">
        <ele>90.2</ele>
        <time>2024-01-20T03:06:25.891Z</time>
      </trkpt>
      <trkpt lat="-38.490542750805616" lon="144.89903778769076">
        <ele>90.2</ele>
        <time>2024-01-20T03:06:26.432Z</time>
      </trkpt>
      <trkpt lat="-38.490575440227985" lon="144.89921984262764">
        <ele>90.2</ele>
        <time>2024-01-20T03:06:26.981Z</time>
      </trkpt>
      <trkpt lat="-38.49062749184668" lon="144.89930567331612">
        <ele>90.2</ele>
        <time>2024-01-20T03:06:27.535Z</time>
      </trkpt>
      <trkpt lat="-38.4906870033592" lon="144.8994834534824">
        <ele>90.2</ele>
        <time>2024-01-20T03:06:28.098Z</time>
      </trkpt>
      <trkpt lat="-38.490679040551186" lon="144.89957523532212">
        <ele>90.2</ele>
        <time>2024-01-20T03:06:28.665Z</time>
      </trkpt>
      <trkpt lat="-38.49063428118825" lon="144.89965243265033">
        <ele>90.2</ele>
        <time>2024-01-20T03:06:29.236Z</time>
      </trkpt>
      <trkpt lat="-38.490619864314795" lon="144.8997353296727">
        <ele>92.0</ele>
        <time>2024-01-20T03:06:29.811Z</time>
      </trkpt>
      <trkpt lat="-38.49065758287907" lon="144.89988486282527">
        <ele>92.0</ele>
        <time>2024-01-20T03:06:30.393Z</time>
      </trkpt>
      <trkpt lat="-38.49064685404301" lon="144.89997446537018">
        <ele>92.0</ele>
        <time>2024-01-20T03:06:30.978Z</time>
      </trkpt>
      <trkpt lat="-38.4907300863415" lon="144.9003239069134">
        <ele>92.0</ele>
        <time>2024-01-20T03:06:31.579Z</time>
      </trkpt>
      <trkpt lat="-38.490747269243" lon="144.90057804621756">
        <ele>88.0</ele>
        <time>2024-01-20T03:06:32.192Z</time>
      </trkpt>
      <trkpt lat="-38.49073746241629" lon="144.90080293267965">
        <ele>88.0</ele>
        <time>2024-01-20T03:06:32.814Z</time>
      </trkpt>
      <trkpt lat="-38.49072949960828" lon="144.9008685629815">
        <ele>88.0</ele>
        <time>2024-01-20T03:06:33.439Z</time>
      </trkpt>
      <trkpt lat="-38.490690775215626" lon="144.90095732733607">
        <ele>88.0</ele>
        <time>2024-01-20T03:06:34.069Z</time>
      </trkpt>
      <trkpt lat="-38.490546522662044" lon="144.90115522406995">
        <ele>88.0</ele>
        <time>2024-01-20T03:06:34.711Z</time>
      </trkpt>
      <trkpt lat="-38.49024033173919" lon="144.90149829536676">
        <ele>88.0</ele>
        <time>2024-01-20T03:06:35.375Z</time>
      </trkpt>
      <trkpt lat="-38.49002005532384" lon="144.9017032328993">
        <ele>88.0</ele>
        <time>2024-01-20T03:06:36.055Z</time>
      </trkpt>
      <trkpt lat="-38.4898753836751" lon="144.90186383016407">
        <ele>88.0</ele>
        <time>2024-01-20T03:06:36.745Z</time>
      </trkpt>
      <trkpt lat="-38.48980011418462" lon="144.90200825035572">
        <ele>88.0</ele>
        <time>2024-01-20T03:06:37.443Z</time>
      </trkpt>
      <trkpt lat="-38.48975216969848" lon="144.90216448903084">
        <ele>88.0</ele>
        <time>2024-01-20T03:06:38.148Z</time>
      </trkpt>
      <trkpt lat="-38.48973071202636" lon="144.90257184952497">
        <ele>88.0</ele>
        <time>2024-01-20T03:06:38.871Z</time>
      </trkpt>
      <trkpt lat="-38.48969500511885" lon="144.9027756974101">
        <ele>88.0</ele>
        <time>2024-01-20T03:06:39.603Z</time>
      </trkpt>
      <trkpt lat="-38.48967807367444" lon="144.9030093010515">
        <ele>82.2</ele>
        <time>2024-01-20T03:06:40.345Z</time>
      </trkpt>
      <trkpt lat="-38.48963222466409" lon="144.90319152362645">
        <ele>82.2</ele>
        <time>2024-01-20T03:06:41.096Z</time>
      </trkpt>
      <trkpt lat="-38.48959492519498" lon="144.90363894961774">
        <ele>82.2</ele>
        <time>2024-01-20T03:06:41.866Z</time>
      </trkpt>
      <trkpt lat="-38.48959358409047" lon="144.90387012250721">
        <ele>82.2</ele>
        <time>2024-01-20T03:06:42.647Z</time>
      </trkpt>
      <trkpt lat="-38.48962183110416" lon="144.90391781553626">
        <ele>82.2</ele>
        <time>2024-01-20T03:06:43.430Z</time>
      </trkpt>
      <trkpt lat="-38.489644043147564" lon="144.90400942973793">
        <ele>82.2</ele>
        <time>2024-01-20T03:06:44.217Z</time>
      </trkpt>
      <trkpt lat="-38.48965493962169" lon="144.9042561929673">
        <ele>82.2</ele>
        <time>2024-01-20T03:06:45.015Z</time>
      </trkpt>
      <trkpt lat="-38.48961805924773" lon="144.90450773388147">
        <ele>82.2</ele>
        <time>2024-01-20T03:06:45.824Z</time>
      </trkpt>
      <trkpt lat="-38.48955301567912" lon="144.90475139580667">
        <ele>82.2</ele>
        <time>2024-01-20T03:06:46.645Z</time>
      </trkpt>
      <trkpt lat="-38.48957790993154" lon="144.90481476299465">
        <ele>82.2</ele>
        <time>2024-01-20T03:06:47.469Z</time>
      </trkpt>
      <trkpt lat="-38.489599619060755" lon="144.90499815903604">
        <ele>82.2</ele>
        <time>2024-01-20T03:06:48.301Z</time>
      </trkpt>
      <trkpt lat="-38.48957690410316" lon="144.905087929219">
        <ele>82.2</ele>
        <time>2024-01-20T03:06:49.137Z</time>
      </trkpt>
      <trkpt lat="-38.4895920753479" lon="144.90520091727376">
        <ele>72.0</ele>
        <time>2024-01-20T03:06:49.978Z</time>
      </trkpt>
      <trkpt lat="-38.48966089077294" lon="144.90540074184537">
        <ele>72.0</ele>
        <time>2024-01-20T03:06:50.829Z</time>
      </trkpt>
      <trkpt lat="-38.48965133540332" lon="144.9054861534387">
        <ele>72.0</ele>
        <time>2024-01-20T03:06:51.683Z</time>
      </trkpt>
      <trkpt lat="-38.48952954635024" lon="144.90573903545737">
        <ele>72.0</ele>
        <time>2024-01-20T03:06:52.550Z</time>
      </trkpt>
      <trkpt lat="-38.48955645225942" lon="144.905899297446">
        <ele>70.4</ele>
        <time>2024-01-20T03:06:53.424Z</time>
      </trkpt>
      <trkpt lat="-38.48954840563238" lon="144.9061448033899">
        <ele>70.4</ele>
        <time>2024-01-20T03:06:54.309Z</time>
      </trkpt>
      <trkpt lat="-38.4894641675055" lon="144.9062335677445">
        <ele>70.6</ele>
        <time>2024-01-20T03:06:55.200Z</time>
      </trkpt>
      <trkpt lat="-38.48942527547479" lon="144.9063472263515">
        <ele>70.6</ele>
        <time>2024-01-20T03:06:56.097Z</time>
      </trkpt>
      <trkpt lat="-38.489332906901836" lon="144.9064877908677">
        <ele>70.6</ele>
        <time>2024-01-20T03:06:57.002Z</time>
      </trkpt>
      <trkpt lat="-38.48932201042771" lon="144.906544117257">
        <ele>70.6</ele>
        <time>2024-01-20T03:06:57.909Z</time>
      </trkpt>
      <trkpt lat="-38.48933500237763" lon="144.90672474727035">
        <ele>70.6</ele>
        <time>2024-01-20T03:06:58.824Z</time>
      </trkpt>
      <trkpt lat="-38.48931597545743" lon="144.90686061792076">
        <ele>70.6</ele>
        <time>2024-01-20T03:06:59.745Z</time>
      </trkpt>
      <trkpt lat="-38.48924548365176" lon="144.90703219547868">
        <ele>70.6</ele>
        <time>2024-01-20T03:07:00.675Z</time>
      </trkpt>
      <trkpt lat="-38.4892035741359" lon="144.90724325180054">
        <ele>68.0</ele>
        <time>2024-01-20T03:07:01.614Z</time>
      </trkpt>
      <trkpt lat="-38.48908974789083" lon="144.90750124678016">
        <ele>68.0</ele>
        <time>2024-01-20T03:07:02.566Z</time>
      </trkpt>
      <trkpt lat="-38.489002576097846" lon="144.90765522234142">
        <ele>68.0</ele>
        <time>2024-01-20T03:07:03.527Z</time>
      </trkpt>
      <trkpt lat="-38.48888170905411" lon="144.90780517458916">
        <ele>68.0</ele>
        <time>2024-01-20T03:07:04.497Z</time>
      </trkpt>
      <trkpt lat="-38.48880694247782" lon="144.90801078267395">
        <ele>68.0</ele>
        <time>2024-01-20T03:07:05.477Z</time>
      </trkpt>
      <trkpt lat="-38.48870426416397" lon="144.90820532664657">
        <ele>68.0</ele>
        <time>2024-01-20T03:07:06.467Z</time>
      </trkpt>
      <trkpt lat="-38.488470911979675" lon="144.90896145813167">
        <ele>68.0</ele>
        <time>2024-01-20T03:07:07.493Z</time>
      </trkpt>
      <trkpt lat="-38.488314589485526" lon="144.9092943035066">
        <ele>68.0</ele>
        <time>2024-01-20T03:07:08.536Z</time>
      </trkpt>
      <trkpt lat="-38.488050140440464" lon="144.91001430898905">
        <ele>68.0</ele>
        <time>2024-01-20T03:07:09.613Z</time>
      </trkpt>
      <trkpt lat="-38.48796900361776" lon="144.91032150574028">
        <ele>68.0</ele>
        <time>2024-01-20T03:07:10.705Z</time>
      </trkpt>
      <trkpt lat="-38.48793656565249" lon="144.91056315600872">
        <ele>68.0</ele>
        <time>2024-01-20T03:07:11.807Z</time>
      </trkpt>
      <trkpt lat="-38.48769860342145" lon="144.91114167496562">
        <ele>68.0</ele>
        <time>2024-01-20T03:07:12.938Z</time>
      </trkpt>
      <trkpt lat="-38.487641187384725" lon="144.91123538464308">
        <ele>68.0</ele>
        <time>2024-01-20T03:07:14.074Z</time>
      </trkpt>
      <trkpt lat="-38.487500539049506" lon="144.91140201687813">
        <ele>68.0</ele>
        <time>2024-01-20T03:07:15.221Z</time>
      </trkpt>
      <trkpt lat="-38.48719585686922" lon="144.91170804016292">
        <ele>68.0</ele>
        <time>2024-01-20T03:07:16.389Z</time>
      </trkpt>
      <trkpt lat="-38.48710290156305" lon="144.91174450144172">
        <ele>68.0</ele>
        <time>2024-01-20T03:07:17.563Z</time>
      </trkpt>
      <trkpt lat="-38.48695915192366" lon="144.91187919862568">
        <ele>68.0</ele>
        <time>2024-01-20T03:07:18.747Z</time>
      </trkpt>
      <trkpt lat="-38.48646344617009" lon="144.91222126409411">
        <ele>68.0</ele>
        <time>2024-01-20T03:07:19.962Z</time>
      </trkpt>
      <trkpt lat="-38.48641977645457" lon="144.91226979531348">
        <ele>68.0</ele>
        <time>2024-01-20T03:07:21.180Z</time>
      </trkpt>
      <trkpt lat="-38.48635498434305" lon="144.9122910015285">
        <ele>68.0</ele>
        <time>2024-01-20T03:07:22.402Z</time>
      </trkpt>
      <trkpt lat="-38.48630988970399" lon="144.9123813584447">
        <ele>68.0</ele>
        <time>2024-01-20T03:07:23.629Z</time>
      </trkpt>
      <trkpt lat="-38.486324809491634" lon="144.91246299818158">
        <ele>68.0</ele>
        <time>2024-01-20T03:07:24.859Z</time>
      </trkpt>
      <trkpt lat="-38.486307710409164" lon="144.91249375976622">
        <ele>68.0</ele>
        <time>2024-01-20T03:07:26.091Z</time>
      </trkpt>
      <trkpt lat="-38.486209474503994" lon="144.9125703703612">
        <ele>68.0</ele>
        <time>2024-01-20T03:07:27.329Z</time>
      </trkpt>
      <trkpt lat="-38.486133785918355" lon="144.91259409114718">
        <ele>68.0</ele>
        <time>2024-01-20T03:07:28.572Z</time>
      </trkpt>
      <trkpt lat="-38.4860778786242" lon="144.91264228709042">
        <ele>68.0</ele>
        <time>2024-01-20T03:07:29.819Z</time>
      </trkpt>
      <trkpt lat="-38.486043429002166" lon="144.91275368258357">
        <ele>68.0</ele>
        <time>2024-01-20T03:07:31.071Z</time>
      </trkpt>
      <trkpt lat="-38.4860435128212" lon="144.91286004893482">
        <ele>49.8</ele>
        <time>2024-01-20T03:07:32.327Z</time>
      </trkpt>
      <trkpt lat="-38.48614426329732" lon="144.91298401728272">
        <ele>49.8</ele>
        <time>2024-01-20T03:07:33.591Z</time>
      </trkpt>
      <trkpt lat="-38.48616739735007" lon="144.91305165924132">
        <ele>46.2</ele>
        <time>2024-01-20T03:07:34.858Z</time>
      </trkpt>
      <trkpt lat="-38.4861658886075" lon="144.91310521960258">
        <ele>46.2</ele>
        <time>2024-01-20T03:07:36.128Z</time>
      </trkpt>
      <trkpt lat="-38.486109059304" lon="144.91325810551643">
        <ele>46.2</ele>
        <time>2024-01-20T03:07:37.405Z</time>
      </trkpt>
      <trkpt lat="-38.486155830323696" lon="144.91334728896618">
        <ele>46.2</ele>
        <time>2024-01-20T03:07:38.687Z</time>
      </trkpt>
      <trkpt lat="-38.48623914644122" lon="144.91334686987102">
        <ele>46.2</ele>
        <time>2024-01-20T03:07:39.974Z</time>
      </trkpt>
      <trkpt lat="-38.48630108870566" lon="144.9133928027004">
        <ele>46.2</ele>
        <time>2024-01-20T03:07:41.265Z</time>
      </trkpt>
      <trkpt lat="-38.48635003902018" lon="144.91337989456952">
        <ele>46.2</ele>
        <time>2024-01-20T03:07:42.558Z</time>
      </trkpt>
      <trkpt lat="-38.4865287411958" lon="144.91326338611543">
        <ele>46.2</ele>
        <time>2024-01-20T03:07:43.862Z</time>
      </trkpt>
      <trkpt lat="-38.48670174367726" lon="144.91312525235116">
        <ele>46.2</ele>
        <time>2024-01-20T03:07:45.178Z</time>
      </trkpt>
      <trkpt lat="-38.48682839423418" lon="144.91308669559658">
        <ele>46.2</ele>
        <time>2024-01-20T03:07:46.501Z</time>
      </trkpt>
      <trkpt lat="-38.48685907199979" lon="144.91304839029908">
        <ele>46.2</ele>
        <time>2024-01-20T03:07:47.827Z</time>
      </trkpt>
      <trkpt lat="-38.486952781677246" lon="144.912995332852">
        <ele>46.2</ele>
        <time>2024-01-20T03:07:49.158Z</time>
      </trkpt>
      <trkpt lat="-38.48713114857674" lon="144.91296549327672">
        <ele>46.2</ele>
        <time>2024-01-20T03:07:50.499Z</time>
      </trkpt>
      <trkpt lat="-38.4872142970562" lon="144.9129295349121">
        <ele>46.2</ele>
        <time>2024-01-20T03:07:51.845Z</time>
      </trkpt>
      <trkpt lat="-38.4874471463263" lon="144.9128724541515">
        <ele>46.2</ele>
        <time>2024-01-20T03:07:53.204Z</time>
      </trkpt>
      <trkpt lat="-38.48758276551962" lon="144.91286197677255">
        <ele>46.2</ele>
        <time>2024-01-20T03:07:54.571Z</time>
      </trkpt>
      <trkpt lat="-38.487807819619775" lon="144.91288754157722">
        <ele>46.2</ele>
        <time>2024-01-20T03:07:55.950Z</time>
      </trkpt>
      <trkpt lat="-38.48796799778938" lon="144.9128702748567">
        <ele>46.2</ele>
        <time>2024-01-20T03:07:57.338Z</time>
      </trkpt>
      <trkpt lat="-38.48808601498604" lon="144.9128901399672">
        <ele>46.2</ele>
        <time>2024-01-20T03:07:58.733Z</time>
      </trkpt>
      <trkpt lat="-38.48819028586149" lon="144.91298217326403">
        <ele>46.2</ele>
        <time>2024-01-20T03:08:00.135Z</time>
      </trkpt>
      <trkpt lat="-38.488361863419414" lon="144.9132765457034">
        <ele>46.2</ele>
        <time>2024-01-20T03:08:01.553Z</time>
      </trkpt>
      <trkpt lat="-38.488374100998044" lon="144.9134853389114">
        <ele>46.2</ele>
        <time>2024-01-20T03:08:02.980Z</time>
      </trkpt>
      <trkpt lat="-38.4883417468518" lon="144.91367141716182">
        <ele>46.2</ele>
        <time>2024-01-20T03:08:04.416Z</time>
      </trkpt>
      <trkpt lat="-38.48835716955364" lon="144.9140632711351">
        <ele>46.2</ele>
        <time>2024-01-20T03:08:05.869Z</time>
      </trkpt>
      <trkpt lat="-38.4883195348084" lon="144.91421850398183">
        <ele>46.2</ele>
        <time>2024-01-20T03:08:07.329Z</time>
      </trkpt>
      <trkpt lat="-38.488200679421425" lon="144.91451765410602">
        <ele>55.2</ele>
        <time>2024-01-20T03:08:08.804Z</time>
      </trkpt>
      <trkpt lat="-38.48818240687251" lon="144.9146724678576">
        <ele>55.2</ele>
        <time>2024-01-20T03:08:10.285Z</time>
      </trkpt>
      <trkpt lat="-38.48810990341008" lon="144.91488662548363">
        <ele>56.6</ele>
        <time>2024-01-20T03:08:11.777Z</time>
      </trkpt>
      <trkpt lat="-38.488078974187374" lon="144.91547662764788">
        <ele>56.6</ele>
        <time>2024-01-20T03:08:13.295Z</time>
      </trkpt>
      <trkpt lat="-38.48785014823079" lon="144.9161725770682">
        <ele>56.6</ele>
        <time>2024-01-20T03:08:14.846Z</time>
      </trkpt>
      <trkpt lat="-38.48782827146351" lon="144.91630199365318">
        <ele>56.6</ele>
        <time>2024-01-20T03:08:16.402Z</time>
      </trkpt>
      <trkpt lat="-38.48784310743213" lon="144.91644649766386">
        <ele>56.6</ele>
        <time>2024-01-20T03:08:17.965Z</time>
      </trkpt>
      <trkpt lat="-38.48783338442445" lon="144.91653149016201">
        <ele>56.6</ele>
        <time>2024-01-20T03:08:19.531Z</time>
      </trkpt>
      <trkpt lat="-38.48777336999774" lon="144.91674145683646">
        <ele>56.6</ele>
        <time>2024-01-20T03:08:21.107Z</time>
      </trkpt>
      <trkpt lat="-38.48773179575801" lon="144.91704856976867">
        <ele>56.6</ele>
        <time>2024-01-20T03:08:22.697Z</time>
      </trkpt>
      <trkpt lat="-38.487664153799415" lon="144.91728242486715">
        <ele>56.6</ele>
        <time>2024-01-20T03:08:24.298Z</time>
      </trkpt>
      <trkpt lat="-38.48748670890927" lon="144.9175957404077">
        <ele>56.6</ele>
        <time>2024-01-20T03:08:25.916Z</time>
      </trkpt>
      <trkpt lat="-38.48742644302547" lon="144.9178005103022">
        <ele>56.6</ele>
        <time>2024-01-20T03:08:27.543Z</time>
      </trkpt>
      <trkpt lat="-38.487195018678904" lon="144.91817065514624">
        <ele>56.6</ele>
        <time>2024-01-20T03:08:29.191Z</time>
      </trkpt>
      <trkpt lat="-38.487113462761045" lon="144.91833368316293">
        <ele>56.6</ele>
        <time>2024-01-20T03:08:30.847Z</time>
      </trkpt>
      <trkpt lat="-38.487061243504286" lon="144.91853040643036">
        <ele>66.0</ele>
        <time>2024-01-20T03:08:32.512Z</time>
      </trkpt>
      <trkpt lat="-38.48670124076307" lon="144.91900138556957">
        <ele>66.0</ele>
        <time>2024-01-20T03:08:34.206Z</time>
      </trkpt>
      <trkpt lat="-38.48670124076307" lon="144.91906919516623">
        <ele>66.0</ele>
        <time>2024-01-20T03:08:35.903Z</time>
      </trkpt>
      <trkpt lat="-38.48666972480714" lon="144.91917556151748">
        <ele>66.0</ele>
        <time>2024-01-20T03:08:37.605Z</time>
      </trkpt>
      <trkpt lat="-38.48655849695206" lon="144.91946808993816">
        <ele>66.0</ele>
        <time>2024-01-20T03:08:39.321Z</time>
      </trkpt>
      <trkpt lat="-38.486491944640875" lon="144.91959700360894">
        <ele>66.0</ele>
        <time>2024-01-20T03:08:41.044Z</time>
      </trkpt>
      <trkpt lat="-38.48637828603387" lon="144.91970722563565">
        <ele>73.6</ele>
        <time>2024-01-20T03:08:42.775Z</time>
      </trkpt>
      <trkpt lat="-38.48629773594439" lon="144.9198389891535">
        <ele>73.6</ele>
        <time>2024-01-20T03:08:44.513Z</time>
      </trkpt>
      <trkpt lat="-38.486098162829876" lon="144.92003336548805">
        <ele>73.6</ele>
        <time>2024-01-20T03:08:46.265Z</time>
      </trkpt>
      <trkpt lat="-38.48601660691202" lon="144.92009069770575">
        <ele>73.6</ele>
        <time>2024-01-20T03:08:48.023Z</time>
      </trkpt>
      <trkpt lat="-38.485828349366784" lon="144.92013243958354">
        <ele>73.6</ele>
        <time>2024-01-20T03:08:49.791Z</time>
      </trkpt>
      <trkpt lat="-38.48556876182556" lon="144.92039387114346">
        <ele>73.6</ele>
        <time>2024-01-20T03:08:51.578Z</time>
      </trkpt>
      <trkpt lat="-38.485486870631576" lon="144.92045388557017">
        <ele>73.6</ele>
        <time>2024-01-20T03:08:53.370Z</time>
      </trkpt>
      <trkpt lat="-38.48538301885128" lon="144.92061372846365">
        <ele>73.6</ele>
        <time>2024-01-20T03:08:55.171Z</time>
      </trkpt>
      <trkpt lat="-38.48530448041856" lon="144.92079025134444">
        <ele>73.6</ele>
        <time>2024-01-20T03:08:56.981Z</time>
      </trkpt>
      <trkpt lat="-38.48523356951773" lon="144.9209040775895">
        <ele>73.6</ele>
        <time>2024-01-20T03:08:58.797Z</time>
      </trkpt>
      <trkpt lat="-38.48524480126798" lon="144.92095830850303">
        <ele>73.6</ele>
        <time>2024-01-20T03:09:00.616Z</time>
      </trkpt>
      <trkpt lat="-38.4851383510977" lon="144.92115394212306">
        <ele>73.6</ele>
        <time>2024-01-20T03:09:02.445Z</time>
      </trkpt>
      <trkpt lat="-38.485025614500046" lon="144.92122627794743">
        <ele>73.6</ele>
        <time>2024-01-20T03:09:04.281Z</time>
      </trkpt>
      <trkpt lat="-38.484902987256646" lon="144.9212576262653">
        <ele>73.6</ele>
        <time>2024-01-20T03:09:06.124Z</time>
      </trkpt>
      <trkpt lat="-38.48478538915515" lon="144.92131655104458">
        <ele>73.6</ele>
        <time>2024-01-20T03:09:07.974Z</time>
      </trkpt>
      <trkpt lat="-38.48470081575215" lon="144.92132971063256">
        <ele>73.6</ele>
        <time>2024-01-20T03:09:09.829Z</time>
      </trkpt>
      <trkpt lat="-38.48462286405265" lon="144.92140732705593">
        <ele>72.4</ele>
        <time>2024-01-20T03:09:11.689Z</time>
      </trkpt>
      <trkpt lat="-38.484518341720104" lon="144.92147337645292">
        <ele>72.4</ele>
        <time>2024-01-20T03:09:13.556Z</time>
      </trkpt>
      <trkpt lat="-38.48443888127804" lon="144.9215552676469">
        <ele>72.4</ele>
        <time>2024-01-20T03:09:15.429Z</time>
      </trkpt>
      <trkpt lat="-38.4842699021101" lon="144.92167378775775">
        <ele>72.4</ele>
        <time>2024-01-20T03:09:17.312Z</time>
      </trkpt>
      <trkpt lat="-38.48419178277254" lon="144.9218427669257">
        <ele>72.4</ele>
        <time>2024-01-20T03:09:19.204Z</time>
      </trkpt>
      <trkpt lat="-38.48420536145568" lon="144.92197989486158">
        <ele>72.4</ele>
        <time>2024-01-20T03:09:21.102Z</time>
      </trkpt>
      <trkpt lat="-38.484189100563526" lon="144.92203295230865">
        <ele>72.4</ele>
        <time>2024-01-20T03:09:23.002Z</time>
      </trkpt>
      <trkpt lat="-38.48407728597522" lon="144.9222286697477">
        <ele>72.4</ele>
        <time>2024-01-20T03:09:24.913Z</time>
      </trkpt>
      <trkpt lat="-38.48398650996387" lon="144.92231315933168">
        <ele>72.4</ele>
        <time>2024-01-20T03:09:26.830Z</time>
      </trkpt>
      <trkpt lat="-38.48393714055419" lon="144.92241835221648">
        <ele>72.4</ele>
        <time>2024-01-20T03:09:28.753Z</time>
      </trkpt>
      <trkpt lat="-38.48379137925804" lon="144.9226039275527">
        <ele>72.4</ele>
        <time>2024-01-20T03:09:30.687Z</time>
      </trkpt>
      <trkpt lat="-38.48364260047674" lon="144.92293090559542">
        <ele>72.4</ele>
        <time>2024-01-20T03:09:32.638Z</time>
      </trkpt>
      <trkpt lat="-38.483460964635015" lon="144.92308052256703">
        <ele>72.4</ele>
        <time>2024-01-20T03:09:34.601Z</time>
      </trkpt>
      <trkpt lat="-38.483308497816324" lon="144.92317859083414">
        <ele>72.4</ele>
        <time>2024-01-20T03:09:36.573Z</time>
      </trkpt>
      <trkpt lat="-38.48312946036458" lon="144.92333365604281">
        <ele>72.4</ele>
        <time>2024-01-20T03:09:38.557Z</time>
      </trkpt>
      <trkpt lat="-38.48298193886876" lon="144.9233944248408">
        <ele>72.4</ele>
        <time>2024-01-20T03:09:40.550Z</time>
      </trkpt>
      <trkpt lat="-38.48273752257228" lon="144.92369793355465">
        <ele>72.4</ele>
        <time>2024-01-20T03:09:42.562Z</time>
      </trkpt>
      <trkpt lat="-38.48267490975559" lon="144.92384218610823">
        <ele>72.4</ele>
        <time>2024-01-20T03:09:44.581Z</time>
      </trkpt>
      <trkpt lat="-38.482583882287145" lon="144.92395517416298">
        <ele>72.4</ele>
        <time>2024-01-20T03:09:46.607Z</time>
      </trkpt>
      <trkpt lat="-38.48256200551987" lon="144.92405315861106">
        <ele>72.4</ele>
        <time>2024-01-20T03:09:48.638Z</time>
      </trkpt>
      <trkpt lat="-38.48255479708314" lon="144.924201015383">
        <ele>72.4</ele>
        <time>2024-01-20T03:09:50.675Z</time>
      </trkpt>
      <trkpt lat="-38.48250417038798" lon="144.92425851523876">
        <ele>72.4</ele>
        <time>2024-01-20T03:09:52.716Z</time>
      </trkpt>
      <trkpt lat="-38.48247290588915" lon="144.9243452679366">
        <ele>72.4</ele>
        <time>2024-01-20T03:09:54.761Z</time>
      </trkpt>
      <trkpt lat="-38.48240434192121" lon="144.92445481941104">
        <ele>72.4</ele>
        <time>2024-01-20T03:09:56.812Z</time>
      </trkpt>
      <trkpt lat="-38.482380118221045" lon="144.9245572462678">
        <ele>72.4</ele>
        <time>2024-01-20T03:09:58.868Z</time>
      </trkpt>
      <trkpt lat="-38.48237542435527" lon="144.92471273057163">
        <ele>72.4</ele>
        <time>2024-01-20T03:10:00.931Z</time>
      </trkpt>
      <trkpt lat="-38.48225866444409" lon="144.92488967254758">
        <ele>72.4</ele>
        <time>2024-01-20T03:10:03.004Z</time>
      </trkpt>
      <trkpt lat="-38.48222932778299" lon="144.92500743828714">
        <ele>72.4</ele>
        <time>2024-01-20T03:10:05.082Z</time>
      </trkpt>
      <trkpt lat="-38.48224324174225" lon="144.92508438415825">
        <ele>72.4</ele>
        <time>2024-01-20T03:10:07.164Z</time>
      </trkpt>
      <trkpt lat="-38.48220057785511" lon="144.92540784180164">
        <ele>72.4</ele>
        <time>2024-01-20T03:10:09.260Z</time>
      </trkpt>
      <trkpt lat="-38.482177779078484" lon="144.92549752816558">
        <ele>72.4</ele>
        <time>2024-01-20T03:10:11.360Z</time>
      </trkpt>
      <trkpt lat="-38.482110975310206" lon="144.92562728002667">
        <ele>72.4</ele>
        <time>2024-01-20T03:10:13.467Z</time>
      </trkpt>
      <trkpt lat="-38.48200159147382" lon="144.9257055670023">
        <ele>72.4</ele>
        <time>2024-01-20T03:10:15.581Z</time>
      </trkpt>
      <trkpt lat="-38.48187452182174" lon="144.92583548650146">
        <ele>72.4</ele>
        <time>2024-01-20T03:10:17.704Z</time>
      </trkpt>
      <trkpt lat="-38.48175290040672" lon="144.92588217370212">
        <ele>72.4</ele>
        <time>2024-01-20T03:10:19.834Z</time>
      </trkpt>
      <trkpt lat="-38.481604624539614" lon="144.92597261443734">
        <ele>72.4</ele>
        <time>2024-01-20T03:10:21.973Z</time>
      </trkpt>
      <trkpt lat="-38.48134025931358" lon="144.92618593387306">
        <ele>72.4</ele>
        <time>2024-01-20T03:10:24.130Z</time>
      </trkpt>
      <trkpt lat="-38.48110062070191" lon="144.9263306055218">
        <ele>72.4</ele>
        <time>2024-01-20T03:10:26.301Z</time>
      </trkpt>
      <trkpt lat="-38.48096877336502" lon="144.92651433683932">
        <ele>84.0</ele>
        <time>2024-01-20T03:10:28.483Z</time>
      </trkpt>
      <trkpt lat="-38.48063014447689" lon="144.9267991539091">
        <ele>84.0</ele>
        <time>2024-01-20T03:10:30.688Z</time>
      </trkpt>
      <trkpt lat="-38.480387991294265" lon="144.92691113613546">
        <ele>80.6</ele>
        <time>2024-01-20T03:10:32.907Z</time>
      </trkpt>
      <trkpt lat="-38.480265866965055" lon="144.92693494074047">
        <ele>80.6</ele>
        <time>2024-01-20T03:10:35.133Z</time>
      </trkpt>
      <trkpt lat="-38.480144245550036" lon="144.92693720385432">
        <ele>80.6</ele>
        <time>2024-01-20T03:10:37.366Z</time>
      </trkpt>
      <trkpt lat="-38.47979220561683" lon="144.9270097911358">
        <ele>80.6</ele>
        <time>2024-01-20T03:10:39.619Z</time>
      </trkpt>
      <trkpt lat="-38.47962121479213" lon="144.92711305618286">
        <ele>80.6</ele>
        <time>2024-01-20T03:10:41.882Z</time>
      </trkpt>
      <trkpt lat="-38.479519709944725" lon="144.92720416747034">
        <ele>80.6</ele>
        <time>2024-01-20T03:10:44.152Z</time>
      </trkpt>
      <trkpt lat="-38.47922173328698" lon="144.92739510722458">
        <ele>80.6</ele>
        <time>2024-01-20T03:10:46.441Z</time>
      </trkpt>
      <trkpt lat="-38.47904395312071" lon="144.92744145914912">
        <ele>80.6</ele>
        <time>2024-01-20T03:10:48.740Z</time>
      </trkpt>
      <trkpt lat="-38.47887111827731" lon="144.92746501229703">
        <ele>80.6</ele>
        <time>2024-01-20T03:10:51.049Z</time>
      </trkpt>
      <trkpt lat="-38.47876927815378" lon="144.92757313884795">
        <ele>80.6</ele>
        <time>2024-01-20T03:10:53.365Z</time>
      </trkpt>
      <trkpt lat="-38.47869409248233" lon="144.9277149606496">
        <ele>80.6</ele>
        <time>2024-01-20T03:10:55.688Z</time>
      </trkpt>
      <trkpt lat="-38.47861563786864" lon="144.92776634171605">
        <ele>80.6</ele>
        <time>2024-01-20T03:10:58.016Z</time>
      </trkpt>
      <trkpt lat="-38.47832512110472" lon="144.92806708440185">
        <ele>82.0</ele>
        <time>2024-01-20T03:11:00.365Z</time>
      </trkpt>
      <trkpt lat="-38.47826175391674" lon="144.92811335250735">
        <ele>82.0</ele>
        <time>2024-01-20T03:11:02.718Z</time>
      </trkpt>
      <trkpt lat="-38.47816661931574" lon="144.92813045158982">
        <ele>82.0</ele>
        <time>2024-01-20T03:11:05.077Z</time>
      </trkpt>
      <trkpt lat="-38.47803762182593" lon="144.92809633724391">
        <ele>82.0</ele>
        <time>2024-01-20T03:11:07.443Z</time>
      </trkpt>
      <trkpt lat="-38.477929159998894" lon="144.92808896116912">
        <ele>82.0</ele>
        <time>2024-01-20T03:11:09.815Z</time>
      </trkpt>
      <trkpt lat="-38.47781910561025" lon="144.92814855650067">
        <ele>82.0</ele>
        <time>2024-01-20T03:11:12.194Z</time>
      </trkpt>
      <trkpt lat="-38.47777786664665" lon="144.9281557649374">
        <ele>82.0</ele>
        <time>2024-01-20T03:11:14.575Z</time>
      </trkpt>
      <trkpt lat="-38.47772179171443" lon="144.92806976661086">
        <ele>80.2</ele>
        <time>2024-01-20T03:11:16.961Z</time>
      </trkpt>
      <trkpt lat="-38.47762078978121" lon="144.92773801088333">
        <ele>80.2</ele>
        <time>2024-01-20T03:11:19.362Z</time>
      </trkpt>
      <trkpt lat="-38.477576449513435" lon="144.9276546947658">
        <ele>80.2</ele>
        <time>2024-01-20T03:11:21.768Z</time>
      </trkpt>
      <trkpt lat="-38.4774730168283" lon="144.92755536921322">
        <ele>80.2</ele>
        <time>2024-01-20T03:11:24.181Z</time>
      </trkpt>
      <trkpt lat="-38.47737226635218" lon="144.92741597816348">
        <ele>80.2</ele>
        <time>2024-01-20T03:11:26.602Z</time>
      </trkpt>
      <trkpt lat="-38.477299930527806" lon="144.9273679498583">
        <ele>80.2</ele>
        <time>2024-01-20T03:11:29.028Z</time>
      </trkpt>
      <trkpt lat="-38.47718199715018" lon="144.9273324944079">
        <ele>80.2</ele>
        <time>2024-01-20T03:11:31.461Z</time>
      </trkpt>
      <trkpt lat="-38.4770065639168" lon="144.92734188213944">
        <ele>80.2</ele>
        <time>2024-01-20T03:11:33.903Z</time>
      </trkpt>
      <trkpt lat="-38.47688485868275" lon="144.92739971727133">
        <ele>80.2</ele>
        <time>2024-01-20T03:11:36.353Z</time>
      </trkpt>
      <trkpt lat="-38.47665963694453" lon="144.9275598116219">
        <ele>80.2</ele>
        <time>2024-01-20T03:11:38.817Z</time>
      </trkpt>
      <trkpt lat="-38.47650306299329" lon="144.92770414799452">
        <ele>80.2</ele>
        <time>2024-01-20T03:11:41.292Z</time>
      </trkpt>
      <trkpt lat="-38.476436426863074" lon="144.92772929370403">
        <ele>80.2</ele>
        <time>2024-01-20T03:11:43.771Z</time>
      </trkpt>
      <trkpt lat="-38.476375825703144" lon="144.9277812615037">
        <ele>80.2</ele>
        <time>2024-01-20T03:11:46.254Z</time>
      </trkpt>
      <trkpt lat="-38.47630516625941" lon="144.92780707776546">
        <ele>80.2</ele>
        <time>2024-01-20T03:11:48.741Z</time>
      </trkpt>
      <trkpt lat="-38.47615077160299" lon="144.9278222490102">
        <ele>80.2</ele>
        <time>2024-01-20T03:11:51.236Z</time>
      </trkpt>
      <trkpt lat="-38.47594608552754" lon="144.92780070751905">
        <ele>80.2</ele>
        <time>2024-01-20T03:11:53.743Z</time>
      </trkpt>
      <trkpt lat="-38.475725473836064" lon="144.92771219462156">
        <ele>94.8</ele>
        <time>2024-01-20T03:11:56.263Z</time>
      </trkpt>
      <trkpt lat="-38.47556512802839" lon="144.92761018685997">
        <ele>94.8</ele>
        <time>2024-01-20T03:11:58.793Z</time>
      </trkpt>
      <trkpt lat="-38.475447446107864" lon="144.92756408639252">
        <ele>94.8</ele>
        <time>2024-01-20T03:12:01.330Z</time>
      </trkpt>
      <trkpt lat="-38.47533202730119" lon="144.9275447241962">
        <ele>94.8</ele>
        <time>2024-01-20T03:12:03.873Z</time>
      </trkpt>
      <trkpt lat="-38.47528986632824" lon="144.92750700563192">
        <ele>94.8</ele>
        <time>2024-01-20T03:12:06.419Z</time>
      </trkpt>
      <trkpt lat="-38.47508987411857" lon="144.9274789262563">
        <ele>94.8</ele>
        <time>2024-01-20T03:12:08.976Z</time>
      </trkpt>
      <trkpt lat="-38.474945202469826" lon="144.92754120379686">
        <ele>94.8</ele>
        <time>2024-01-20T03:12:11.542Z</time>
      </trkpt>
      <trkpt lat="-38.474864484742284" lon="144.92755126208067">
        <ele>94.8</ele>
        <time>2024-01-20T03:12:14.112Z</time>
      </trkpt>
      <trkpt lat="-38.474804973229766" lon="144.92753248661757">
        <ele>94.8</ele>
        <time>2024-01-20T03:12:16.685Z</time>
      </trkpt>
      <trkpt lat="-38.474657787010074" lon="144.92741086520255">
        <ele>94.8</ele>
        <time>2024-01-20T03:12:19.268Z</time>
      </trkpt>
      <trkpt lat="-38.47455678507686" lon="144.9273549579084">
        <ele>94.8</ele>
        <time>2024-01-20T03:12:21.857Z</time>
      </trkpt>
      <trkpt lat="-38.47450364381075" lon="144.92733668535948">
        <ele>94.8</ele>
        <time>2024-01-20T03:12:24.449Z</time>
      </trkpt>
      <trkpt lat="-38.47441923804581" lon="144.92733417078853">
        <ele>94.8</ele>
        <time>2024-01-20T03:12:27.046Z</time>
      </trkpt>
      <trkpt lat="-38.4743076749146" lon="144.92729745805264">
        <ele>94.8</ele>
        <time>2024-01-20T03:12:29.650Z</time>
      </trkpt>
      <trkpt lat="-38.47412511706352" lon="144.9272806942463">
        <ele>94.8</ele>
        <time>2024-01-20T03:12:32.264Z</time>
      </trkpt>
      <trkpt lat="-38.47406485117972" lon="144.9273166526109">
        <ele>94.8</ele>
        <time>2024-01-20T03:12:34.881Z</time>
      </trkpt>
      <trkpt lat="-38.47400056198239" lon="144.92733182385564">
        <ele>94.8</ele>
        <time>2024-01-20T03:12:37.502Z</time>
      </trkpt>
      <trkpt lat="-38.473802329972386" lon="144.9273412115872">
        <ele>94.8</ele>
        <time>2024-01-20T03:12:40.134Z</time>
      </trkpt>
      <trkpt lat="-38.473728904500604" lon="144.9274268746376">
        <ele>94.8</ele>
        <time>2024-01-20T03:12:42.772Z</time>
      </trkpt>
      <trkpt lat="-38.4736564848572" lon="144.92747808806598">
        <ele>94.8</ele>
        <time>2024-01-20T03:12:45.414Z</time>
      </trkpt>
      <trkpt lat="-38.473510053008795" lon="144.92752318270504">
        <ele>94.8</ele>
        <time>2024-01-20T03:12:48.065Z</time>
      </trkpt>
      <trkpt lat="-38.47341349348426" lon="144.92760943248868">
        <ele>94.8</ele>
        <time>2024-01-20T03:12:50.722Z</time>
      </trkpt>
      <trkpt lat="-38.47324510104954" lon="144.92784236557782">
        <ele>94.8</ele>
        <time>2024-01-20T03:12:53.393Z</time>
      </trkpt>
      <trkpt lat="-38.473202269524336" lon="144.92803280241787">
        <ele>94.8</ele>
        <time>2024-01-20T03:12:56.073Z</time>
      </trkpt>
      <trkpt lat="-38.47322003915906" lon="144.92811444215477">
        <ele>94.8</ele>
        <time>2024-01-20T03:12:58.756Z</time>
      </trkpt>
      <trkpt lat="-38.473219368606806" lon="144.92822323925793">
        <ele>94.8</ele>
        <time>2024-01-20T03:13:01.444Z</time>
      </trkpt>
      <trkpt lat="-38.47320872358978" lon="144.92825877852738">
        <ele>94.8</ele>
        <time>2024-01-20T03:13:04.134Z</time>
      </trkpt>
      <trkpt lat="-38.47318349406123" lon="144.92827562615275">
        <ele>94.8</ele>
        <time>2024-01-20T03:13:06.826Z</time>
      </trkpt>
      <trkpt lat="-38.47317268140614" lon="144.92836732417345">
        <ele>94.8</ele>
        <time>2024-01-20T03:13:09.522Z</time>
      </trkpt>
      <trkpt lat="-38.473113253712654" lon="144.92849129252136">
        <ele>94.8</ele>
        <time>2024-01-20T03:13:12.224Z</time>
      </trkpt>
      <trkpt lat="-38.473106883466244" lon="144.92854803800583">
        <ele>94.8</ele>
        <time>2024-01-20T03:13:14.928Z</time>
      </trkpt>
      <trkpt lat="-38.47313487902284" lon="144.92877770215273">
        <ele>94.8</ele>
        <time>2024-01-20T03:13:17.643Z</time>
      </trkpt>
      <trkpt lat="-38.473081989213824" lon="144.92886177264154">
        <ele>94.8</ele>
        <time>2024-01-20T03:13:20.362Z</time>
      </trkpt>
      <trkpt lat="-38.472946705296636" lon="144.9289327673614">
        <ele>94.8</ele>
        <time>2024-01-20T03:13:23.089Z</time>
      </trkpt>
      <trkpt lat="-38.47273975610733" lon="144.9289861600846">
        <ele>94.8</ele>
        <time>2024-01-20T03:13:25.828Z</time>
      </trkpt>
      <trkpt lat="-38.47242652438581" lon="144.9291103798896">
        <ele>94.8</ele>
        <time>2024-01-20T03:13:28.585Z</time>
      </trkpt>
      <trkpt lat="-38.47230733372271" lon="144.9291883315891">
        <ele>94.8</ele>
        <time>2024-01-20T03:13:31.350Z</time>
      </trkpt>
      <trkpt lat="-38.47211136482656" lon="144.92936259135604">
        <ele>94.8</ele>
        <time>2024-01-20T03:13:34.128Z</time>
      </trkpt>
      <trkpt lat="-38.471962083131075" lon="144.92944029159844">
        <ele>94.8</ele>
        <time>2024-01-20T03:13:36.915Z</time>
      </trkpt>
      <trkpt lat="-38.4717726521194" lon="144.92962326854467">
        <ele>94.8</ele>
        <time>2024-01-20T03:13:39.715Z</time>
      </trkpt>
      <trkpt lat="-38.47162798047066" lon="144.92969082668424">
        <ele>94.8</ele>
        <time>2024-01-20T03:13:42.524Z</time>
      </trkpt>
      <trkpt lat="-38.47140569239855" lon="144.92974815890193">
        <ele>94.8</ele>
        <time>2024-01-20T03:13:45.346Z</time>
      </trkpt>
      <trkpt lat="-38.471105033531785" lon="144.9298950098455">
        <ele>94.8</ele>
        <time>2024-01-20T03:13:48.186Z</time>
      </trkpt>
      <trkpt lat="-38.47101886756718" lon="144.9299080017954">
        <ele>94.8</ele>
        <time>2024-01-20T03:13:51.030Z</time>
      </trkpt>
      <trkpt lat="-38.47091727890074" lon="144.92987715639174">
        <ele>94.8</ele>
        <time>2024-01-20T03:13:53.880Z</time>
      </trkpt>
      <trkpt lat="-38.47086623311043" lon="144.92982510477304">
        <ele>67.6</ele>
        <time>2024-01-20T03:13:56.734Z</time>
      </trkpt>
      <trkpt lat="-38.47079046070576" lon="144.92969962768257">
        <ele>67.6</ele>
        <time>2024-01-20T03:13:59.595Z</time>
      </trkpt>
      <trkpt lat="-38.47072642296553" lon="144.92954045534134">
        <ele>67.6</ele>
        <time>2024-01-20T03:14:02.464Z</time>
      </trkpt>
      <trkpt lat="-38.47071284428239" lon="144.9294568039477">
        <ele>67.6</ele>
        <time>2024-01-20T03:14:05.336Z</time>
      </trkpt>
      <trkpt lat="-38.4706830047071" lon="144.92942973040044">
        <ele>67.6</ele>
        <time>2024-01-20T03:14:08.210Z</time>
      </trkpt>
      <trkpt lat="-38.47051645629108" lon="144.92938321083784">
        <ele>67.6</ele>
        <time>2024-01-20T03:14:11.094Z</time>
      </trkpt>
      <trkpt lat="-38.470473708584905" lon="144.92939637042582">
        <ele>67.6</ele>
        <time>2024-01-20T03:14:13.980Z</time>
      </trkpt>
      <trkpt lat="-38.47035611048341" lon="144.92951623164117">
        <ele>67.6</ele>
        <time>2024-01-20T03:14:16.875Z</time>
      </trkpt>
      <trkpt lat="-38.47028729505837" lon="144.92955126799643">
        <ele>67.6</ele>
        <time>2024-01-20T03:14:19.774Z</time>
      </trkpt>
      <trkpt lat="-38.47020288929343" lon="144.9295350909233">
        <ele>67.6</ele>
        <time>2024-01-20T03:14:22.678Z</time>
      </trkpt>
      <trkpt lat="-38.470074897632" lon="144.9294367711991">
        <ele>67.6</ele>
        <time>2024-01-20T03:14:25.590Z</time>
      </trkpt>
      <trkpt lat="-38.47001957707107" lon="144.9294124636799">
        <ele>67.6</ele>
        <time>2024-01-20T03:14:28.505Z</time>
      </trkpt>
      <trkpt lat="-38.46982595510781" lon="144.92945780977607">
        <ele>67.6</ele>
        <time>2024-01-20T03:14:31.431Z</time>
      </trkpt>
      <trkpt lat="-38.46977910026908" lon="144.92950642481446">
        <ele>67.6</ele>
        <time>2024-01-20T03:14:34.361Z</time>
      </trkpt>
      <trkpt lat="-38.46972277387977" lon="144.92960147559643">
        <ele>67.6</ele>
        <time>2024-01-20T03:14:37.296Z</time>
      </trkpt>
      <trkpt lat="-38.469682205468416" lon="144.92971094325185">
        <ele>67.6</ele>
        <time>2024-01-20T03:14:40.236Z</time>
      </trkpt>
      <trkpt lat="-38.46956846304238" lon="144.92987430654466">
        <ele>67.6</ele>
        <time>2024-01-20T03:14:43.186Z</time>
      </trkpt>
      <trkpt lat="-38.46945287659764" lon="144.92993138730526">
        <ele>67.6</ele>
        <time>2024-01-20T03:14:46.143Z</time>
      </trkpt>
      <trkpt lat="-38.46923469565809" lon="144.92990724742413">
        <ele>67.6</ele>
        <time>2024-01-20T03:14:49.112Z</time>
      </trkpt>
      <trkpt lat="-38.46882968209684" lon="144.9296891503036">
        <ele>67.6</ele>
        <time>2024-01-20T03:14:52.105Z</time>
      </trkpt>
      <trkpt lat="-38.468678975477815" lon="144.92970323190093">
        <ele>79.0</ele>
        <time>2024-01-20T03:14:55.107Z</time>
      </trkpt>
      <trkpt lat="-38.46839088946581" lon="144.92979107424617">
        <ele>79.0</ele>
        <time>2024-01-20T03:14:58.125Z</time>
      </trkpt>
      <trkpt lat="-38.46824278123677" lon="144.92981613613665">
        <ele>79.0</ele>
        <time>2024-01-20T03:15:01.151Z</time>
      </trkpt>
      <trkpt lat="-38.46806558780372" lon="144.92971220053732">
        <ele>79.0</ele>
        <time>2024-01-20T03:15:04.188Z</time>
      </trkpt>
      <trkpt lat="-38.46794178709388" lon="144.92966417223215">
        <ele>79.0</ele>
        <time>2024-01-20T03:15:07.232Z</time>
      </trkpt>
      <trkpt lat="-38.467778926715255" lon="144.9296415410936">
        <ele>83.4</ele>
        <time>2024-01-20T03:15:10.286Z</time>
      </trkpt>
      <trkpt lat="-38.467660658061504" lon="144.9296614062041">
        <ele>83.4</ele>
        <time>2024-01-20T03:15:13.346Z</time>
      </trkpt>
      <trkpt lat="-38.46745681017637" lon="144.9297361727804">
        <ele>82.4</ele>
        <time>2024-01-20T03:15:16.418Z</time>
      </trkpt>
      <trkpt lat="-38.46719579771161" lon="144.92988671176136">
        <ele>82.4</ele>
        <time>2024-01-20T03:15:19.506Z</time>
      </trkpt>
      <trkpt lat="-38.467039223760366" lon="144.93005694821477">
        <ele>82.4</ele>
        <time>2024-01-20T03:15:22.605Z</time>
      </trkpt>
      <trkpt lat="-38.46696747466922" lon="144.93021863512695">
        <ele>82.4</ele>
        <time>2024-01-20T03:15:25.713Z</time>
      </trkpt>
      <trkpt lat="-38.466903353109956" lon="144.9302977602929">
        <ele>82.4</ele>
        <time>2024-01-20T03:15:28.826Z</time>
      </trkpt>
      <trkpt lat="-38.46683948300779" lon="144.93030949495733">
        <ele>82.4</ele>
        <time>2024-01-20T03:15:31.942Z</time>
      </trkpt>
      <trkpt lat="-38.46672289073467" lon="144.93028082884848">
        <ele>82.4</ele>
        <time>2024-01-20T03:15:35.065Z</time>
      </trkpt>
      <trkpt lat="-38.4666056279093" lon="144.93030010722578">
        <ele>82.4</ele>
        <time>2024-01-20T03:15:38.194Z</time>
      </trkpt>
      <trkpt lat="-38.466502111405134" lon="144.9303678330034">
        <ele>82.4</ele>
        <time>2024-01-20T03:15:41.330Z</time>
      </trkpt>
      <trkpt lat="-38.466375544667244" lon="144.93040605448186">
        <ele>82.4</ele>
        <time>2024-01-20T03:15:44.473Z</time>
      </trkpt>
      <trkpt lat="-38.46617395989597" lon="144.93053111247718">
        <ele>82.4</ele>
        <time>2024-01-20T03:15:47.629Z</time>
      </trkpt>
      <trkpt lat="-38.46606507897377" lon="144.93055131286383">
        <ele>82.4</ele>
        <time>2024-01-20T03:15:50.791Z</time>
      </trkpt>
      <trkpt lat="-38.466007662937045" lon="144.93059531785548">
        <ele>82.4</ele>
        <time>2024-01-20T03:15:53.956Z</time>
      </trkpt>
      <trkpt lat="-38.465896686539054" lon="144.93063588626683">
        <ele>82.4</ele>
        <time>2024-01-20T03:15:57.128Z</time>
      </trkpt>
      <trkpt lat="-38.465868355706334" lon="144.93063412606716">
        <ele>82.4</ele>
        <time>2024-01-20T03:16:00.301Z</time>
      </trkpt>
      <trkpt lat="-38.46574028022587" lon="144.930564975366">
        <ele>82.4</ele>
        <time>2024-01-20T03:16:03.482Z</time>
      </trkpt>
      <trkpt lat="-38.46542436629534" lon="144.93024101480842">
        <ele>82.4</ele>
        <time>2024-01-20T03:16:06.686Z</time>
      </trkpt>
      <trkpt lat="-38.46529981121421" lon="144.9302364885807">
        <ele>82.4</ele>
        <time>2024-01-20T03:16:09.897Z</time>
      </trkpt>
      <trkpt lat="-38.46521330997348" lon="144.93030907586217">
        <ele>58.4</ele>
        <time>2024-01-20T03:16:13.113Z</time>
      </trkpt>
      <trkpt lat="-38.465184308588505" lon="144.9303839262575">
        <ele>58.4</ele>
        <time>2024-01-20T03:16:16.333Z</time>
      </trkpt>
      <trkpt lat="-38.465173076838255" lon="144.9305493850261">
        <ele>58.4</ele>
        <time>2024-01-20T03:16:19.560Z</time>
      </trkpt>
      <trkpt lat="-38.465202832594514" lon="144.93062490597367">
        <ele>58.4</ele>
        <time>2024-01-20T03:16:22.791Z</time>
      </trkpt>
      <trkpt lat="-38.465204341337085" lon="144.930673353374">
        <ele>58.4</ele>
        <time>2024-01-20T03:16:26.024Z</time>
      </trkpt>
      <trkpt lat="-38.46517810598016" lon="144.9307230580598">
        <ele>58.4</ele>
        <time>2024-01-20T03:16:29.260Z</time>
      </trkpt>
      <trkpt lat="-38.46522370353341" lon="144.93086781352758">
        <ele>58.4</ele>
        <time>2024-01-20T03:16:32.503Z</time>
      </trkpt>
      <trkpt lat="-38.46524281427264" lon="144.93101114407182">
        <ele>58.4</ele>
        <time>2024-01-20T03:16:35.752Z</time>
      </trkpt>
      <trkpt lat="-38.46517324447632" lon="144.93114626035094">
        <ele>58.4</ele>
        <time>2024-01-20T03:16:39.008Z</time>
      </trkpt>
      <trkpt lat="-38.46492866054177" lon="144.93132739327848">
        <ele>58.4</ele>
        <time>2024-01-20T03:16:42.280Z</time>
      </trkpt>
      <trkpt lat="-38.46483360975981" lon="144.93136360310018">
        <ele>58.4</ele>
        <time>2024-01-20T03:16:45.557Z</time>
      </trkpt>
      <trkpt lat="-38.46477326005697" lon="144.93142294697464">
        <ele>58.4</ele>
        <time>2024-01-20T03:16:48.839Z</time>
      </trkpt>
      <trkpt lat="-38.464651722460985" lon="144.9314939416945">
        <ele>58.4</ele>
        <time>2024-01-20T03:16:52.128Z</time>
      </trkpt>
      <trkpt lat="-38.46463177353144" lon="144.93153668940067">
        <ele>58.4</ele>
        <time>2024-01-20T03:16:55.419Z</time>
      </trkpt>
      <trkpt lat="-38.46457754261792" lon="144.93157222867012">
        <ele>58.4</ele>
        <time>2024-01-20T03:16:58.714Z</time>
      </trkpt>
      <trkpt lat="-38.46451752819121" lon="144.93164716288447">
        <ele>58.4</ele>
        <time>2024-01-20T03:17:02.013Z</time>
      </trkpt>
      <trkpt lat="-38.464355170726776" lon="144.9317386932671">
        <ele>58.4</ele>
        <time>2024-01-20T03:17:05.322Z</time>
      </trkpt>
      <trkpt lat="-38.4641897957772" lon="144.93188235908747">
        <ele>58.4</ele>
        <time>2024-01-20T03:17:08.642Z</time>
      </trkpt>
      <trkpt lat="-38.46376298926771" lon="144.93201320059597">
        <ele>58.4</ele>
        <time>2024-01-20T03:17:11.987Z</time>
      </trkpt>
      <trkpt lat="-38.46369668841362" lon="144.93205762468278">
        <ele>58.4</ele>
        <time>2024-01-20T03:17:15.336Z</time>
      </trkpt>
      <trkpt lat="-38.46364379860461" lon="144.932068772614">
        <ele>58.4</ele>
        <time>2024-01-20T03:17:18.688Z</time>
      </trkpt>
      <trkpt lat="-38.46354321576655" lon="144.93204882368445">
        <ele>58.4</ele>
        <time>2024-01-20T03:17:22.046Z</time>
      </trkpt>
      <trkpt lat="-38.46348403953016" lon="144.931963076815">
        <ele>58.4</ele>
        <time>2024-01-20T03:17:25.409Z</time>
      </trkpt>
      <trkpt lat="-38.46340893767774" lon="144.93193935602903">
        <ele>58.4</ele>
        <time>2024-01-20T03:17:28.776Z</time>
      </trkpt>
      <trkpt lat="-38.46333542838693" lon="144.9319376796484">
        <ele>58.4</ele>
        <time>2024-01-20T03:17:32.147Z</time>
      </trkpt>
      <trkpt lat="-38.46328119747341" lon="144.9320055730641">
        <ele>58.4</ele>
        <time>2024-01-20T03:17:35.522Z</time>
      </trkpt>
      <trkpt lat="-38.46321967430413" lon="144.93203004822135">
        <ele>58.4</ele>
        <time>2024-01-20T03:17:38.901Z</time>
      </trkpt>
      <trkpt lat="-38.46304030157626" lon="144.93206466548145">
        <ele>58.4</ele>
        <time>2024-01-20T03:17:42.290Z</time>
      </trkpt>
      <trkpt lat="-38.46291817724705" lon="144.93203583173454">
        <ele>58.4</ele>
        <time>2024-01-20T03:17:45.686Z</time>
      </trkpt>
      <trkpt lat="-38.462866712361574" lon="144.93204295635223">
        <ele>58.4</ele>
        <time>2024-01-20T03:17:49.085Z</time>
      </trkpt>
      <trkpt lat="-38.462771913036704" lon="144.93212040513754">
        <ele>58.4</ele>
        <time>2024-01-20T03:17:52.490Z</time>
      </trkpt>
      <trkpt lat="-38.46257426775992" lon="144.9321593809873">
        <ele>58.4</ele>
        <time>2024-01-20T03:17:55.906Z</time>
      </trkpt>
      <trkpt lat="-38.46243026666343" lon="144.9322521686554">
        <ele>58.4</ele>
        <time>2024-01-20T03:17:59.331Z</time>
      </trkpt>
      <trkpt lat="-38.46228928305209" lon="144.93230128660798">
        <ele>58.4</ele>
        <time>2024-01-20T03:18:02.764Z</time>
      </trkpt>
      <trkpt lat="-38.46210136078298" lon="144.93261485360563">
        <ele>58.4</ele>
        <time>2024-01-20T03:18:06.215Z</time>
      </trkpt>
      <trkpt lat="-38.46205551177263" lon="144.93266506120563">
        <ele>58.4</ele>
        <time>2024-01-20T03:18:09.669Z</time>
      </trkpt>
      <trkpt lat="-38.46200295723975" lon="144.93288148194551">
        <ele>58.4</ele>
        <time>2024-01-20T03:18:13.133Z</time>
      </trkpt>
      <trkpt lat="-38.46201527863741" lon="144.93299170397222">
        <ele>58.4</ele>
        <time>2024-01-20T03:18:16.602Z</time>
      </trkpt>
      <trkpt lat="-38.461970603093505" lon="144.93319655768573">
        <ele>58.4</ele>
        <time>2024-01-20T03:18:20.080Z</time>
      </trkpt>
      <trkpt lat="-38.46192240715027" lon="144.9332755152136">
        <ele>58.4</ele>
        <time>2024-01-20T03:18:23.562Z</time>
      </trkpt>
      <trkpt lat="-38.46183858811855" lon="144.9333341885358">
        <ele>58.4</ele>
        <time>2024-01-20T03:18:27.050Z</time>
      </trkpt>
      <trkpt lat="-38.46178561449051" lon="144.93346360512078">
        <ele>58.4</ele>
        <time>2024-01-20T03:18:30.544Z</time>
      </trkpt>
      <trkpt lat="-38.46164496615529" lon="144.93361816741526">
        <ele>58.4</ele>
        <time>2024-01-20T03:18:34.048Z</time>
      </trkpt>
      <trkpt lat="-38.46159257926047" lon="144.9336496833712">
        <ele>58.4</ele>
        <time>2024-01-20T03:18:37.556Z</time>
      </trkpt>
      <trkpt lat="-38.46144950017333" lon="144.93368019349873">
        <ele>50.0</ele>
        <time>2024-01-20T03:18:41.072Z</time>
      </trkpt>
      <trkpt lat="-38.46141488291323" lon="144.93370567448437">
        <ele>50.0</ele>
        <time>2024-01-20T03:18:44.590Z</time>
      </trkpt>
      <trkpt lat="-38.46134841442108" lon="144.93371564894915">
        <ele>50.0</ele>
        <time>2024-01-20T03:18:48.112Z</time>
      </trkpt>
      <trkpt lat="-38.461278257891536" lon="144.93375185877085">
        <ele>50.0</ele>
        <time>2024-01-20T03:18:51.638Z</time>
      </trkpt>
      <trkpt lat="-38.46116007305682" lon="144.93390616960824">
        <ele>50.0</ele>
        <time>2024-01-20T03:18:55.173Z</time>
      </trkpt>
      <trkpt lat="-38.461002660915256" lon="144.93399342522025">
        <ele>50.0</ele>
        <time>2024-01-20T03:18:58.718Z</time>
      </trkpt>
      <trkpt lat="-38.46082119271159" lon="144.93418905884027">
        <ele>50.0</ele>
        <time>2024-01-20T03:19:02.276Z</time>
      </trkpt>
      <trkpt lat="-38.4606983140111" lon="144.93427664972842">
        <ele>50.0</ele>
        <time>2024-01-20T03:19:05.842Z</time>
      </trkpt>
      <trkpt lat="-38.46062606200576" lon="144.9342803377658">
        <ele>50.0</ele>
        <time>2024-01-20T03:19:09.412Z</time>
      </trkpt>
      <trkpt lat="-38.46059110946953" lon="144.9341733008623">
        <ele>50.0</ele>
        <time>2024-01-20T03:19:12.987Z</time>
      </trkpt>
      <trkpt lat="-38.4605598449707" lon="144.93415419012308">
        <ele>50.0</ele>
        <time>2024-01-20T03:19:16.564Z</time>
      </trkpt>
      <trkpt lat="-38.46050242893398" lon="144.93415075354278">
        <ele>50.0</ele>
        <time>2024-01-20T03:19:20.144Z</time>
      </trkpt>
      <trkpt lat="-38.46044484525919" lon="144.93418553844094">
        <ele>50.0</ele>
        <time>2024-01-20T03:19:23.728Z</time>
      </trkpt>
      <trkpt lat="-38.46039002761245" lon="144.93426298722625">
        <ele>50.0</ele>
        <time>2024-01-20T03:19:27.316Z</time>
      </trkpt>
      <trkpt lat="-38.46037494018674" lon="144.93436072021723">
        <ele>50.0</ele>
        <time>2024-01-20T03:19:30.909Z</time>
      </trkpt>
      <trkpt lat="-38.460264634341" lon="144.9346516560763">
        <ele>50.0</ele>
        <time>2024-01-20T03:19:34.516Z</time>
      </trkpt>
      <trkpt lat="-38.46018299460411" lon="144.934745952487">
        <ele>50.0</ele>
        <time>2024-01-20T03:19:38.129Z</time>
      </trkpt>
      <trkpt lat="-38.460145695135" lon="144.9349079746753">
        <ele>50.0</ele>
        <time>2024-01-20T03:19:41.749Z</time>
      </trkpt>
      <trkpt lat="-38.45995265990496" lon="144.9351357948035">
        <ele>50.0</ele>
        <time>2024-01-20T03:19:45.384Z</time>
      </trkpt>
      <trkpt lat="-38.45981662161648" lon="144.9352483637631">
        <ele>50.0</ele>
        <time>2024-01-20T03:19:49.028Z</time>
      </trkpt>
      <trkpt lat="-38.45979298464954" lon="144.9351270776242">
        <ele>50.0</ele>
        <time>2024-01-20T03:19:52.677Z</time>
      </trkpt>
      <trkpt lat="-38.459732132032514" lon="144.93504879064858">
        <ele>50.0</ele>
        <time>2024-01-20T03:19:56.331Z</time>
      </trkpt>
      <trkpt lat="-38.4596533421427" lon="144.93498450145125">
        <ele>50.0</ele>
        <time>2024-01-20T03:19:59.991Z</time>
      </trkpt>
      <trkpt lat="-38.459633979946375" lon="144.93494678288698">
        <ele>50.0</ele>
        <time>2024-01-20T03:20:03.652Z</time>
      </trkpt>
      <trkpt lat="-38.459620233625174" lon="144.93481552228332">
        <ele>50.0</ele>
        <time>2024-01-20T03:20:07.319Z</time>
      </trkpt>
      <trkpt lat="-38.45964822918177" lon="144.93459549732506">
        <ele>50.0</ele>
        <time>2024-01-20T03:20:10.996Z</time>
      </trkpt>
      <trkpt lat="-38.45960799604654" lon="144.93443213403225">
        <ele>50.0</ele>
        <time>2024-01-20T03:20:14.681Z</time>
      </trkpt>
      <trkpt lat="-38.45955854281783" lon="144.9343281146139">
        <ele>50.0</ele>
        <time>2024-01-20T03:20:18.371Z</time>
      </trkpt>
      <trkpt lat="-38.459451757371426" lon="144.9342210777104">
        <ele>50.0</ele>
        <time>2024-01-20T03:20:22.068Z</time>
      </trkpt>
      <trkpt lat="-38.4593734703958" lon="144.93404053151608">
        <ele>50.0</ele>
        <time>2024-01-20T03:20:25.774Z</time>
      </trkpt>
      <trkpt lat="-38.45931865274906" lon="144.93397976271808">
        <ele>50.0</ele>
        <time>2024-01-20T03:20:29.484Z</time>
      </trkpt>
      <trkpt lat="-38.45928780734539" lon="144.93387247435749">
        <ele>50.0</ele>
        <time>2024-01-20T03:20:33.199Z</time>
      </trkpt>
      <trkpt lat="-38.459269953891635" lon="144.93348808027804">
        <ele>50.0</ele>
        <time>2024-01-20T03:20:36.931Z</time>
      </trkpt>
      <trkpt lat="-38.45912712626159" lon="144.93309295736253">
        <ele>50.0</ele>
        <time>2024-01-20T03:20:40.682Z</time>
      </trkpt>
      <trkpt lat="-38.45913626253605" lon="144.93293210864067">
        <ele>50.0</ele>
        <time>2024-01-20T03:20:44.440Z</time>
      </trkpt>
      <trkpt lat="-38.45916794613004" lon="144.93277821689844">
        <ele>50.0</ele>
        <time>2024-01-20T03:20:48.205Z</time>
      </trkpt>
      <trkpt lat="-38.459173729643226" lon="144.9324068147689">
        <ele>50.0</ele>
        <time>2024-01-20T03:20:51.987Z</time>
      </trkpt>
      <trkpt lat="-38.459157552570105" lon="144.93232542648911">
        <ele>50.0</ele>
        <time>2024-01-20T03:20:55.772Z</time>
      </trkpt>
      <trkpt lat="-38.45911270938814" lon="144.93225753307343">
        <ele>50.0</ele>
        <time>2024-01-20T03:20:59.561Z</time>
      </trkpt>
      <trkpt lat="-38.45903769135475" lon="144.93219592608511">
        <ele>50.0</ele>
        <time>2024-01-20T03:21:03.355Z</time>
      </trkpt>
      <trkpt lat="-38.45881691202521" lon="144.93205536156893">
        <ele>50.0</ele>
        <time>2024-01-20T03:21:07.163Z</time>
      </trkpt>
      <trkpt lat="-38.458559000864625" lon="144.93202208541334">
        <ele>50.0</ele>
        <time>2024-01-20T03:21:10.985Z</time>
      </trkpt>
      <trkpt lat="-38.4583393111825" lon="144.9320235941559">
        <ele>50.0</ele>
        <time>2024-01-20T03:21:14.820Z</time>
      </trkpt>
      <trkpt lat="-38.45810889266431" lon="144.93197632022202">
        <ele>50.0</ele>
        <time>2024-01-20T03:21:18.668Z</time>
      </trkpt>
      <trkpt lat="-38.45795785076916" lon="144.93189451284707">
        <ele>50.0</ele>
        <time>2024-01-20T03:21:22.525Z</time>
      </trkpt>
      <trkpt lat="-38.457900267094374" lon="144.931823015213">
        <ele>50.0</ele>
        <time>2024-01-20T03:21:26.386Z</time>
      </trkpt>
      <trkpt lat="-38.457872439175844" lon="144.93180985562503">
        <ele>50.0</ele>
        <time>2024-01-20T03:21:30.249Z</time>
      </trkpt>
      <trkpt lat="-38.45777051523328" lon="144.93162696249783">
        <ele>99.2</ele>
        <time>2024-01-20T03:21:34.122Z</time>
      </trkpt>
      <trkpt lat="-38.45772868953645" lon="144.93144021369517">
        <ele>99.2</ele>
        <time>2024-01-20T03:21:38.003Z</time>
      </trkpt>
      <trkpt lat="-38.45774235203862" lon="144.93118808604777">
        <ele>99.2</ele>
        <time>2024-01-20T03:21:41.895Z</time>
      </trkpt>
      <trkpt lat="-38.457795744761825" lon="144.93107040412724">
        <ele>99.2</ele>
        <time>2024-01-20T03:21:45.793Z</time>
      </trkpt>
      <trkpt lat="-38.45787956379354" lon="144.93097133003175">
        <ele>99.2</ele>
        <time>2024-01-20T03:21:49.698Z</time>
      </trkpt>
      <trkpt lat="-38.45791711471975" lon="144.93089882656932">
        <ele>99.2</ele>
        <time>2024-01-20T03:21:53.606Z</time>
      </trkpt>
      <trkpt lat="-38.45801384188235" lon="144.93080142885447">
        <ele>99.2</ele>
        <time>2024-01-20T03:21:57.521Z</time>
      </trkpt>
      <trkpt lat="-38.45804879441857" lon="144.93073630146682">
        <ele>99.2</ele>
        <time>2024-01-20T03:22:01.440Z</time>
      </trkpt>
      <trkpt lat="-38.45815625041723" lon="144.93041560985148">
        <ele>99.2</ele>
        <time>2024-01-20T03:22:05.374Z</time>
      </trkpt>
      <trkpt lat="-38.458158764988184" lon="144.93024822324514">
        <ele>99.2</ele>
        <time>2024-01-20T03:22:09.315Z</time>
      </trkpt>
      <trkpt lat="-38.45813605003059" lon="144.9300705268979">
        <ele>99.2</ele>
        <time>2024-01-20T03:22:13.264Z</time>
      </trkpt>
      <trkpt lat="-38.45808634534478" lon="144.92996147833765">
        <ele>99.2</ele>
        <time>2024-01-20T03:22:17.219Z</time>
      </trkpt>
      <trkpt lat="-38.45803999342024" lon="144.92976165376604">
        <ele>99.2</ele>
        <time>2024-01-20T03:22:21.183Z</time>
      </trkpt>
      <trkpt lat="-38.45800361596048" lon="144.92936443537474">
        <ele>99.2</ele>
        <time>2024-01-20T03:22:25.164Z</time>
      </trkpt>
      <trkpt lat="-38.45794410444796" lon="144.9290879163891">
        <ele>99.2</ele>
        <time>2024-01-20T03:22:29.158Z</time>
      </trkpt>
      <trkpt lat="-38.457833882421255" lon="144.9287715833634">
        <ele>99.2</ele>
        <time>2024-01-20T03:22:33.167Z</time>
      </trkpt>
      <trkpt lat="-38.45774553716183" lon="144.9286629538983">
        <ele>99.2</ele>
        <time>2024-01-20T03:22:37.183Z</time>
      </trkpt>
      <trkpt lat="-38.45765249803662" lon="144.92848576046526">
        <ele>99.2</ele>
        <time>2024-01-20T03:22:41.208Z</time>
      </trkpt>
      <trkpt lat="-38.45760304480791" lon="144.92800899781287">
        <ele>99.2</ele>
        <time>2024-01-20T03:22:45.254Z</time>
      </trkpt>
      <trkpt lat="-38.457557782530785" lon="144.92778008803725">
        <ele>99.2</ele>
        <time>2024-01-20T03:22:49.311Z</time>
      </trkpt>
      <trkpt lat="-38.45750170759857" lon="144.9276020564139">
        <ele>99.2</ele>
        <time>2024-01-20T03:22:53.376Z</time>
      </trkpt>
      <trkpt lat="-38.45745393075049" lon="144.92751044221222">
        <ele>99.2</ele>
        <time>2024-01-20T03:22:57.446Z</time>
      </trkpt>
      <trkpt lat="-38.45737983472645" lon="144.92743643000722">
        <ele>99.2</ele>
        <time>2024-01-20T03:23:01.521Z</time>
      </trkpt>
      <trkpt lat="-38.457319317385554" lon="144.92730508558452">
        <ele>117.6</ele>
        <time>2024-01-20T03:23:05.603Z</time>
      </trkpt>
      <trkpt lat="-38.457254860550165" lon="144.92714893072844">
        <ele>117.6</ele>
        <time>2024-01-20T03:23:09.692Z</time>
      </trkpt>
      <trkpt lat="-38.45719409175217" lon="144.9268486071378">
        <ele>117.6</ele>
        <time>2024-01-20T03:23:13.795Z</time>
      </trkpt>
      <trkpt lat="-38.45706936903298" lon="144.9266480281949">
        <ele>121.4</ele>
        <time>2024-01-20T03:23:17.909Z</time>
      </trkpt>
      <trkpt lat="-38.45701614394784" lon="144.92658927105367">
        <ele>121.4</ele>
        <time>2024-01-20T03:23:22.027Z</time>
      </trkpt>
      <trkpt lat="-38.45690198242664" lon="144.92650863714516">
        <ele>121.4</ele>
        <time>2024-01-20T03:23:26.152Z</time>
      </trkpt>
      <trkpt lat="-38.456785222515464" lon="144.92633990943432">
        <ele>121.4</ele>
        <time>2024-01-20T03:23:30.287Z</time>
      </trkpt>
      <trkpt lat="-38.45667248591781" lon="144.92627914063632">
        <ele>121.4</ele>
        <time>2024-01-20T03:23:34.429Z</time>
      </trkpt>
      <trkpt lat="-38.45663954503834" lon="144.9262238200754">
        <ele>121.4</ele>
        <time>2024-01-20T03:23:38.574Z</time>
      </trkpt>
      <trkpt lat="-38.45660065300763" lon="144.92619314230978">
        <ele>121.4</ele>
        <time>2024-01-20T03:23:42.722Z</time>
      </trkpt>
      <trkpt lat="-38.45643670298159" lon="144.92614896968007">
        <ele>121.4</ele>
        <time>2024-01-20T03:23:46.879Z</time>
      </trkpt>
      <trkpt lat="-38.45633511431515" lon="144.92602885700762">
        <ele>121.4</ele>
        <time>2024-01-20T03:23:51.044Z</time>
      </trkpt>
      <trkpt lat="-38.45626847818494" lon="144.92598208598793">
        <ele>121.4</ele>
        <time>2024-01-20T03:23:55.213Z</time>
      </trkpt>
      <trkpt lat="-38.45622103661299" lon="144.92590991780162">
        <ele>121.4</ele>
        <time>2024-01-20T03:23:59.386Z</time>
      </trkpt>
      <trkpt lat="-38.456178456544876" lon="144.9258001986891">
        <ele>121.4</ele>
        <time>2024-01-20T03:24:03.564Z</time>
      </trkpt>
      <trkpt lat="-38.455966813489795" lon="144.9254685267806">
        <ele>121.4</ele>
        <time>2024-01-20T03:24:07.761Z</time>
      </trkpt>
      <trkpt lat="-38.45588953234255" lon="144.9253207538277">
        <ele>121.4</ele>
        <time>2024-01-20T03:24:11.966Z</time>
      </trkpt>
      <trkpt lat="-38.45585022121668" lon="144.9251659400761">
        <ele>121.4</ele>
        <time>2024-01-20T03:24:16.178Z</time>
      </trkpt>
      <trkpt lat="-38.45578081905842" lon="144.92503543384373">
        <ele>121.4</ele>
        <time>2024-01-20T03:24:20.397Z</time>
      </trkpt>
      <trkpt lat="-38.45564746297896" lon="144.92488355375826">
        <ele>137.2</ele>
        <time>2024-01-20T03:24:24.626Z</time>
      </trkpt>
      <trkpt lat="-38.455628268420696" lon="144.92481825873256">
        <ele>137.2</ele>
        <time>2024-01-20T03:24:28.858Z</time>
      </trkpt>
      <trkpt lat="-38.45563581213355" lon="144.92469370365143">
        <ele>137.2</ele>
        <time>2024-01-20T03:24:33.095Z</time>
      </trkpt>
      <trkpt lat="-38.45553648658097" lon="144.9243722576648">
        <ele>137.2</ele>
        <time>2024-01-20T03:24:37.347Z</time>
      </trkpt>
      <trkpt lat="-38.455469850450754" lon="144.9242739379406">
        <ele>137.2</ele>
        <time>2024-01-20T03:24:41.605Z</time>
      </trkpt>
      <trkpt lat="-38.45539290457964" lon="144.92422440089285">
        <ele>139.0</ele>
        <time>2024-01-20T03:24:45.868Z</time>
      </trkpt>
      <trkpt lat="-38.4553069062531" lon="144.924203613773">
        <ele>139.0</ele>
        <time>2024-01-20T03:24:50.136Z</time>
      </trkpt>
      <trkpt lat="-38.45524253323674" lon="144.924206295982">
        <ele>139.0</ele>
        <time>2024-01-20T03:24:54.407Z</time>
      </trkpt>
      <trkpt lat="-38.45518285408616" lon="144.9242321960628">
        <ele>139.0</ele>
        <time>2024-01-20T03:24:58.682Z</time>
      </trkpt>
      <trkpt lat="-38.455053521320224" lon="144.92433906532824">
        <ele>139.0</ele>
        <time>2024-01-20T03:25:02.965Z</time>
      </trkpt>
      <trkpt lat="-38.45493600703776" lon="144.92434459738433">
        <ele>139.0</ele>
        <time>2024-01-20T03:25:07.255Z</time>
      </trkpt>
      <trkpt lat="-38.45482913777232" lon="144.9243844114244">
        <ele>139.0</ele>
        <time>2024-01-20T03:25:11.551Z</time>
      </trkpt>
      <trkpt lat="-38.45478295348585" lon="144.92438877001405">
        <ele>139.0</ele>
        <time>2024-01-20T03:25:15.850Z</time>
      </trkpt>
      <trkpt lat="-38.45467549748719" lon="144.92432473227382">
        <ele>139.0</ele>
        <time>2024-01-20T03:25:20.155Z</time>
      </trkpt>
      <trkpt lat="-38.45458799041808" lon="144.9243030231446">
        <ele>139.0</ele>
        <time>2024-01-20T03:25:24.465Z</time>
      </trkpt>
      <trkpt lat="-38.45412095077336" lon="144.92443034425378">
        <ele>139.0</ele>
        <time>2024-01-20T03:25:28.802Z</time>
      </trkpt>
      <trkpt lat="-38.45391768962145" lon="144.92439991794527">
        <ele>147.2</ele>
        <time>2024-01-20T03:25:33.150Z</time>
      </trkpt>
      <trkpt lat="-38.45385272987187" lon="144.92437493987381">
        <ele>147.2</ele>
        <time>2024-01-20T03:25:37.502Z</time>
      </trkpt>
      <trkpt lat="-38.453724486753345" lon="144.9242771230638">
        <ele>147.2</ele>
        <time>2024-01-20T03:25:41.862Z</time>
      </trkpt>
      <trkpt lat="-38.45359657891095" lon="144.92423890158534">
        <ele>149.0</ele>
        <time>2024-01-20T03:25:46.230Z</time>
      </trkpt>
      <trkpt lat="-38.4535213932395" lon="144.92424183525145">
        <ele>149.0</ele>
        <time>2024-01-20T03:25:50.602Z</time>
      </trkpt>
      <trkpt lat="-38.45348183065653" lon="144.92428097873926">
        <ele>149.0</ele>
        <time>2024-01-20T03:25:54.977Z</time>
      </trkpt>
      <trkpt lat="-38.4534659050405" lon="144.9243405740708">
        <ele>149.0</ele>
        <time>2024-01-20T03:25:59.354Z</time>
      </trkpt>
      <trkpt lat="-38.45343849621713" lon="144.92512235417962">
        <ele>149.0</ele>
        <time>2024-01-20T03:26:03.766Z</time>
      </trkpt>
      <trkpt lat="-38.45341527834535" lon="144.92516728118062">
        <ele>149.0</ele>
        <time>2024-01-20T03:26:08.180Z</time>
      </trkpt>
      <trkpt lat="-38.45337294973433" lon="144.9251997191459">
        <ele>149.0</ele>
        <time>2024-01-20T03:26:12.597Z</time>
      </trkpt>
      <trkpt lat="-38.45330455340445" lon="144.92521204054356">
        <ele>149.0</ele>
        <time>2024-01-20T03:26:17.018Z</time>
      </trkpt>
      <trkpt lat="-38.45323272049427" lon="144.92520072497427">
        <ele>149.0</ele>
        <time>2024-01-20T03:26:21.443Z</time>
      </trkpt>
      <trkpt lat="-38.453015545383096" lon="144.92510969750583">
        <ele>149.0</ele>
        <time>2024-01-20T03:26:25.880Z</time>
      </trkpt>
      <trkpt lat="-38.45172783359885" lon="144.9246859923005">
        <ele>149.0</ele>
        <time>2024-01-20T03:26:30.392Z</time>
      </trkpt>
      <trkpt lat="-38.45023199915886" lon="144.92452522739768">
        <ele>149.0</ele>
        <time>2024-01-20T03:26:34.987Z</time>
      </trkpt>
      <trkpt lat="-38.449962101876736" lon="144.92447921074927">
        <ele>149.0</ele>
        <time>2024-01-20T03:26:39.597Z</time>
      </trkpt>
      <trkpt lat="-38.449126007035375" lon="144.92446512915194">
        <ele>149.0</ele>
        <time>2024-01-20T03:26:44.254Z</time>
      </trkpt>
      <trkpt lat="-38.4489416051656" lon="144.92449019104242">
        <ele>149.0</ele>
        <time>2024-01-20T03:26:48.921Z</time>
      </trkpt>
      <trkpt lat="-38.44807583838701" lon="144.9245356209576">
        <ele>149.0</ele>
        <time>2024-01-20T03:26:53.636Z</time>
      </trkpt>
      <trkpt lat="-38.447778364643455" lon="144.92451240308583">
        <ele>149.0</ele>
        <time>2024-01-20T03:26:58.368Z</time>
      </trkpt>
      <trkpt lat="-38.447089875116944" lon="144.92441785521805">
        <ele>149.0</ele>
        <time>2024-01-20T03:27:03.138Z</time>
      </trkpt>
      <trkpt lat="-38.446948137134314" lon="144.92441274225712">
        <ele>149.0</ele>
        <time>2024-01-20T03:27:07.916Z</time>
      </trkpt>
      <trkpt lat="-38.446713192388415" lon="144.9243720062077">
        <ele>152.0</ele>
        <time>2024-01-20T03:27:12.708Z</time>
      </trkpt>
      <trkpt lat="-38.446347741410136" lon="144.9244137480855">
        <ele>152.0</ele>
        <time>2024-01-20T03:27:17.520Z</time>
      </trkpt>
      <trkpt lat="-38.44595471397042" lon="144.92443554103374">
        <ele>152.0</ele>
        <time>2024-01-20T03:27:22.354Z</time>
      </trkpt>
      <trkpt lat="-38.4455949626863" lon="144.92449371144176">
        <ele>152.0</ele>
        <time>2024-01-20T03:27:27.208Z</time>
      </trkpt>
      <trkpt lat="-38.44520729966462" lon="144.92446219548583">
        <ele>152.0</ele>
        <time>2024-01-20T03:27:32.084Z</time>
      </trkpt>
      <trkpt lat="-38.44498853199184" lon="144.92437426932156">
        <ele>152.0</ele>
        <time>2024-01-20T03:27:36.972Z</time>
      </trkpt>
      <trkpt lat="-38.4448628872633" lon="144.92428097873926">
        <ele>152.0</ele>
        <time>2024-01-20T03:27:41.869Z</time>
      </trkpt>
      <trkpt lat="-38.44465937465429" lon="144.9239406734705">
        <ele>152.0</ele>
        <time>2024-01-20T03:27:46.784Z</time>
      </trkpt>
      <trkpt lat="-38.44460338354111" lon="144.92380832321942">
        <ele>152.0</ele>
        <time>2024-01-20T03:27:51.706Z</time>
      </trkpt>
      <trkpt lat="-38.444507075473666" lon="144.9237006995827">
        <ele>152.0</ele>
        <time>2024-01-20T03:27:56.635Z</time>
      </trkpt>
      <trkpt lat="-38.44348071143031" lon="144.9231327418238">
        <ele>152.0</ele>
        <time>2024-01-20T03:28:01.626Z</time>
      </trkpt>
      <trkpt lat="-38.44312531873584" lon="144.92297113873065">
        <ele>152.0</ele>
        <time>2024-01-20T03:28:06.638Z</time>
      </trkpt>
      <trkpt lat="-38.44271091744304" lon="144.9227297399193">
        <ele>152.0</ele>
        <time>2024-01-20T03:28:11.676Z</time>
      </trkpt>
      <trkpt lat="-38.442410761490464" lon="144.9224876705557">
        <ele>152.0</ele>
        <time>2024-01-20T03:28:16.734Z</time>
      </trkpt>
      <trkpt lat="-38.44205277040601" lon="144.92223478853703">
        <ele>152.0</ele>
        <time>2024-01-20T03:28:21.814Z</time>
      </trkpt>
      <trkpt lat="-38.44135078601539" lon="144.92162223905325">
        <ele>152.0</ele>
        <time>2024-01-20T03:28:26.942Z</time>
      </trkpt>
      <trkpt lat="-38.44123687595129" lon="144.9215970095247">
        <ele>152.0</ele>
        <time>2024-01-20T03:28:32.076Z</time>
      </trkpt>
      <trkpt lat="-38.43995620496571" lon="144.92177445441484">
        <ele>152.0</ele>
        <time>2024-01-20T03:28:37.282Z</time>
      </trkpt>
      <trkpt lat="-38.43982653692365" lon="144.9217830877751">
        <ele>152.0</ele>
        <time>2024-01-20T03:28:42.495Z</time>
      </trkpt>
      <trkpt lat="-38.43962101265788" lon="144.92176992818713">
        <ele>152.0</ele>
        <time>2024-01-20T03:28:47.720Z</time>
      </trkpt>
      <trkpt lat="-38.43910502269864" lon="144.92157789878547">
        <ele>152.0</ele>
        <time>2024-01-20T03:28:52.974Z</time>
      </trkpt>
      <trkpt lat="-38.43900133855641" lon="144.9214780703187">
        <ele>152.0</ele>
        <time>2024-01-20T03:28:58.236Z</time>
      </trkpt>
      <trkpt lat="-38.43885574489832" lon="144.9213015474379">
        <ele>152.0</ele>
        <time>2024-01-20T03:29:03.509Z</time>
      </trkpt>
      <trkpt lat="-38.43878190033138" lon="144.9212460592389">
        <ele>152.0</ele>
        <time>2024-01-20T03:29:08.787Z</time>
      </trkpt>
      <trkpt lat="-38.43871073797345" lon="144.92121680639684">
        <ele>152.0</ele>
        <time>2024-01-20T03:29:14.069Z</time>
      </trkpt>
      <trkpt lat="-38.43823020346463" lon="144.92120071314275">
        <ele>152.0</ele>
        <time>2024-01-20T03:29:19.378Z</time>
      </trkpt>
      <trkpt lat="-38.43723946250975" lon="144.92125863209367">
        <ele>152.0</ele>
        <time>2024-01-20T03:29:24.742Z</time>
      </trkpt>
      <trkpt lat="-38.437109710648656" lon="144.9212547764182">
        <ele>152.0</ele>
        <time>2024-01-20T03:29:30.113Z</time>
      </trkpt>
      <trkpt lat="-38.436867306008935" lon="144.9212944228202">
        <ele>152.0</ele>
        <time>2024-01-20T03:29:35.498Z</time>
      </trkpt>
      <trkpt lat="-38.436389453709126" lon="144.92127330042422">
        <ele>152.0</ele>
        <time>2024-01-20T03:29:40.909Z</time>
      </trkpt>
      <trkpt lat="-38.43613791279495" lon="144.9212949257344">
        <ele>152.0</ele>
        <time>2024-01-20T03:29:46.334Z</time>
      </trkpt>
      <trkpt lat="-38.43557573854923" lon="144.92128604091704">
        <ele>152.0</ele>
        <time>2024-01-20T03:29:51.791Z</time>
      </trkpt>
      <trkpt lat="-38.435000320896506" lon="144.92131646722555">
        <ele>152.0</ele>
        <time>2024-01-20T03:29:57.280Z</time>
      </trkpt>
      <trkpt lat="-38.434650124982" lon="144.92131059989333">
        <ele>152.0</ele>
        <time>2024-01-20T03:30:02.788Z</time>
      </trkpt>
      <trkpt lat="-38.434073366224766" lon="144.9213324766606">
        <ele>152.0</ele>
        <time>2024-01-20T03:30:08.328Z</time>
      </trkpt>
      <trkpt lat="-38.43362409621477" lon="144.92137195542455">
        <ele>152.0</ele>
        <time>2024-01-20T03:30:13.893Z</time>
      </trkpt>
      <trkpt lat="-38.43342821113765" lon="144.92136290296912">
        <ele>152.0</ele>
        <time>2024-01-20T03:30:19.469Z</time>
      </trkpt>
      <trkpt lat="-38.43304700218141" lon="144.9213755596429">
        <ele>143.4</ele>
        <time>2024-01-20T03:30:25.066Z</time>
      </trkpt>
      <trkpt lat="-38.432482313364744" lon="144.9214255157858">
        <ele>143.4</ele>
        <time>2024-01-20T03:30:30.695Z</time>
      </trkpt>
      <trkpt lat="-38.43236396089196" lon="144.92142082192004">
        <ele>143.4</ele>
        <time>2024-01-20T03:30:36.331Z</time>
      </trkpt>
      <trkpt lat="-38.43205902725458" lon="144.92146507836878">
        <ele>143.4</ele>
        <time>2024-01-20T03:30:41.984Z</time>
      </trkpt>
      <trkpt lat="-38.43180874362588" lon="144.92147111333907">
        <ele>143.4</ele>
        <time>2024-01-20T03:30:47.651Z</time>
      </trkpt>
      <trkpt lat="-38.43126400373876" lon="144.92145225405693">
        <ele>143.4</ele>
        <time>2024-01-20T03:30:53.348Z</time>
      </trkpt>
      <trkpt lat="-38.431050600484014" lon="144.92147211916745">
        <ele>143.4</ele>
        <time>2024-01-20T03:30:59.057Z</time>
      </trkpt>
      <trkpt lat="-38.43101816251874" lon="144.92150120437145">
        <ele>143.4</ele>
        <time>2024-01-20T03:31:04.768Z</time>
      </trkpt>
      <trkpt lat="-38.43092889524996" lon="144.9215161241591">
        <ele>143.4</ele>
        <time>2024-01-20T03:31:10.484Z</time>
      </trkpt>
      <trkpt lat="-38.43065849505365" lon="144.92148754186928">
        <ele>143.4</ele>
        <time>2024-01-20T03:31:16.215Z</time>
      </trkpt>
      <trkpt lat="-38.43024727888405" lon="144.92150598205626">
        <ele>143.4</ele>
        <time>2024-01-20T03:31:21.969Z</time>
      </trkpt>
      <trkpt lat="-38.42998911626637" lon="144.92147077806294">
        <ele>143.4</ele>
        <time>2024-01-20T03:31:27.738Z</time>
      </trkpt>
      <trkpt lat="-38.42967295087874" lon="144.9214986898005">
        <ele>143.4</ele>
        <time>2024-01-20T03:31:33.524Z</time>
      </trkpt>
      <trkpt lat="-38.42954504303634" lon="144.92149516940117">
        <ele>143.4</ele>
        <time>2024-01-20T03:31:39.317Z</time>
      </trkpt>
      <trkpt lat="-38.429326275363564" lon="144.9215153697878">
        <ele>143.4</ele>
        <time>2024-01-20T03:31:45.123Z</time>
      </trkpt>
      <trkpt lat="-38.42928637750447" lon="144.92153263650835">
        <ele>143.4</ele>
        <time>2024-01-20T03:31:50.931Z</time>
      </trkpt>
      <trkpt lat="-38.42897666618228" lon="144.92151495069265">
        <ele>143.4</ele>
        <time>2024-01-20T03:31:56.756Z</time>
      </trkpt>
      <trkpt lat="-38.42876837588847" lon="144.9215314630419">
        <ele>143.4</ele>
        <time>2024-01-20T03:32:02.593Z</time>
      </trkpt>
      <trkpt lat="-38.42854860238731" lon="144.92152182385325">
        <ele>143.4</ele>
        <time>2024-01-20T03:32:08.442Z</time>
      </trkpt>
      <trkpt lat="-38.42836302705109" lon="144.921547556296">
        <ele>143.4</ele>
        <time>2024-01-20T03:32:14.301Z</time>
      </trkpt>
      <trkpt lat="-38.42793722636998" lon="144.92155727930367">
        <ele>143.4</ele>
        <time>2024-01-20T03:32:20.184Z</time>
      </trkpt>
      <trkpt lat="-38.42786790803075" lon="144.9215734563768">
        <ele>143.4</ele>
        <time>2024-01-20T03:32:26.071Z</time>
      </trkpt>
      <trkpt lat="-38.42753481119871" lon="144.92156985215843">
        <ele>143.4</ele>
        <time>2024-01-20T03:32:31.977Z</time>
      </trkpt>
      <trkpt lat="-38.426809357479215" lon="144.92162173613906">
        <ele>143.4</ele>
        <time>2024-01-20T03:32:37.923Z</time>
      </trkpt>
      <trkpt lat="-38.42656544409692" lon="144.92161436006427">
        <ele>143.4</ele>
        <time>2024-01-20T03:32:43.883Z</time>
      </trkpt>
      <trkpt lat="-38.426235783845186" lon="144.92163179442286">
        <ele>143.4</ele>
        <time>2024-01-20T03:32:49.861Z</time>
      </trkpt>
      <trkpt lat="-38.42602422460914" lon="144.92166691459715">
        <ele>143.4</ele>
        <time>2024-01-20T03:32:55.851Z</time>
      </trkpt>
      <trkpt lat="-38.42573219910264" lon="144.92165241390467">
        <ele>147.8</ele>
        <time>2024-01-20T03:33:01.857Z</time>
      </trkpt>
      <trkpt lat="-38.42508042231202" lon="144.92170681245625">
        <ele>147.8</ele>
        <time>2024-01-20T03:33:07.899Z</time>
      </trkpt>
      <trkpt lat="-38.42433460056782" lon="144.92171150632203">
        <ele>147.2</ele>
        <time>2024-01-20T03:33:13.983Z</time>
      </trkpt>
      <trkpt lat="-38.423887845128775" lon="144.9217653181404">
        <ele>147.2</ele>
        <time>2024-01-20T03:33:20.092Z</time>
      </trkpt>
      <trkpt lat="-38.423573691397905" lon="144.9217513203621">
        <ele>147.2</ele>
        <time>2024-01-20T03:33:26.218Z</time>
      </trkpt>
      <trkpt lat="-38.42294940724969" lon="144.92176146246493">
        <ele>147.2</ele>
        <time>2024-01-20T03:33:32.379Z</time>
      </trkpt>
      <trkpt lat="-38.42200141400099" lon="144.92184402421117">
        <ele>147.2</ele>
        <time>2024-01-20T03:33:38.593Z</time>
      </trkpt>
      <trkpt lat="-38.42182757332921" lon="144.92182734422386">
        <ele>147.2</ele>
        <time>2024-01-20T03:33:44.817Z</time>
      </trkpt>
      <trkpt lat="-38.42154183425009" lon="144.92183472029865">
        <ele>140.0</ele>
        <time>2024-01-20T03:33:51.057Z</time>
      </trkpt>
      <trkpt lat="-38.4213084820658" lon="144.9218741990626">
        <ele>140.0</ele>
        <time>2024-01-20T03:33:57.310Z</time>
      </trkpt>
      <trkpt lat="-38.420918975025415" lon="144.9218459520489">
        <ele>140.0</ele>
        <time>2024-01-20T03:34:03.585Z</time>
      </trkpt>
      <trkpt lat="-38.420352693647146" lon="144.92190110497177">
        <ele>140.0</ele>
        <time>2024-01-20T03:34:09.891Z</time>
      </trkpt>
      <trkpt lat="-38.41984290629625" lon="144.9219046253711">
        <ele>140.0</ele>
        <time>2024-01-20T03:34:16.226Z</time>
      </trkpt>
      <trkpt lat="-38.41960670426488" lon="144.92192851379514">
        <ele>140.0</ele>
        <time>2024-01-20T03:34:22.574Z</time>
      </trkpt>
      <trkpt lat="-38.4194468613714" lon="144.92201199755073">
        <ele>140.0</ele>
        <time>2024-01-20T03:34:28.931Z</time>
      </trkpt>
      <trkpt lat="-38.419392965734005" lon="144.92207100614905">
        <ele>130.6</ele>
        <time>2024-01-20T03:34:35.292Z</time>
      </trkpt>
      <trkpt lat="-38.41936924494803" lon="144.92212272249162">
        <ele>130.6</ele>
        <time>2024-01-20T03:34:41.656Z</time>
      </trkpt>
      <trkpt lat="-38.419353906065226" lon="144.92222908884287">
        <ele>130.6</ele>
        <time>2024-01-20T03:34:48.025Z</time>
      </trkpt>
      <trkpt lat="-38.41937695629895" lon="144.92248733527958">
        <ele>130.6</ele>
        <time>2024-01-20T03:34:54.405Z</time>
      </trkpt>
      <trkpt lat="-38.41935323551297" lon="144.92268514819443">
        <ele>130.6</ele>
        <time>2024-01-20T03:35:00.794Z</time>
      </trkpt>
      <trkpt lat="-38.41937268152833" lon="144.9228356871754">
        <ele>130.6</ele>
        <time>2024-01-20T03:35:07.190Z</time>
      </trkpt>
      <trkpt lat="-38.41936421580613" lon="144.92317020893097">
        <ele>130.6</ele>
        <time>2024-01-20T03:35:13.600Z</time>
      </trkpt>
      <trkpt lat="-38.41932624578476" lon="144.92328328080475">
        <ele>130.6</ele>
        <time>2024-01-20T03:35:20.016Z</time>
      </trkpt>
      <trkpt lat="-38.41927830129862" lon="144.9233603104949">
        <ele>130.6</ele>
        <time>2024-01-20T03:35:26.436Z</time>
      </trkpt>
      <trkpt lat="-38.419181406497955" lon="144.9236600473523">
        <ele>130.6</ele>
        <time>2024-01-20T03:35:32.870Z</time>
      </trkpt>
      <trkpt lat="-38.41914829798043" lon="144.92384436540306">
        <ele>130.6</ele>
        <time>2024-01-20T03:35:39.312Z</time>
      </trkpt>
      <trkpt lat="-38.419159445911646" lon="144.92408995516598">
        <ele>130.6</ele>
        <time>2024-01-20T03:35:45.765Z</time>
      </trkpt>
      <trkpt lat="-38.41920085251331" lon="144.9242551624775">
        <ele>130.6</ele>
        <time>2024-01-20T03:35:52.226Z</time>
      </trkpt>
      <trkpt lat="-38.419326497241855" lon="144.9245170969516">
        <ele>130.6</ele>
        <time>2024-01-20T03:35:58.700Z</time>
      </trkpt>
      <trkpt lat="-38.419382655993104" lon="144.9248685501516">
        <ele>130.6</ele>
        <time>2024-01-20T03:36:05.190Z</time>
      </trkpt>
      <trkpt lat="-38.41944543644786" lon="144.92506342940032">
        <ele>130.6</ele>
        <time>2024-01-20T03:36:11.689Z</time>
      </trkpt>
      <trkpt lat="-38.41949354857206" lon="144.9251563847065">
        <ele>130.6</ele>
        <time>2024-01-20T03:36:18.193Z</time>
      </trkpt>
      <trkpt lat="-38.419770235195756" lon="144.92546073161066">
        <ele>130.6</ele>
        <time>2024-01-20T03:36:24.717Z</time>
      </trkpt>
      <trkpt lat="-38.41991566121578" lon="144.92564991116524">
        <ele>141.0</ele>
        <time>2024-01-20T03:36:31.253Z</time>
      </trkpt>
      <trkpt lat="-38.42000258155167" lon="144.92577714845538">
        <ele>141.0</ele>
        <time>2024-01-20T03:36:37.796Z</time>
      </trkpt>
      <trkpt lat="-38.420074079185724" lon="144.9259299505502">
        <ele>141.0</ele>
        <time>2024-01-20T03:36:44.347Z</time>
      </trkpt>
      <trkpt lat="-38.420220678672194" lon="144.92614477872849">
        <ele>141.0</ele>
        <time>2024-01-20T03:36:50.911Z</time>
      </trkpt>
      <trkpt lat="-38.42035914771259" lon="144.92687760852277">
        <ele>141.0</ele>
        <time>2024-01-20T03:36:57.508Z</time>
      </trkpt>
      <trkpt lat="-38.420354537665844" lon="144.92696343921125">
        <ele>141.0</ele>
        <time>2024-01-20T03:37:04.108Z</time>
      </trkpt>
      <trkpt lat="-38.42030215077102" lon="144.9270365294069">
        <ele>141.0</ele>
        <time>2024-01-20T03:37:10.713Z</time>
      </trkpt>
      <trkpt lat="-38.42017340473831" lon="144.92702739313245">
        <ele>141.0</ele>
        <time>2024-01-20T03:37:17.325Z</time>
      </trkpt>
      <trkpt lat="-38.42009972780943" lon="144.92703937925398">
        <ele>141.0</ele>
        <time>2024-01-20T03:37:23.941Z</time>
      </trkpt>
      <trkpt lat="-38.419921696186066" lon="144.9271115474403">
        <ele>141.0</ele>
        <time>2024-01-20T03:37:30.567Z</time>
      </trkpt>
      <trkpt lat="-38.419288946315646" lon="144.9270729906857">
        <ele>141.0</ele>
        <time>2024-01-20T03:37:37.229Z</time>
      </trkpt>
      <trkpt lat="-38.4188043884933" lon="144.9270846415311">
        <ele>141.0</ele>
        <time>2024-01-20T03:37:43.918Z</time>
      </trkpt>
      <trkpt lat="-38.41845637187362" lon="144.92713686078787">
        <ele>141.0</ele>
        <time>2024-01-20T03:37:50.626Z</time>
      </trkpt>
      <trkpt lat="-38.418267695233226" lon="144.9271335080266">
        <ele>141.0</ele>
        <time>2024-01-20T03:37:57.345Z</time>
      </trkpt>
      <trkpt lat="-38.41818027198315" lon="144.92716167122126">
        <ele>141.0</ele>
        <time>2024-01-20T03:38:04.069Z</time>
      </trkpt>
      <trkpt lat="-38.41813299804926" lon="144.92720316164196">
        <ele>141.0</ele>
        <time>2024-01-20T03:38:10.796Z</time>
      </trkpt>
      <trkpt lat="-38.41810525394976" lon="144.92725789546967">
        <ele>141.0</ele>
        <time>2024-01-20T03:38:17.526Z</time>
      </trkpt>
      <trkpt lat="-38.41810014098883" lon="144.92732344195247">
        <ele>141.0</ele>
        <time>2024-01-20T03:38:24.259Z</time>
      </trkpt>
      <trkpt lat="-38.418143978342414" lon="144.92747582495213">
        <ele>141.0</ele>
        <time>2024-01-20T03:38:30.999Z</time>
      </trkpt>
      <trkpt lat="-38.418213464319706" lon="144.92761035449803">
        <ele>141.0</ele>
        <time>2024-01-20T03:38:37.746Z</time>
      </trkpt>
      <trkpt lat="-38.41838353313506" lon="144.9278603028506">
        <ele>141.0</ele>
        <time>2024-01-20T03:38:44.507Z</time>
      </trkpt>
      <trkpt lat="-38.418506663292646" lon="144.928157357499">
        <ele>141.0</ele>
        <time>2024-01-20T03:38:51.283Z</time>
      </trkpt>
      <trkpt lat="-38.418587716296315" lon="144.92842197418213">
        <ele>149.2</ele>
        <time>2024-01-20T03:38:58.071Z</time>
      </trkpt>
      <trkpt lat="-38.418649826198816" lon="144.9288331065327">
        <ele>150.8</ele>
        <time>2024-01-20T03:39:04.878Z</time>
      </trkpt>
      <trkpt lat="-38.41881168074906" lon="144.9291423149407">
        <ele>150.8</ele>
        <time>2024-01-20T03:39:11.701Z</time>
      </trkpt>
      <trkpt lat="-38.41885945759714" lon="144.92928673513234">
        <ele>150.8</ele>
        <time>2024-01-20T03:39:18.531Z</time>
      </trkpt>
      <trkpt lat="-38.418934643268585" lon="144.92977908812463">
        <ele>150.8</ele>
        <time>2024-01-20T03:39:25.383Z</time>
      </trkpt>
      <trkpt lat="-38.41905316337943" lon="144.9302412662655">
        <ele>150.8</ele>
        <time>2024-01-20T03:39:32.256Z</time>
      </trkpt>
      <trkpt lat="-38.4191151894629" lon="144.9303987622261">
        <ele>150.8</ele>
        <time>2024-01-20T03:39:39.137Z</time>
      </trkpt>
      <trkpt lat="-38.4191532433033" lon="144.93055223487318">
        <ele>150.8</ele>
        <time>2024-01-20T03:39:46.025Z</time>
      </trkpt>
      <trkpt lat="-38.41929355636239" lon="144.93078877218068">
        <ele>150.8</ele>
        <time>2024-01-20T03:39:52.926Z</time>
      </trkpt>
      <trkpt lat="-38.41936723329127" lon="144.9309672228992">
        <ele>150.8</ele>
        <time>2024-01-20T03:39:59.836Z</time>
      </trkpt>
      <trkpt lat="-38.41941165737808" lon="144.9311792012304">
        <ele>150.8</ele>
        <time>2024-01-20T03:40:06.755Z</time>
      </trkpt>
      <trkpt lat="-38.419426158070564" lon="144.9315182492137">
        <ele>150.8</ele>
        <time>2024-01-20T03:40:13.689Z</time>
      </trkpt>
      <trkpt lat="-38.41947670094669" lon="144.93171136826277">
        <ele>150.8</ele>
        <time>2024-01-20T03:40:20.632Z</time>
      </trkpt>
      <trkpt lat="-38.4196884278208" lon="144.9323634803295">
        <ele>150.8</ele>
        <time>2024-01-20T03:40:27.606Z</time>
      </trkpt>
      <trkpt lat="-38.419949943199754" lon="144.93297410197556">
        <ele>150.8</ele>
        <time>2024-01-20T03:40:34.610Z</time>
      </trkpt>
      <trkpt lat="-38.42001071199775" lon="144.93315967731178">
        <ele>150.8</ele>
        <time>2024-01-20T03:40:41.623Z</time>
      </trkpt>
      <trkpt lat="-38.42027666978538" lon="144.93361766450107">
        <ele>150.8</ele>
        <time>2024-01-20T03:40:48.661Z</time>
      </trkpt>
      <trkpt lat="-38.4203808568418" lon="144.93375688791275">
        <ele>150.8</ele>
        <time>2024-01-20T03:40:55.707Z</time>
      </trkpt>
      <trkpt lat="-38.42044657096267" lon="144.9339092709124">
        <ele>159.8</ele>
        <time>2024-01-20T03:41:02.761Z</time>
      </trkpt>
      <trkpt lat="-38.42077245935798" lon="144.93428008630872">
        <ele>159.8</ele>
        <time>2024-01-20T03:41:09.839Z</time>
      </trkpt>
      <trkpt lat="-38.42097437940538" lon="144.93446834385395">
        <ele>159.8</ele>
        <time>2024-01-20T03:41:16.931Z</time>
      </trkpt>
      <trkpt lat="-38.42146069742739" lon="144.93473103269935">
        <ele>159.8</ele>
        <time>2024-01-20T03:41:24.053Z</time>
      </trkpt>
      <trkpt lat="-38.4215397387743" lon="144.93478677235544">
        <ele>159.8</ele>
        <time>2024-01-20T03:41:31.180Z</time>
      </trkpt>
      <trkpt lat="-38.42160226777196" lon="144.93486874736845">
        <ele>159.8</ele>
        <time>2024-01-20T03:41:38.312Z</time>
      </trkpt>
      <trkpt lat="-38.42166429385543" lon="144.93501584976912">
        <ele>159.8</ele>
        <time>2024-01-20T03:41:45.451Z</time>
      </trkpt>
      <trkpt lat="-38.4217038564384" lon="144.9351981561631">
        <ele>159.8</ele>
        <time>2024-01-20T03:41:52.598Z</time>
      </trkpt>
      <trkpt lat="-38.42173411510885" lon="144.93556955829263">
        <ele>159.8</ele>
        <time>2024-01-20T03:41:59.762Z</time>
      </trkpt>
      <trkpt lat="-38.4217902738601" lon="144.93585244752467">
        <ele>159.8</ele>
        <time>2024-01-20T03:42:06.939Z</time>
      </trkpt>
      <trkpt lat="-38.421798488125205" lon="144.93613961152732">
        <ele>159.8</ele>
        <time>2024-01-20T03:42:14.128Z</time>
      </trkpt>
      <trkpt lat="-38.42182866297662" lon="144.9364395160228">
        <ele>159.8</ele>
        <time>2024-01-20T03:42:21.330Z</time>
      </trkpt>
      <trkpt lat="-38.42186311259866" lon="144.936561640352">
        <ele>159.8</ele>
        <time>2024-01-20T03:42:28.538Z</time>
      </trkpt>
      <trkpt lat="-38.421922624111176" lon="144.9366829264909">
        <ele>159.8</ele>
        <time>2024-01-20T03:42:35.752Z</time>
      </trkpt>
      <trkpt lat="-38.42225228436291" lon="144.93715818040073">
        <ele>159.8</ele>
        <time>2024-01-20T03:42:42.994Z</time>
      </trkpt>
      <trkpt lat="-38.42244238592684" lon="144.93750074878335">
        <ele>159.8</ele>
        <time>2024-01-20T03:42:50.254Z</time>
      </trkpt>
      <trkpt lat="-38.4225308150053" lon="144.93762278929353">
        <ele>159.8</ele>
        <time>2024-01-20T03:42:57.522Z</time>
      </trkpt>
      <trkpt lat="-38.42280792072415" lon="144.93811832740903">
        <ele>159.8</ele>
        <time>2024-01-20T03:43:04.816Z</time>
      </trkpt>
      <trkpt lat="-38.42289065010846" lon="144.9383241031319">
        <ele>161.0</ele>
        <time>2024-01-20T03:43:12.120Z</time>
      </trkpt>
      <trkpt lat="-38.422937002032995" lon="144.93863750249147">
        <ele>161.0</ele>
        <time>2024-01-20T03:43:19.438Z</time>
      </trkpt>
      <trkpt lat="-38.42302610166371" lon="144.9389933142811">
        <ele>161.0</ele>
        <time>2024-01-20T03:43:26.773Z</time>
      </trkpt>
      <trkpt lat="-38.423100700601935" lon="144.93947803974152">
        <ele>161.0</ele>
        <time>2024-01-20T03:43:34.129Z</time>
      </trkpt>
      <trkpt lat="-38.42312207445502" lon="144.9398831371218">
        <ele>161.0</ele>
        <time>2024-01-20T03:43:41.503Z</time>
      </trkpt>
      <trkpt lat="-38.42316976748407" lon="144.94035403244197">
        <ele>161.0</ele>
        <time>2024-01-20T03:43:48.898Z</time>
      </trkpt>
      <trkpt lat="-38.42308837920427" lon="144.9410481378436">
        <ele>161.0</ele>
        <time>2024-01-20T03:43:56.324Z</time>
      </trkpt>
      <trkpt lat="-38.4231093339622" lon="144.9417376331985">
        <ele>161.0</ele>
        <time>2024-01-20T03:44:03.780Z</time>
      </trkpt>
      <trkpt lat="-38.423160798847675" lon="144.9420275632292">
        <ele>161.0</ele>
        <time>2024-01-20T03:44:11.249Z</time>
      </trkpt>
      <trkpt lat="-38.42315417714417" lon="144.94208665564656">
        <ele>161.0</ele>
        <time>2024-01-20T03:44:18.721Z</time>
      </trkpt>
      <trkpt lat="-38.423131462186575" lon="144.94216930121183">
        <ele>161.0</ele>
        <time>2024-01-20T03:44:26.196Z</time>
      </trkpt>
      <trkpt lat="-38.42306725680828" lon="144.9422521982342">
        <ele>161.0</ele>
        <time>2024-01-20T03:44:33.676Z</time>
      </trkpt>
      <trkpt lat="-38.422875395044684" lon="144.94233551435173">
        <ele>161.0</ele>
        <time>2024-01-20T03:44:41.168Z</time>
      </trkpt>
      <trkpt lat="-38.42266551218927" lon="144.9423906672746">
        <ele>161.0</ele>
        <time>2024-01-20T03:44:48.672Z</time>
      </trkpt>
      <trkpt lat="-38.42259074561298" lon="144.94243199005723">
        <ele>161.0</ele>
        <time>2024-01-20T03:44:56.180Z</time>
      </trkpt>
      <trkpt lat="-38.42221649363637" lon="144.9425381887704">
        <ele>161.0</ele>
        <time>2024-01-20T03:45:03.710Z</time>
      </trkpt>
      <trkpt lat="-38.42215396463871" lon="144.9424818623811">
        <ele>161.0</ele>
        <time>2024-01-20T03:45:11.244Z</time>
      </trkpt>
      <trkpt lat="-38.42215723358095" lon="144.94240080937743">
        <ele>161.0</ele>
        <time>2024-01-20T03:45:18.781Z</time>
      </trkpt>
      <trkpt lat="-38.422138877213" lon="144.94233165867627">
        <ele>161.0</ele>
        <time>2024-01-20T03:45:26.322Z</time>
      </trkpt>
      <trkpt lat="-38.422060338780284" lon="144.94216326624155">
        <ele>161.0</ele>
        <time>2024-01-20T03:45:33.871Z</time>
      </trkpt>
      <trkpt lat="-38.42195514589548" lon="144.9420819617808">
        <ele>161.0</ele>
        <time>2024-01-20T03:45:41.427Z</time>
      </trkpt>
      <trkpt lat="-38.42193226329982" lon="144.9420317541808">
        <ele>163.2</ele>
        <time>2024-01-20T03:45:48.986Z</time>
      </trkpt>
      <trkpt lat="-38.42188021168113" lon="144.94197752326727">
        <ele>163.2</ele>
        <time>2024-01-20T03:45:56.548Z</time>
      </trkpt>
      <trkpt lat="-38.42184425331652" lon="144.9418953806162">
        <ele>163.2</ele>
        <time>2024-01-20T03:46:04.114Z</time>
      </trkpt>
      <trkpt lat="-38.421785244718194" lon="144.9418462626636">
        <ele>163.2</ele>
        <time>2024-01-20T03:46:11.684Z</time>
      </trkpt>
      <trkpt lat="-38.42177233658731" lon="144.9418013356626">
        <ele>163.2</ele>
        <time>2024-01-20T03:46:19.256Z</time>
      </trkpt>
      <trkpt lat="-38.42171207070351" lon="144.94174576364458">
        <ele>163.2</ele>
        <time>2024-01-20T03:46:26.833Z</time>
      </trkpt>
      <trkpt lat="-38.42154107987881" lon="144.9415180273354">
        <ele>163.2</ele>
        <time>2024-01-20T03:46:34.423Z</time>
      </trkpt>
      <trkpt lat="-38.421230195090175" lon="144.9412391614169">
        <ele>165.2</ele>
        <time>2024-01-20T03:46:42.035Z</time>
      </trkpt>
      <trkpt lat="-38.421113938093185" lon="144.94106171652675">
        <ele>165.2</ele>
        <time>2024-01-20T03:46:49.657Z</time>
      </trkpt>
      <trkpt lat="-38.4209268540144" lon="144.9409209843725">
        <ele>165.2</ele>
        <time>2024-01-20T03:46:57.291Z</time>
      </trkpt>
      <trkpt lat="-38.42088259756565" lon="144.94083766825497">
        <ele>165.2</ele>
        <time>2024-01-20T03:47:04.929Z</time>
      </trkpt>
      <trkpt lat="-38.42081998474896" lon="144.94080849923193">
        <ele>165.2</ele>
        <time>2024-01-20T03:47:12.571Z</time>
      </trkpt>
      <trkpt lat="-38.42058068141341" lon="144.94059836491942">
        <ele>165.2</ele>
        <time>2024-01-20T03:47:20.229Z</time>
      </trkpt>
      <trkpt lat="-38.420390244573355" lon="144.94049744680524">
        <ele>165.2</ele>
        <time>2024-01-20T03:47:27.899Z</time>
      </trkpt>
      <trkpt lat="-38.42032788321376" lon="144.94040080346167">
        <ele>165.2</ele>
        <time>2024-01-20T03:47:35.574Z</time>
      </trkpt>
      <trkpt lat="-38.42024054378271" lon="144.94034824892879">
        <ele>165.2</ele>
        <time>2024-01-20T03:47:43.254Z</time>
      </trkpt>
      <trkpt lat="-38.42011825181544" lon="144.94022679515183">
        <ele>165.2</ele>
        <time>2024-01-20T03:47:50.943Z</time>
      </trkpt>
      <trkpt lat="-38.420023787766695" lon="144.94010534137487">
        <ele>165.2</ele>
        <time>2024-01-20T03:47:58.640Z</time>
      </trkpt>
      <trkpt lat="-38.419713489711285" lon="144.93983569554985">
        <ele>165.2</ele>
        <time>2024-01-20T03:48:06.357Z</time>
      </trkpt>
      <trkpt lat="-38.41962028294802" lon="144.93979521095753">
        <ele>165.2</ele>
        <time>2024-01-20T03:48:14.080Z</time>
      </trkpt>
      <trkpt lat="-38.41942364349961" lon="144.93966462090611">
        <ele>165.2</ele>
        <time>2024-01-20T03:48:21.815Z</time>
      </trkpt>
      <trkpt lat="-38.41934728436172" lon="144.93957610800862">
        <ele>165.2</ele>
        <time>2024-01-20T03:48:29.556Z</time>
      </trkpt>
      <trkpt lat="-38.419251227751374" lon="144.9395197816193">
        <ele>165.2</ele>
        <time>2024-01-20T03:48:37.303Z</time>
      </trkpt>
      <trkpt lat="-38.419207809492946" lon="144.9394515529275">
        <ele>165.2</ele>
        <time>2024-01-20T03:48:45.054Z</time>
      </trkpt>
      <trkpt lat="-38.41910689137876" lon="144.93940017186105">
        <ele>165.2</ele>
        <time>2024-01-20T03:48:52.811Z</time>
      </trkpt>
      <trkpt lat="-38.41899189166725" lon="144.9393073003739">
        <ele>165.2</ele>
        <time>2024-01-20T03:49:00.575Z</time>
      </trkpt>
      <trkpt lat="-38.41865879483521" lon="144.93899901397526">
        <ele>165.2</ele>
        <time>2024-01-20T03:49:08.362Z</time>
      </trkpt>
      <trkpt lat="-38.418411277234554" lon="144.9388379137963">
        <ele>165.2</ele>
        <time>2024-01-20T03:49:16.165Z</time>
      </trkpt>
      <trkpt lat="-38.41827222146094" lon="144.93872811086476">
        <ele>165.2</ele>
        <time>2024-01-20T03:49:23.977Z</time>
      </trkpt>
      <trkpt lat="-38.41811405494809" lon="144.93856734596193">
        <ele>173.0</ele>
        <time>2024-01-20T03:49:31.800Z</time>
      </trkpt>
      <trkpt lat="-38.417544504627585" lon="144.9383259471506">
        <ele>173.0</ele>
        <time>2024-01-20T03:49:39.657Z</time>
      </trkpt>
      <trkpt lat="-38.41738575138152" lon="144.938226621598">
        <ele>173.0</ele>
        <time>2024-01-20T03:49:47.524Z</time>
      </trkpt>
      <trkpt lat="-38.41724460013211" lon="144.93816694244742">
        <ele>173.0</ele>
        <time>2024-01-20T03:49:55.399Z</time>
      </trkpt>
      <trkpt lat="-38.41683832928538" lon="144.93777081370354">
        <ele>173.0</ele>
        <time>2024-01-20T03:50:03.302Z</time>
      </trkpt>
      <trkpt lat="-38.41666038148105" lon="144.93766226805747">
        <ele>173.0</ele>
        <time>2024-01-20T03:50:11.216Z</time>
      </trkpt>
      <trkpt lat="-38.41659877449274" lon="144.9376041814685">
        <ele>173.0</ele>
        <time>2024-01-20T03:50:19.135Z</time>
      </trkpt>
      <trkpt lat="-38.41630850918591" lon="144.93743344210088">
        <ele>171.8</ele>
        <time>2024-01-20T03:50:27.071Z</time>
      </trkpt>
      <trkpt lat="-38.41611061245203" lon="144.93725725449622">
        <ele>171.8</ele>
        <time>2024-01-20T03:50:35.021Z</time>
      </trkpt>
      <trkpt lat="-38.416058057919145" lon="144.93717016652226">
        <ele>171.8</ele>
        <time>2024-01-20T03:50:42.976Z</time>
      </trkpt>
      <trkpt lat="-38.4158375300467" lon="144.93691829033196">
        <ele>170.2</ele>
        <time>2024-01-20T03:50:50.947Z</time>
      </trkpt>
      <trkpt lat="-38.41519438661635" lon="144.93627238087356">
        <ele>170.2</ele>
        <time>2024-01-20T03:50:58.964Z</time>
      </trkpt>
      <trkpt lat="-38.41462190262973" lon="144.93582964874804">
        <ele>170.2</ele>
        <time>2024-01-20T03:51:07.018Z</time>
      </trkpt>
      <trkpt lat="-38.41455635614693" lon="144.9357941094786">
        <ele>170.2</ele>
        <time>2024-01-20T03:51:15.076Z</time>
      </trkpt>
      <trkpt lat="-38.41449265368283" lon="144.93578111752868">
        <ele>170.2</ele>
        <time>2024-01-20T03:51:23.138Z</time>
      </trkpt>
      <trkpt lat="-38.41439366340637" lon="144.9357759207487">
        <ele>170.2</ele>
        <time>2024-01-20T03:51:31.205Z</time>
      </trkpt>
      <trkpt lat="-38.41401354409754" lon="144.93584347888827">
        <ele>170.2</ele>
        <time>2024-01-20T03:51:39.294Z</time>
      </trkpt>
      <trkpt lat="-38.41390390880406" lon="144.93593241088092">
        <ele>170.2</ele>
        <time>2024-01-20T03:51:47.390Z</time>
      </trkpt>
      <trkpt lat="-38.41375605203211" lon="144.9361603986472">
        <ele>170.2</ele>
        <time>2024-01-20T03:51:55.499Z</time>
      </trkpt>
      <trkpt lat="-38.41367784887552" lon="144.93619736284018">
        <ele>170.2</ele>
        <time>2024-01-20T03:52:03.612Z</time>
      </trkpt>
      <trkpt lat="-38.413602244108915" lon="144.93620926514268">
        <ele>170.2</ele>
        <time>2024-01-20T03:52:11.730Z</time>
      </trkpt>
      <trkpt lat="-38.41316462494433" lon="144.93617506697774">
        <ele>170.2</ele>
        <time>2024-01-20T03:52:19.872Z</time>
      </trkpt>
      <trkpt lat="-38.412607396021485" lon="144.93624782189727">
        <ele>170.2</ele>
        <time>2024-01-20T03:52:28.045Z</time>
      </trkpt>
      <trkpt lat="-38.41244872659445" lon="144.93624002672732">
        <ele>170.2</ele>
        <time>2024-01-20T03:52:36.227Z</time>
      </trkpt>
      <trkpt lat="-38.41212392784655" lon="144.93626408278942">
        <ele>170.2</ele>
        <time>2024-01-20T03:52:44.427Z</time>
      </trkpt>
      <trkpt lat="-38.411630569025874" lon="144.93624145165086">
        <ele>170.2</ele>
        <time>2024-01-20T03:52:52.655Z</time>
      </trkpt>
      <trkpt lat="-38.41121080331504" lon="144.93625880219042">
        <ele>170.2</ele>
        <time>2024-01-20T03:53:00.906Z</time>
      </trkpt>
      <trkpt lat="-38.41099111363292" lon="144.93622460402548">
        <ele>170.2</ele>
        <time>2024-01-20T03:53:09.169Z</time>
      </trkpt>
      <trkpt lat="-38.41089840978384" lon="144.9362267833203">
        <ele>160.6</ele>
        <time>2024-01-20T03:53:17.437Z</time>
      </trkpt>
      <trkpt lat="-38.410663548856974" lon="144.9362399429083">
        <ele>160.6</ele>
        <time>2024-01-20T03:53:25.719Z</time>
      </trkpt>
      <trkpt lat="-38.41030279174447" lon="144.93631496094167">
        <ele>160.6</ele>
        <time>2024-01-20T03:53:34.021Z</time>
      </trkpt>
      <trkpt lat="-38.41019198298454" lon="144.93631973862648">
        <ele>160.6</ele>
        <time>2024-01-20T03:53:42.329Z</time>
      </trkpt>
      <trkpt lat="-38.41000908985734" lon="144.93629895150661">
        <ele>160.6</ele>
        <time>2024-01-20T03:53:50.647Z</time>
      </trkpt>
      <trkpt lat="-38.40979610569775" lon="144.93632845580578">
        <ele>160.6</ele>
        <time>2024-01-20T03:53:58.977Z</time>
      </trkpt>
      <trkpt lat="-38.40933250263333" lon="144.9362658429891">
        <ele>160.6</ele>
        <time>2024-01-20T03:54:07.333Z</time>
      </trkpt>
      <trkpt lat="-38.409208534285426" lon="144.93626249022782">
        <ele>160.6</ele>
        <time>2024-01-20T03:54:15.696Z</time>
      </trkpt>
      <trkpt lat="-38.40884819626808" lon="144.93631194345653">
        <ele>160.6</ele>
        <time>2024-01-20T03:54:24.079Z</time>
      </trkpt>
      <trkpt lat="-38.40865625068545" lon="144.93636701256037">
        <ele>160.6</ele>
        <time>2024-01-20T03:54:32.473Z</time>
      </trkpt>
      <trkpt lat="-38.40840437449515" lon="144.93637296371162">
        <ele>160.6</ele>
        <time>2024-01-20T03:54:40.881Z</time>
      </trkpt>
      <trkpt lat="-38.40828635729849" lon="144.93635720573366">
        <ele>160.6</ele>
        <time>2024-01-20T03:54:49.296Z</time>
      </trkpt>
      <trkpt lat="-38.408274203538895" lon="144.93637036532164">
        <ele>160.6</ele>
        <time>2024-01-20T03:54:57.712Z</time>
      </trkpt>
      <trkpt lat="-38.40798913501203" lon="144.93637908250093">
        <ele>142.8</ele>
        <time>2024-01-20T03:55:06.144Z</time>
      </trkpt>
      <trkpt lat="-38.407575488090515" lon="144.93642241694033">
        <ele>138.8</ele>
        <time>2024-01-20T03:55:14.599Z</time>
      </trkpt>
      <trkpt lat="-38.407260747626424" lon="144.93641294538975">
        <ele>138.8</ele>
        <time>2024-01-20T03:55:23.071Z</time>
      </trkpt>
      <trkpt lat="-38.40650461614132" lon="144.93644496425986">
        <ele>138.8</ele>
        <time>2024-01-20T03:55:31.585Z</time>
      </trkpt>
      <trkpt lat="-38.40632423758507" lon="144.936434738338">
        <ele>138.8</ele>
        <time>2024-01-20T03:55:40.109Z</time>
      </trkpt>
      <trkpt lat="-38.40603648684919" lon="144.93646734394133">
        <ele>138.8</ele>
        <time>2024-01-20T03:55:48.649Z</time>
      </trkpt>
      <trkpt lat="-38.4051775932312" lon="144.9364608898759">
        <ele>138.8</ele>
        <time>2024-01-20T03:55:57.237Z</time>
      </trkpt>
      <trkpt lat="-38.40501615777612" lon="144.93648712523282">
        <ele>138.8</ele>
        <time>2024-01-20T03:56:05.834Z</time>
      </trkpt>
      <trkpt lat="-38.40464576147497" lon="144.93649248965085">
        <ele>138.8</ele>
        <time>2024-01-20T03:56:14.452Z</time>
      </trkpt>
      <trkpt lat="-38.404137063771486" lon="144.93654487654567">
        <ele>138.8</ele>
        <time>2024-01-20T03:56:23.098Z</time>
      </trkpt>
      <trkpt lat="-38.40384512208402" lon="144.93654822930694">
        <ele>138.8</ele>
        <time>2024-01-20T03:56:31.761Z</time>
      </trkpt>
      <trkpt lat="-38.40358863584697" lon="144.9365724530071">
        <ele>138.8</ele>
        <time>2024-01-20T03:56:40.438Z</time>
      </trkpt>
      <trkpt lat="-38.40340658091009" lon="144.9365576170385">
        <ele>138.8</ele>
        <time>2024-01-20T03:56:49.125Z</time>
      </trkpt>
      <trkpt lat="-38.40303869917989" lon="144.93659089319408">
        <ele>138.8</ele>
        <time>2024-01-20T03:56:57.833Z</time>
      </trkpt>
      <trkpt lat="-38.40254810638726" lon="144.93657974526286">
        <ele>138.8</ele>
        <time>2024-01-20T03:57:06.568Z</time>
      </trkpt>
      <trkpt lat="-38.40181619860232" lon="144.93660723790526">
        <ele>138.8</ele>
        <time>2024-01-20T03:57:15.344Z</time>
      </trkpt>
      <trkpt lat="-38.40158284641802" lon="144.93664202280343">
        <ele>138.8</ele>
        <time>2024-01-20T03:57:24.133Z</time>
      </trkpt>
      <trkpt lat="-38.40108286589384" lon="144.9366416875273">
        <ele>138.8</ele>
        <time>2024-01-20T03:57:32.950Z</time>
      </trkpt>
      <trkpt lat="-38.40078170411289" lon="144.93666674941778">
        <ele>138.8</ele>
        <time>2024-01-20T03:57:41.783Z</time>
      </trkpt>
      <trkpt lat="-38.400428323075175" lon="144.93667068891227">
        <ele>138.8</ele>
        <time>2024-01-20T03:57:50.636Z</time>
      </trkpt>
      <trkpt lat="-38.400036385282874" lon="144.936643531546">
        <ele>138.8</ele>
        <time>2024-01-20T03:57:59.511Z</time>
      </trkpt>
      <trkpt lat="-38.39959675446153" lon="144.93666884489357">
        <ele>138.8</ele>
        <time>2024-01-20T03:58:08.410Z</time>
      </trkpt>
      <trkpt lat="-38.399483766406775" lon="144.93665610440075">
        <ele>138.8</ele>
        <time>2024-01-20T03:58:17.316Z</time>
      </trkpt>
      <trkpt lat="-38.39925770647824" lon="144.93666331283748">
        <ele>138.8</ele>
        <time>2024-01-20T03:58:26.234Z</time>
      </trkpt>
      <trkpt lat="-38.39893047697842" lon="144.93669910356402">
        <ele>138.8</ele>
        <time>2024-01-20T03:58:35.171Z</time>
      </trkpt>
      <trkpt lat="-38.398316502571106" lon="144.93673430755734">
        <ele>138.8</ele>
        <time>2024-01-20T03:58:44.142Z</time>
      </trkpt>
      <trkpt lat="-38.39826671406627" lon="144.93672374635935">
        <ele>138.8</ele>
        <time>2024-01-20T03:58:53.116Z</time>
      </trkpt>
      <trkpt lat="-38.39813134633005" lon="144.9367769714445">
        <ele>138.8</ele>
        <time>2024-01-20T03:59:02.098Z</time>
      </trkpt>
      <trkpt lat="-38.39793764054775" lon="144.9367225728929">
        <ele>138.8</ele>
        <time>2024-01-20T03:59:11.091Z</time>
      </trkpt>
      <trkpt lat="-38.39788097888231" lon="144.93669155985117">
        <ele>138.8</ele>
        <time>2024-01-20T03:59:20.087Z</time>
      </trkpt>
      <trkpt lat="-38.397772600874305" lon="144.93658770807087">
        <ele>138.8</ele>
        <time>2024-01-20T03:59:29.091Z</time>
      </trkpt>
      <trkpt lat="-38.39770588092506" lon="144.93659164756536">
        <ele>138.8</ele>
        <time>2024-01-20T03:59:38.098Z</time>
      </trkpt>
      <trkpt lat="-38.39768492616713" lon="144.93656993843615">
        <ele>138.8</ele>
        <time>2024-01-20T03:59:47.107Z</time>
      </trkpt>
      <trkpt lat="-38.39766355231404" lon="144.93661193177104">
        <ele>138.8</ele>
        <time>2024-01-20T03:59:56.118Z</time>
      </trkpt>
      <trkpt lat="-38.39755735360086" lon="144.93664713576436">
        <ele>138.8</ele>
        <time>2024-01-20T04:00:05.135Z</time>
      </trkpt>
      <trkpt lat="-38.39744159951806" lon="144.93660807609558">
        <ele>138.8</ele>
        <time>2024-01-20T04:00:14.159Z</time>
      </trkpt>
      <trkpt lat="-38.39737211354077" lon="144.93661402724683">
        <ele>138.8</ele>
        <time>2024-01-20T04:00:23.187Z</time>
      </trkpt>
      <trkpt lat="-38.397228280082345" lon="144.9365919828415">
        <ele>138.8</ele>
        <time>2024-01-20T04:00:32.223Z</time>
      </trkpt>
      <trkpt lat="-38.39688596315682" lon="144.93665945716202">
        <ele>138.8</ele>
        <time>2024-01-20T04:00:41.278Z</time>
      </trkpt>
      <trkpt lat="-38.39671446941793" lon="144.93663565255702">
        <ele>138.8</ele>
        <time>2024-01-20T04:00:50.343Z</time>
      </trkpt>
      <trkpt lat="-38.396579939872026" lon="144.93667379021645">
        <ele>138.8</ele>
        <time>2024-01-20T04:00:59.415Z</time>
      </trkpt>
      <trkpt lat="-38.396362429484725" lon="144.93664151988924">
        <ele>138.8</ele>
        <time>2024-01-20T04:01:08.499Z</time>
      </trkpt>
      <trkpt lat="-38.39628950692713" lon="144.9366664979607">
        <ele>138.8</ele>
        <time>2024-01-20T04:01:17.588Z</time>
      </trkpt>
      <trkpt lat="-38.396251536905766" lon="144.9366966728121">
        <ele>138.8</ele>
        <time>2024-01-20T04:01:26.679Z</time>
      </trkpt>
      <trkpt lat="-38.3961617667228" lon="144.93671184405684">
        <ele>138.8</ele>
        <time>2024-01-20T04:01:35.775Z</time>
      </trkpt>
      <trkpt lat="-38.396073589101434" lon="144.93667177855968">
        <ele>138.8</ele>
        <time>2024-01-20T04:01:44.876Z</time>
      </trkpt>
      <trkpt lat="-38.39600904844701" lon="144.93662173859775">
        <ele>105.0</ele>
        <time>2024-01-20T04:01:53.982Z</time>
      </trkpt>
      <trkpt lat="-38.39594232849777" lon="144.93663121014833">
        <ele>105.0</ele>
        <time>2024-01-20T04:02:03.091Z</time>
      </trkpt>
      <trkpt lat="-38.395873764529824" lon="144.93660111911595">
        <ele>105.0</ele>
        <time>2024-01-20T04:02:12.204Z</time>
      </trkpt>
      <trkpt lat="-38.395776450634" lon="144.9366258457303">
        <ele>105.0</ele>
        <time>2024-01-20T04:02:21.323Z</time>
      </trkpt>
      <trkpt lat="-38.39570336043835" lon="144.93660790845752">
        <ele>105.6</ele>
        <time>2024-01-20T04:02:30.446Z</time>
      </trkpt>
      <trkpt lat="-38.39551501907408" lon="144.93661461398005">
        <ele>105.6</ele>
        <time>2024-01-20T04:02:39.580Z</time>
      </trkpt>
      <trkpt lat="-38.395370012149215" lon="144.9366628099233">
        <ele>105.2</ele>
        <time>2024-01-20T04:02:48.722Z</time>
      </trkpt>
      <trkpt lat="-38.39518695138395" lon="144.9366522487253">
        <ele>105.2</ele>
        <time>2024-01-20T04:02:57.874Z</time>
      </trkpt>
      <trkpt lat="-38.395061641931534" lon="144.93671955540776">
        <ele>105.2</ele>
        <time>2024-01-20T04:03:07.034Z</time>
      </trkpt>
      <trkpt lat="-38.39488126337528" lon="144.9366966728121">
        <ele>105.2</ele>
        <time>2024-01-20T04:03:16.204Z</time>
      </trkpt>
      <trkpt lat="-38.39481068775058" lon="144.93667278438807">
        <ele>105.2</ele>
        <time>2024-01-20T04:03:25.378Z</time>
      </trkpt>
      <trkpt lat="-38.39474447071552" lon="144.93667387403548">
        <ele>105.2</ele>
        <time>2024-01-20T04:03:34.556Z</time>
      </trkpt>
      <trkpt lat="-38.39458169415593" lon="144.93662752211094">
        <ele>105.2</ele>
        <time>2024-01-20T04:03:43.743Z</time>
      </trkpt>
      <trkpt lat="-38.39450650848448" lon="144.93671444244683">
        <ele>105.2</ele>
        <time>2024-01-20T04:03:52.935Z</time>
      </trkpt>
      <trkpt lat="-38.39444221928716" lon="144.93673573248088">
        <ele>105.2</ele>
        <time>2024-01-20T04:04:02.131Z</time>
      </trkpt>
      <trkpt lat="-38.394408440217376" lon="144.93671980686486">
        <ele>105.2</ele>
        <time>2024-01-20T04:04:11.329Z</time>
      </trkpt>
      <trkpt lat="-38.394322944805026" lon="144.93662492372096">
        <ele>105.2</ele>
        <time>2024-01-20T04:04:20.534Z</time>
      </trkpt>
      <trkpt lat="-38.39426745660603" lon="144.93660111911595">
        <ele>105.2</ele>
        <time>2024-01-20T04:04:29.742Z</time>
      </trkpt>
      <trkpt lat="-38.39414918795228" lon="144.9366607144475">
        <ele>105.2</ele>
        <time>2024-01-20T04:04:38.957Z</time>
      </trkpt>
      <trkpt lat="-38.39383704587817" lon="144.93673229590058">
        <ele>105.2</ele>
        <time>2024-01-20T04:04:48.190Z</time>
      </trkpt>
      <trkpt lat="-38.39370201341808" lon="144.9367326311767">
        <ele>105.2</ele>
        <time>2024-01-20T04:04:57.430Z</time>
      </trkpt>
      <trkpt lat="-38.39360486716032" lon="144.93669248186052">
        <ele>105.2</ele>
        <time>2024-01-20T04:05:06.676Z</time>
      </trkpt>
      <trkpt lat="-38.39348014444113" lon="144.93671343661845">
        <ele>105.2</ele>
        <time>2024-01-20T04:05:15.929Z</time>
      </trkpt>
      <trkpt lat="-38.39338878169656" lon="144.93669935502112">
        <ele>105.2</ele>
        <time>2024-01-20T04:05:25.187Z</time>
      </trkpt>
      <trkpt lat="-38.39316020719707" lon="144.93677361868322">
        <ele>79.6</ele>
        <time>2024-01-20T04:05:34.458Z</time>
      </trkpt>
      <trkpt lat="-38.3928822632879" lon="144.9367204774171">
        <ele>82.8</ele>
        <time>2024-01-20T04:05:43.745Z</time>
      </trkpt>
      <trkpt lat="-38.39279945008457" lon="144.93676423095167">
        <ele>82.8</ele>
        <time>2024-01-20T04:05:53.037Z</time>
      </trkpt>
      <trkpt lat="-38.3927474822849" lon="144.93677001446486">
        <ele>82.8</ele>
        <time>2024-01-20T04:06:02.332Z</time>
      </trkpt>
      <trkpt lat="-38.39254514314234" lon="144.93672533892095">
        <ele>85.4</ele>
        <time>2024-01-20T04:06:11.638Z</time>
      </trkpt>
      <trkpt lat="-38.39240868575871" lon="144.93674017488956">
        <ele>85.4</ele>
        <time>2024-01-20T04:06:20.952Z</time>
      </trkpt>
      <trkpt lat="-38.39230072684586" lon="144.93671511299908">
        <ele>85.4</ele>
        <time>2024-01-20T04:06:30.272Z</time>
      </trkpt>
      <trkpt lat="-38.39225236326456" lon="144.93673648685217">
        <ele>85.4</ele>
        <time>2024-01-20T04:06:39.595Z</time>
      </trkpt>
      <trkpt lat="-38.392152450978756" lon="144.93682600557804">
        <ele>85.4</ele>
        <time>2024-01-20T04:06:48.924Z</time>
      </trkpt>
      <trkpt lat="-38.39207977987826" lon="144.93685307912529">
        <ele>85.4</ele>
        <time>2024-01-20T04:06:58.258Z</time>
      </trkpt>
      <trkpt lat="-38.39189009740949" lon="144.93685358203948">
        <ele>85.4</ele>
        <time>2024-01-20T04:07:07.602Z</time>
      </trkpt>
      <trkpt lat="-38.39165473356843" lon="144.936815360561">
        <ele>85.4</ele>
        <time>2024-01-20T04:07:16.959Z</time>
      </trkpt>
      <trkpt lat="-38.39119498617947" lon="144.93685031309724">
        <ele>85.4</ele>
        <time>2024-01-20T04:07:26.342Z</time>
      </trkpt>
      <trkpt lat="-38.39094076305628" lon="144.93684276938438">
        <ele>85.4</ele>
        <time>2024-01-20T04:07:35.739Z</time>
      </trkpt>
      <trkpt lat="-38.39070028625429" lon="144.93689666502178">
        <ele>85.4</ele>
        <time>2024-01-20T04:07:45.150Z</time>
      </trkpt>
      <trkpt lat="-38.390599116683006" lon="144.93688677437603">
        <ele>85.4</ele>
        <time>2024-01-20T04:07:54.566Z</time>
      </trkpt>
      <trkpt lat="-38.39044748805463" lon="144.9369089026004">
        <ele>93.6</ele>
        <time>2024-01-20T04:08:03.991Z</time>
      </trkpt>
      <trkpt lat="-38.390346402302384" lon="144.9368874449283">
        <ele>93.6</ele>
        <time>2024-01-20T04:08:13.422Z</time>
      </trkpt>
      <trkpt lat="-38.38998153805733" lon="144.93686112575233">
        <ele>93.6</ele>
        <time>2024-01-20T04:08:22.873Z</time>
      </trkpt>
      <trkpt lat="-38.38980241678655" lon="144.9368990957737">
        <ele>93.6</ele>
        <time>2024-01-20T04:08:32.334Z</time>
      </trkpt>
      <trkpt lat="-38.3896495308727" lon="144.93691066280007">
        <ele>93.6</ele>
        <time>2024-01-20T04:08:41.804Z</time>
      </trkpt>
      <trkpt lat="-38.38954006321728" lon="144.9368094932288">
        <ele>93.6</ele>
        <time>2024-01-20T04:08:51.281Z</time>
      </trkpt>
      <trkpt lat="-38.38929807767272" lon="144.936886690557">
        <ele>93.6</ele>
        <time>2024-01-20T04:09:00.772Z</time>
      </trkpt>
      <trkpt lat="-38.38909883983433" lon="144.936915775761">
        <ele>93.6</ele>
        <time>2024-01-20T04:09:10.274Z</time>
      </trkpt>
      <trkpt lat="-38.38875032030046" lon="144.93680798448622">
        <ele>129.6</ele>
        <time>2024-01-20T04:09:19.796Z</time>
      </trkpt>
      <trkpt lat="-38.38869038969278" lon="144.93681686930358">
        <ele>129.6</ele>
        <time>2024-01-20T04:09:29.321Z</time>
      </trkpt>
      <trkpt lat="-38.38859257288277" lon="144.9368861876428">
        <ele>129.6</ele>
        <time>2024-01-20T04:09:38.853Z</time>
      </trkpt>
      <trkpt lat="-38.38847070001066" lon="144.93687327951193">
        <ele>129.6</ele>
        <time>2024-01-20T04:09:48.391Z</time>
      </trkpt>
      <trkpt lat="-38.388494085520506" lon="144.93687705136836">
        <ele>129.6</ele>
        <time>2024-01-20T04:09:57.931Z</time>
      </trkpt>
      <trkpt lat="-38.388480339199305" lon="144.93686908856034">
        <ele>131.8</ele>
        <time>2024-01-20T04:10:07.472Z</time>
      </trkpt>
      <trkpt lat="-38.388493582606316" lon="144.93687654845417">
        <ele>131.8</ele>
        <time>2024-01-20T04:10:17.013Z</time>
      </trkpt>
      <trkpt lat="-38.38820692151785" lon="144.93693010881543">
        <ele>131.8</ele>
        <time>2024-01-20T04:10:26.571Z</time>
      </trkpt>
      <trkpt lat="-38.38810617104173" lon="144.93692533113062">
        <ele>131.8</ele>
        <time>2024-01-20T04:10:36.134Z</time>
      </trkpt>
      <trkpt lat="-38.38797055184841" lon="144.93686305359006">
        <ele>131.8</ele>
        <time>2024-01-20T04:10:45.705Z</time>
      </trkpt>
      <trkpt lat="-38.38791070505977" lon="144.93686271831393">
        <ele>128.2</ele>
        <time>2024-01-20T04:10:55.280Z</time>
      </trkpt>
      <trkpt lat="-38.38786795735359" lon="144.93682743050158">
        <ele>128.2</ele>
        <time>2024-01-20T04:11:04.857Z</time>
      </trkpt>
      <trkpt lat="-38.38785949163139" lon="144.93679624982178">
        <ele>128.2</ele>
        <time>2024-01-20T04:11:14.436Z</time>
      </trkpt>
      <trkpt lat="-38.38784733787179" lon="144.93628872558475">
        <ele>128.2</ele>
        <time>2024-01-20T04:11:24.037Z</time>
      </trkpt>
      <trkpt lat="-38.38776678778231" lon="144.9356210231781">
        <ele>128.2</ele>
        <time>2024-01-20T04:11:33.668Z</time>
      </trkpt>
      <trkpt lat="-38.38774382136762" lon="144.93509531021118">
        <ele>128.2</ele>
        <time>2024-01-20T04:11:43.322Z</time>
      </trkpt>
      <trkpt lat="-38.38775488547981" lon="144.9347198009491">
        <ele>128.2</ele>
        <time>2024-01-20T04:11:52.992Z</time>
      </trkpt>
      <trkpt lat="-38.38772135786712" lon="144.93325162678957">
        <ele>128.2</ele>
        <time>2024-01-20T04:12:02.727Z</time>
      </trkpt>
      <trkpt lat="-38.38769495487213" lon="144.93311181664467">
        <ele>128.2</ele>
        <time>2024-01-20T04:12:12.468Z</time>
      </trkpt>
      <trkpt lat="-38.387665534392" lon="144.93271434679627">
        <ele>102.6</ele>
        <time>2024-01-20T04:12:22.226Z</time>
      </trkpt>
      <trkpt lat="-38.387644831091166" lon="144.93211797438562">
        <ele>102.6</ele>
        <time>2024-01-20T04:12:32.011Z</time>
      </trkpt>
      <trkpt lat="-38.387655559927225" lon="144.9318766593933">
        <ele>102.6</ele>
        <time>2024-01-20T04:12:41.806Z</time>
      </trkpt>
      <trkpt lat="-38.38763242587447" lon="144.9317201692611">
        <ele>95.4</ele>
        <time>2024-01-20T04:12:51.608Z</time>
      </trkpt>
      <trkpt lat="-38.38761096820235" lon="144.9316635914147">
        <ele>95.4</ele>
        <time>2024-01-20T04:13:01.413Z</time>
      </trkpt>
      <trkpt lat="-38.38756654411554" lon="144.93160961195827">
        <ele>95.4</ele>
        <time>2024-01-20T04:13:11.221Z</time>
      </trkpt>
      <trkpt lat="-38.38695365935564" lon="144.93097845464945">
        <ele>95.4</ele>
        <time>2024-01-20T04:13:21.073Z</time>
      </trkpt>
      <trkpt lat="-38.38662860915065" lon="144.9306048732251">
        <ele>95.4</ele>
        <time>2024-01-20T04:13:30.950Z</time>
      </trkpt>
      <trkpt lat="-38.38614480569959" lon="144.93014143779874">
        <ele>95.4</ele>
        <time>2024-01-20T04:13:40.860Z</time>
      </trkpt>
      <trkpt lat="-38.38604673743248" lon="144.92998771369457">
        <ele>95.4</ele>
        <time>2024-01-20T04:13:50.779Z</time>
      </trkpt>
      <trkpt lat="-38.38600943796337" lon="144.92989249527454">
        <ele>95.4</ele>
        <time>2024-01-20T04:14:00.703Z</time>
      </trkpt>
      <trkpt lat="-38.38599409908056" lon="144.92975637316704">
        <ele>95.4</ele>
        <time>2024-01-20T04:14:10.633Z</time>
      </trkpt>
      <trkpt lat="-38.38600918650627" lon="144.92914843373">
        <ele>95.4</ele>
        <time>2024-01-20T04:14:20.589Z</time>
      </trkpt>
      <trkpt lat="-38.38596744462848" lon="144.92888297885656">
        <ele>95.4</ele>
        <time>2024-01-20T04:14:30.557Z</time>
      </trkpt>
      <trkpt lat="-38.385899467393756" lon="144.92884811013937">
        <ele>95.4</ele>
        <time>2024-01-20T04:14:40.529Z</time>
      </trkpt>
      <trkpt lat="-38.38564935140312" lon="144.92883034050465">
        <ele>95.4</ele>
        <time>2024-01-20T04:14:50.515Z</time>
      </trkpt>
      <trkpt lat="-38.385119615122676" lon="144.9288608506322">
        <ele>95.4</ele>
        <time>2024-01-20T04:15:00.531Z</time>
      </trkpt>
      <trkpt lat="-38.38464469648898" lon="144.9288677237928">
        <ele>95.4</ele>
        <time>2024-01-20T04:15:10.573Z</time>
      </trkpt>
      <trkpt lat="-38.38434252887964" lon="144.92890653200448">
        <ele>95.4</ele>
        <time>2024-01-20T04:15:20.632Z</time>
      </trkpt>
      <trkpt lat="-38.3838976174593" lon="144.92893192917109">
        <ele>95.4</ele>
        <time>2024-01-20T04:15:30.716Z</time>
      </trkpt>
      <trkpt lat="-38.38370810262859" lon="144.92889689281583">
        <ele>95.4</ele>
        <time>2024-01-20T04:15:40.811Z</time>
      </trkpt>
      <trkpt lat="-38.38332798331976" lon="144.9289163388312">
        <ele>95.4</ele>
        <time>2024-01-20T04:15:50.927Z</time>
      </trkpt>
      <trkpt lat="-38.38322019204497" lon="144.92889580316842">
        <ele>95.4</ele>
        <time>2024-01-20T04:16:01.049Z</time>
      </trkpt>
      <trkpt lat="-38.383232010528445" lon="144.92876722477376">
        <ele>95.4</ele>
        <time>2024-01-20T04:16:11.176Z</time>
      </trkpt>
      <trkpt lat="-38.38321214541793" lon="144.92842381820083">
        <ele>95.4</ele>
        <time>2024-01-20T04:16:21.319Z</time>
      </trkpt>
      <trkpt lat="-38.383224634453654" lon="144.92819021455944">
        <ele>95.4</ele>
        <time>2024-01-20T04:16:31.472Z</time>
      </trkpt>
      <trkpt lat="-38.383135702461004" lon="144.92806180380285">
        <ele>67.8</ele>
        <time>2024-01-20T04:16:41.632Z</time>
      </trkpt>
      <trkpt lat="-38.383111730217934" lon="144.92798779159784">
        <ele>67.8</ele>
        <time>2024-01-20T04:16:51.796Z</time>
      </trkpt>
      <trkpt lat="-38.38322153314948" lon="144.92766693234444">
        <ele>67.8</ele>
        <time>2024-01-20T04:17:01.975Z</time>
      </trkpt>
      <trkpt lat="-38.38329386897385" lon="144.92756098508835">
        <ele>67.8</ele>
        <time>2024-01-20T04:17:12.160Z</time>
      </trkpt>
      <trkpt lat="-38.383306693285704" lon="144.92748638615012">
        <ele>67.8</ele>
        <time>2024-01-20T04:17:22.349Z</time>
      </trkpt>
      <trkpt lat="-38.38325732387602" lon="144.92713971063495">
        <ele>67.8</ele>
        <time>2024-01-20T04:17:32.553Z</time>
      </trkpt>
      <trkpt lat="-38.38318180292845" lon="144.926812145859">
        <ele>67.8</ele>
        <time>2024-01-20T04:17:42.772Z</time>
      </trkpt>
      <trkpt lat="-38.38314576074481" lon="144.926724890247">
        <ele>67.8</ele>
        <time>2024-01-20T04:17:52.995Z</time>
      </trkpt>
      <trkpt lat="-38.383035035803914" lon="144.9265560787171">
        <ele>67.8</ele>
        <time>2024-01-20T04:18:03.228Z</time>
      </trkpt>
      <trkpt lat="-38.382806461304426" lon="144.92640570737422">
        <ele>67.8</ele>
        <time>2024-01-20T04:18:13.475Z</time>
      </trkpt>
      <trkpt lat="-38.38268802501261" lon="144.92637008428574">
        <ele>67.8</ele>
        <time>2024-01-20T04:18:23.729Z</time>
      </trkpt>
      <trkpt lat="-38.38260336779058" lon="144.92625273764133">
        <ele>67.8</ele>
        <time>2024-01-20T04:18:33.990Z</time>
      </trkpt>
      <trkpt lat="-38.382518542930484" lon="144.92618777789176">
        <ele>67.8</ele>
        <time>2024-01-20T04:18:44.257Z</time>
      </trkpt>
      <trkpt lat="-38.38243044912815" lon="144.92608610540628">
        <ele>67.8</ele>
        <time>2024-01-20T04:18:54.530Z</time>
      </trkpt>
      <trkpt lat="-38.38239717297256" lon="144.92595300078392">
        <ele>67.8</ele>
        <time>2024-01-20T04:19:04.809Z</time>
      </trkpt>
      <trkpt lat="-38.38237864896655" lon="144.9257098417729">
        <ele>67.8</ele>
        <time>2024-01-20T04:19:15.099Z</time>
      </trkpt>
      <trkpt lat="-38.382350485771894" lon="144.92563088424504">
        <ele>67.8</ele>
        <time>2024-01-20T04:19:25.393Z</time>
      </trkpt>
      <trkpt lat="-38.38215786963701" lon="144.9255107715726">
        <ele>67.8</ele>
        <time>2024-01-20T04:19:35.699Z</time>
      </trkpt>
      <trkpt lat="-38.381855534389615" lon="144.92542971856892">
        <ele>67.8</ele>
        <time>2024-01-20T04:19:46.022Z</time>
      </trkpt>
      <trkpt lat="-38.381743216887116" lon="144.92530005052686">
        <ele>67.8</ele>
        <time>2024-01-20T04:19:56.353Z</time>
      </trkpt>
      <trkpt lat="-38.381632743403316" lon="144.9251011479646">
        <ele>67.8</ele>
        <time>2024-01-20T04:20:06.695Z</time>
      </trkpt>
      <trkpt lat="-38.38153718970716" lon="144.92504842579365">
        <ele>67.8</ele>
        <time>2024-01-20T04:20:17.043Z</time>
      </trkpt>
      <trkpt lat="-38.381050787866116" lon="144.92505722679198">
        <ele>67.8</ele>
        <time>2024-01-20T04:20:27.418Z</time>
      </trkpt>
      <trkpt lat="-38.38085565716028" lon="144.92509025149047">
        <ele>67.8</ele>
        <time>2024-01-20T04:20:37.804Z</time>
      </trkpt>
      <trkpt lat="-38.38058743625879" lon="144.92509762756526">
        <ele>67.8</ele>
        <time>2024-01-20T04:20:48.205Z</time>
      </trkpt>
      <trkpt lat="-38.379966923967004" lon="144.92507692426443">
        <ele>67.8</ele>
        <time>2024-01-20T04:20:58.640Z</time>
      </trkpt>
      <trkpt lat="-38.37891516275704" lon="144.92509335279465">
        <ele>70.4</ele>
        <time>2024-01-20T04:21:09.134Z</time>
      </trkpt>
      <trkpt lat="-38.37812935933471" lon="144.92514884099364">
        <ele>70.4</ele>
        <time>2024-01-20T04:21:19.672Z</time>
      </trkpt>
      <trkpt lat="-38.377423686906695" lon="144.925128640607">
        <ele>70.4</ele>
        <time>2024-01-20T04:21:30.249Z</time>
      </trkpt>
      <trkpt lat="-38.37737892754376" lon="144.92515915073454">
        <ele>70.4</ele>
        <time>2024-01-20T04:21:40.829Z</time>
      </trkpt>
      <trkpt lat="-38.377361660823226" lon="144.92521924898028">
        <ele>70.4</ele>
        <time>2024-01-20T04:21:51.412Z</time>
      </trkpt>
      <trkpt lat="-38.37744397111237" lon="144.9261855147779">
        <ele>73.2</ele>
        <time>2024-01-20T04:22:02.037Z</time>
      </trkpt>
      <trkpt lat="-38.377427542582154" lon="144.92644669488072">
        <ele>73.2</ele>
        <time>2024-01-20T04:22:12.674Z</time>
      </trkpt>
      <trkpt lat="-38.377444641664624" lon="144.9267970584333">
        <ele>73.2</ele>
        <time>2024-01-20T04:22:23.326Z</time>
      </trkpt>
      <trkpt lat="-38.37743475101888" lon="144.92727683857083">
        <ele>73.2</ele>
        <time>2024-01-20T04:22:33.999Z</time>
      </trkpt>
      <trkpt lat="-38.37739904411137" lon="144.9275616556406">
        <ele>73.2</ele>
        <time>2024-01-20T04:22:44.685Z</time>
      </trkpt>
      <trkpt lat="-38.37735000997782" lon="144.92770347744226">
        <ele>73.2</ele>
        <time>2024-01-20T04:22:55.378Z</time>
      </trkpt>
      <trkpt lat="-38.37733307853341" lon="144.9277078360319">
        <ele>73.2</ele>
        <time>2024-01-20T04:23:06.072Z</time>
      </trkpt>
      <trkpt lat="-38.377313716337085" lon="144.9276742246002">
        <ele>73.2</ele>
        <time>2024-01-20T04:23:16.767Z</time>
      </trkpt>
      <trkpt lat="-38.37719636969268" lon="144.92780649103224">
        <ele>73.2</ele>
        <time>2024-01-20T04:23:27.471Z</time>
      </trkpt>
      <trkpt lat="-38.37699143216014" lon="144.92799340747297">
        <ele>73.2</ele>
        <time>2024-01-20T04:23:38.189Z</time>
      </trkpt>
      <trkpt lat="-38.37693686597049" lon="144.92810010910034">
        <ele>73.2</ele>
        <time>2024-01-20T04:23:48.913Z</time>
      </trkpt>
      <trkpt lat="-38.37692203000188" lon="144.9281541723758">
        <ele>73.2</ele>
        <time>2024-01-20T04:23:59.639Z</time>
      </trkpt>
      <trkpt lat="-38.3769035898149" lon="144.92848869413137">
        <ele>73.2</ele>
        <time>2024-01-20T04:24:10.380Z</time>
      </trkpt>
      <trkpt lat="-38.37679881602526" lon="144.9289621040225">
        <ele>73.2</ele>
        <time>2024-01-20T04:24:21.142Z</time>
      </trkpt>
      <trkpt lat="-38.37676294147968" lon="144.92941204458475">
        <ele>73.2</ele>
        <time>2024-01-20T04:24:31.924Z</time>
      </trkpt>
      <trkpt lat="-38.376668645069" lon="144.92974958382547">
        <ele>73.2</ele>
        <time>2024-01-20T04:24:42.722Z</time>
      </trkpt>
      <trkpt lat="-38.376661352813244" lon="144.92982401512563">
        <ele>73.2</ele>
        <time>2024-01-20T04:24:53.523Z</time>
      </trkpt>
      <trkpt lat="-38.37653746828437" lon="144.9301965907216">
        <ele>73.2</ele>
        <time>2024-01-20T04:25:04.342Z</time>
      </trkpt>
      <trkpt lat="-38.37646722793579" lon="144.93027051910758">
        <ele>73.2</ele>
        <time>2024-01-20T04:25:15.166Z</time>
      </trkpt>
      <trkpt lat="-38.37640712969005" lon="144.93029340170324">
        <ele>73.2</ele>
        <time>2024-01-20T04:25:25.994Z</time>
      </trkpt>
      <trkpt lat="-38.3763734344393" lon="144.93028996512294">
        <ele>73.2</ele>
        <time>2024-01-20T04:25:36.823Z</time>
      </trkpt>
      <trkpt lat="-38.37618861347437" lon="144.9302094988525">
        <ele>73.2</ele>
        <time>2024-01-20T04:25:47.663Z</time>
      </trkpt>
      <trkpt lat="-38.37603388354182" lon="144.93010715581477">
        <ele>73.2</ele>
        <time>2024-01-20T04:25:58.513Z</time>
      </trkpt>
      <trkpt lat="-38.37573071010411" lon="144.92995242588222">
        <ele>73.2</ele>
        <time>2024-01-20T04:26:09.381Z</time>
      </trkpt>
      <trkpt lat="-38.375354362651706" lon="144.92984010837972">
        <ele>73.2</ele>
        <time>2024-01-20T04:26:20.271Z</time>
      </trkpt>
      <trkpt lat="-38.37532242760062" lon="144.9298189021647">
        <ele>73.2</ele>
        <time>2024-01-20T04:26:31.163Z</time>
      </trkpt>
      <trkpt lat="-38.37530381977558" lon="144.92978042922914">
        <ele>73.2</ele>
        <time>2024-01-20T04:26:42.057Z</time>
      </trkpt>
      <trkpt lat="-38.375262916088104" lon="144.92961974814534">
        <ele>73.2</ele>
        <time>2024-01-20T04:26:52.958Z</time>
      </trkpt>
      <trkpt lat="-38.37518664076924" lon="144.92957079783082">
        <ele>73.2</ele>
        <time>2024-01-20T04:27:03.864Z</time>
      </trkpt>
      <trkpt lat="-38.37499142624438" lon="144.92953492328525">
        <ele>88.6</ele>
        <time>2024-01-20T04:27:14.781Z</time>
      </trkpt>
      <trkpt lat="-38.37479269132018" lon="144.92953098379076">
        <ele>88.6</ele>
        <time>2024-01-20T04:27:25.709Z</time>
      </trkpt>
      <trkpt lat="-38.374677021056414" lon="144.92954975925386">
        <ele>88.6</ele>
        <time>2024-01-20T04:27:36.643Z</time>
      </trkpt>
      <trkpt lat="-38.37458800524473" lon="144.9295360967517">
        <ele>88.6</ele>
        <time>2024-01-20T04:27:47.582Z</time>
      </trkpt>
      <trkpt lat="-38.374391701072454" lon="144.9294666107744">
        <ele>88.6</ele>
        <time>2024-01-20T04:27:58.533Z</time>
      </trkpt>
      <trkpt lat="-38.37421107105911" lon="144.92944557219744">
        <ele>88.6</ele>
        <time>2024-01-20T04:28:09.494Z</time>
      </trkpt>
      <trkpt lat="-38.37396405637264" lon="144.92933484725654">
        <ele>88.6</ele>
        <time>2024-01-20T04:28:20.469Z</time>
      </trkpt>
      <trkpt lat="-38.37353800423443" lon="144.92919629439712">
        <ele>88.6</ele>
        <time>2024-01-20T04:28:31.469Z</time>
      </trkpt>
      <trkpt lat="-38.37347145192325" lon="144.92920450866222">
        <ele>88.6</ele>
        <time>2024-01-20T04:28:42.473Z</time>
      </trkpt>
      <trkpt lat="-38.37334337644279" lon="144.92929578758776">
        <ele>88.6</ele>
        <time>2024-01-20T04:28:53.485Z</time>
      </trkpt>
      <trkpt lat="-38.373063588514924" lon="144.92937139235437">
        <ele>88.6</ele>
        <time>2024-01-20T04:29:04.513Z</time>
      </trkpt>
      <trkpt lat="-38.37299267761409" lon="144.92942310869694">
        <ele>88.6</ele>
        <time>2024-01-20T04:29:15.545Z</time>
      </trkpt>
      <trkpt lat="-38.372915647923946" lon="144.92955017834902">
        <ele>88.6</ele>
        <time>2024-01-20T04:29:26.584Z</time>
      </trkpt>
      <trkpt lat="-38.37278782390058" lon="144.92969225160778">
        <ele>88.6</ele>
        <time>2024-01-20T04:29:37.633Z</time>
      </trkpt>
      <trkpt lat="-38.3727471716702" lon="144.92978939786553">
        <ele>88.6</ele>
        <time>2024-01-20T04:29:48.687Z</time>
      </trkpt>
      <trkpt lat="-38.37273292243481" lon="144.92989827878773">
        <ele>88.6</ele>
        <time>2024-01-20T04:29:59.745Z</time>
      </trkpt>
      <trkpt lat="-38.37275362573564" lon="144.93008226156235">
        <ele>88.6</ele>
        <time>2024-01-20T04:30:10.812Z</time>
      </trkpt>
      <trkpt lat="-38.3727540448308" lon="144.93028015829623">
        <ele>88.6</ele>
        <time>2024-01-20T04:30:21.887Z</time>
      </trkpt>
      <trkpt lat="-38.37266569957137" lon="144.93080235086381">
        <ele>88.6</ele>
        <time>2024-01-20T04:30:32.986Z</time>
      </trkpt>
      <trkpt lat="-38.37244927883148" lon="144.93130635470152">
        <ele>88.6</ele>
        <time>2024-01-20T04:30:44.110Z</time>
      </trkpt>
      <trkpt lat="-38.37233981117606" lon="144.9314733222127">
        <ele>88.6</ele>
        <time>2024-01-20T04:30:55.243Z</time>
      </trkpt>
      <trkpt lat="-38.37218826636672" lon="144.9317563790828">
        <ele>88.6</ele>
        <time>2024-01-20T04:31:06.391Z</time>
      </trkpt>
      <trkpt lat="-38.37201149202883" lon="144.9319881387055">
        <ele>88.6</ele>
        <time>2024-01-20T04:31:17.554Z</time>
      </trkpt>
      <trkpt lat="-38.37183739989996" lon="144.93234059773386">
        <ele>88.6</ele>
        <time>2024-01-20T04:31:28.735Z</time>
      </trkpt>
      <trkpt lat="-38.37181066162884" lon="144.932473115623">
        <ele>88.6</ele>
        <time>2024-01-20T04:31:39.922Z</time>
      </trkpt>
      <trkpt lat="-38.371797082945704" lon="144.93268308229744">
        <ele>88.6</ele>
        <time>2024-01-20T04:31:51.118Z</time>
      </trkpt>
      <trkpt lat="-38.37161804549396" lon="144.93366695009172">
        <ele>88.6</ele>
        <time>2024-01-20T04:32:02.358Z</time>
      </trkpt>
      <trkpt lat="-38.37154277600348" lon="144.93398303166032">
        <ele>88.6</ele>
        <time>2024-01-20T04:32:13.613Z</time>
      </trkpt>
      <trkpt lat="-38.37148108519614" lon="144.93411152623594">
        <ele>88.6</ele>
        <time>2024-01-20T04:32:24.874Z</time>
      </trkpt>
      <trkpt lat="-38.37139751762152" lon="144.93440011516213">
        <ele>193.2</ele>
        <time>2024-01-20T04:32:36.149Z</time>
      </trkpt>
      <trkpt lat="-38.37136306799948" lon="144.9346563499421">
        <ele>193.2</ele>
        <time>2024-01-20T04:32:47.435Z</time>
      </trkpt>
      <trkpt lat="-38.37130674161017" lon="144.93479892611504">
        <ele>193.2</ele>
        <time>2024-01-20T04:32:58.728Z</time>
      </trkpt>
      <trkpt lat="-38.37119861505926" lon="144.93494359776378">
        <ele>193.2</ele>
        <time>2024-01-20T04:33:10.030Z</time>
      </trkpt>
      <trkpt lat="-38.37103952653706" lon="144.9350824020803">
        <ele>193.2</ele>
        <time>2024-01-20T04:33:21.343Z</time>
      </trkpt>
      <trkpt lat="-38.37081623263657" lon="144.93522279895842">
        <ele>193.2</ele>
        <time>2024-01-20T04:33:32.670Z</time>
      </trkpt>
      <trkpt lat="-38.37053619325161" lon="144.9353321827948">
        <ele>193.2</ele>
        <time>2024-01-20T04:33:44.013Z</time>
      </trkpt>
      <trkpt lat="-38.37034726515412" lon="144.93548406288028">
        <ele>193.2</ele>
        <time>2024-01-20T04:33:55.368Z</time>
      </trkpt>
      <trkpt lat="-38.370194379240274" lon="144.93558674119413">
        <ele>193.2</ele>
        <time>2024-01-20T04:34:06.733Z</time>
      </trkpt>
      <trkpt lat="-38.370072674006224" lon="144.9356453306973">
        <ele>193.2</ele>
        <time>2024-01-20T04:34:18.105Z</time>
      </trkpt>
      <trkpt lat="-38.369892882183194" lon="144.9357848893851">
        <ele>193.2</ele>
        <time>2024-01-20T04:34:29.489Z</time>
      </trkpt>
      <trkpt lat="-38.36964184418321" lon="144.93612938560545">
        <ele>193.2</ele>
        <time>2024-01-20T04:34:40.893Z</time>
      </trkpt>
      <trkpt lat="-38.3692673407495" lon="144.93652668781579">
        <ele>193.2</ele>
        <time>2024-01-20T04:34:52.325Z</time>
      </trkpt>
      <trkpt lat="-38.368731988593936" lon="144.9371768720448">
        <ele>193.2</ele>
        <time>2024-01-20T04:35:03.798Z</time>
      </trkpt>
      <trkpt lat="-38.3686666097492" lon="144.9372281692922">
        <ele>193.2</ele>
        <time>2024-01-20T04:35:15.275Z</time>
      </trkpt>
      <trkpt lat="-38.36857692338526" lon="144.93734241463244">
        <ele>193.2</ele>
        <time>2024-01-20T04:35:26.759Z</time>
      </trkpt>
      <trkpt lat="-38.368491511791945" lon="144.93756411597133">
        <ele>193.2</ele>
        <time>2024-01-20T04:35:38.254Z</time>
      </trkpt>
      <trkpt lat="-38.36842143908143" lon="144.93814607150853">
        <ele>193.2</ele>
        <time>2024-01-20T04:35:49.775Z</time>
      </trkpt>
      <trkpt lat="-38.3684004843235" lon="144.9381893221289">
        <ele>193.2</ele>
        <time>2024-01-20T04:36:01.298Z</time>
      </trkpt>
      <trkpt lat="-38.36830006912351" lon="144.93822813034058">
        <ele>193.2</ele>
        <time>2024-01-20T04:36:12.827Z</time>
      </trkpt>
      <trkpt lat="-38.36820602416992" lon="144.9382110312581">
        <ele>193.2</ele>
        <time>2024-01-20T04:36:24.361Z</time>
      </trkpt>
      <trkpt lat="-38.36809018626809" lon="144.93813626468182">
        <ele>193.2</ele>
        <time>2024-01-20T04:36:35.902Z</time>
      </trkpt>
      <trkpt lat="-38.36792481131852" lon="144.93798606097698">
        <ele>193.2</ele>
        <time>2024-01-20T04:36:47.455Z</time>
      </trkpt>
      <trkpt lat="-38.36785038001835" lon="144.937959657982">
        <ele>193.2</ele>
        <time>2024-01-20T04:36:59.012Z</time>
      </trkpt>
      <trkpt lat="-38.36770554073155" lon="144.93786787614226">
        <ele>193.2</ele>
        <time>2024-01-20T04:37:10.578Z</time>
      </trkpt>
      <trkpt lat="-38.36745550855994" lon="144.93788229301572">
        <ele>193.2</ele>
        <time>2024-01-20T04:37:22.158Z</time>
      </trkpt>
      <trkpt lat="-38.36733422242105" lon="144.93786619976163">
        <ele>193.2</ele>
        <time>2024-01-20T04:37:33.745Z</time>
      </trkpt>
      <trkpt lat="-38.367205476388335" lon="144.93792495690286">
        <ele>193.2</ele>
        <time>2024-01-20T04:37:45.339Z</time>
      </trkpt>
      <trkpt lat="-38.36715350858867" lon="144.93801472708583">
        <ele>193.2</ele>
        <time>2024-01-20T04:37:56.938Z</time>
      </trkpt>
      <trkpt lat="-38.367095086723566" lon="144.93822310119867">
        <ele>204.8</ele>
        <time>2024-01-20T04:38:08.547Z</time>
      </trkpt>
      <trkpt lat="-38.36701897904277" lon="144.93833114393055">
        <ele>204.8</ele>
        <time>2024-01-20T04:38:20.162Z</time>
      </trkpt>
      <trkpt lat="-38.36692166514695" lon="144.93842544034123">
        <ele>204.8</ele>
        <time>2024-01-20T04:38:31.784Z</time>
      </trkpt>
      <trkpt lat="-38.36680448614061" lon="144.93862970732152">
        <ele>204.8</ele>
        <time>2024-01-20T04:38:43.417Z</time>
      </trkpt>
      <trkpt lat="-38.36677582003176" lon="144.93872274644673">
        <ele>204.8</ele>
        <time>2024-01-20T04:38:55.055Z</time>
      </trkpt>
      <trkpt lat="-38.36676936596632" lon="144.9388196412474">
        <ele>204.8</ele>
        <time>2024-01-20T04:39:06.697Z</time>
      </trkpt>
      <trkpt lat="-38.36681446060538" lon="144.93905676528811">
        <ele>204.8</ele>
        <time>2024-01-20T04:39:18.350Z</time>
      </trkpt>
      <trkpt lat="-38.36693021468818" lon="144.93925776332617">
        <ele>204.8</ele>
        <time>2024-01-20T04:39:30.013Z</time>
      </trkpt>
      <trkpt lat="-38.36696181446314" lon="144.93934225291014">
        <ele>204.8</ele>
        <time>2024-01-20T04:39:41.681Z</time>
      </trkpt>
      <trkpt lat="-38.366946559399366" lon="144.93953201919794">
        <ele>204.8</ele>
        <time>2024-01-20T04:39:53.357Z</time>
      </trkpt>
      <trkpt lat="-38.3668929990381" lon="144.93975774385035">
        <ele>204.8</ele>
        <time>2024-01-20T04:40:05.043Z</time>
      </trkpt>
      <trkpt lat="-38.3669017162174" lon="144.94010341353714">
        <ele>204.8</ele>
        <time>2024-01-20T04:40:16.744Z</time>
      </trkpt>
      <trkpt lat="-38.36706189438701" lon="144.94057539850473">
        <ele>204.8</ele>
        <time>2024-01-20T04:40:28.468Z</time>
      </trkpt>
      <trkpt lat="-38.36721142753959" lon="144.9409484770149">
        <ele>204.8</ele>
        <time>2024-01-20T04:40:40.210Z</time>
      </trkpt>
      <trkpt lat="-38.367287032306194" lon="144.94105492718518">
        <ele>204.8</ele>
        <time>2024-01-20T04:40:51.959Z</time>
      </trkpt>
      <trkpt lat="-38.36728250607848" lon="144.94108518585563">
        <ele>204.8</ele>
        <time>2024-01-20T04:41:03.709Z</time>
      </trkpt>
      <trkpt lat="-38.36722224019468" lon="144.9411527439952">
        <ele>204.8</ele>
        <time>2024-01-20T04:41:15.463Z</time>
      </trkpt>
      <trkpt lat="-38.36716331541538" lon="144.94118015281856">
        <ele>204.8</ele>
        <time>2024-01-20T04:41:27.221Z</time>
      </trkpt>
      <trkpt lat="-38.36692661046982" lon="144.94121837429702">
        <ele>204.8</ele>
        <time>2024-01-20T04:41:38.992Z</time>
      </trkpt>
      <trkpt lat="-38.36671521887183" lon="144.94131015613675">
        <ele>204.8</ele>
        <time>2024-01-20T04:41:50.776Z</time>
      </trkpt>
      <trkpt lat="-38.36649972014129" lon="144.9413031153381">
        <ele>204.8</ele>
        <time>2024-01-20T04:42:02.572Z</time>
      </trkpt>
      <trkpt lat="-38.36640425026417" lon="144.9413351342082">
        <ele>204.8</ele>
        <time>2024-01-20T04:42:14.373Z</time>
      </trkpt>
      <trkpt lat="-38.36626502685249" lon="144.94141769595444">
        <ele>204.8</ele>
        <time>2024-01-20T04:42:26.183Z</time>
      </trkpt>
      <trkpt lat="-38.36623082868755" lon="144.94147695600986">
        <ele>204.8</ele>
        <time>2024-01-20T04:42:37.996Z</time>
      </trkpt>
      <trkpt lat="-38.366177435964346" lon="144.94169153273106">
        <ele>204.8</ele>
        <time>2024-01-20T04:42:49.819Z</time>
      </trkpt>
      <trkpt lat="-38.36612571962178" lon="144.94178750552237">
        <ele>204.8</ele>
        <time>2024-01-20T04:43:01.647Z</time>
      </trkpt>
      <trkpt lat="-38.36611842736602" lon="144.94190552271903">
        <ele>204.8</ele>
        <time>2024-01-20T04:43:13.480Z</time>
      </trkpt>
      <trkpt lat="-38.3660192694515" lon="144.94195397011936">
        <ele>204.8</ele>
        <time>2024-01-20T04:43:25.319Z</time>
      </trkpt>
      <trkpt lat="-38.36569095030427" lon="144.9418806284666">
        <ele>204.8</ele>
        <time>2024-01-20T04:43:37.176Z</time>
      </trkpt>
      <trkpt lat="-38.36543102748692" lon="144.94192589074373">
        <ele>204.8</ele>
        <time>2024-01-20T04:43:49.048Z</time>
      </trkpt>
      <trkpt lat="-38.36528057232499" lon="144.9419078696519">
        <ele>204.8</ele>
        <time>2024-01-20T04:44:00.928Z</time>
      </trkpt>
      <trkpt lat="-38.365227011963725" lon="144.94191826321185">
        <ele>204.8</ele>
        <time>2024-01-20T04:44:12.812Z</time>
      </trkpt>
      <trkpt lat="-38.365063816308975" lon="144.94186981581151">
        <ele>204.8</ele>
        <time>2024-01-20T04:44:24.705Z</time>
      </trkpt>
      <trkpt lat="-38.36491981521249" lon="144.94185372255743">
        <ele>204.8</ele>
        <time>2024-01-20T04:44:36.606Z</time>
      </trkpt>
      <trkpt lat="-38.36486952379346" lon="144.94188968092203">
        <ele>217.6</ele>
        <time>2024-01-20T04:44:48.510Z</time>
      </trkpt>
      <trkpt lat="-38.36474446579814" lon="144.94216569699347">
        <ele>217.6</ele>
        <time>2024-01-20T04:45:00.428Z</time>
      </trkpt>
      <trkpt lat="-38.36469803005457" lon="144.9422308243811">
        <ele>217.6</ele>
        <time>2024-01-20T04:45:12.350Z</time>
      </trkpt>
      <trkpt lat="-38.36453332565725" lon="144.9423571396619">
        <ele>217.6</ele>
        <time>2024-01-20T04:45:24.283Z</time>
      </trkpt>
      <trkpt lat="-38.364251190796494" lon="144.94248647242785">
        <ele>217.6</ele>
        <time>2024-01-20T04:45:36.232Z</time>
      </trkpt>
      <trkpt lat="-38.36415572091937" lon="144.94255537167192">
        <ele>217.6</ele>
        <time>2024-01-20T04:45:48.187Z</time>
      </trkpt>
      <trkpt lat="-38.364090509712696" lon="144.94275838136673">
        <ele>217.6</ele>
        <time>2024-01-20T04:46:00.152Z</time>
      </trkpt>
      <trkpt lat="-38.36392831988633" lon="144.9430360738188">
        <ele>217.6</ele>
        <time>2024-01-20T04:46:12.132Z</time>
      </trkpt>
      <trkpt lat="-38.36383167654276" lon="144.94324947707355">
        <ele>217.6</ele>
        <time>2024-01-20T04:46:24.123Z</time>
      </trkpt>
      <trkpt lat="-38.3636671397835" lon="144.9434919655323">
        <ele>217.6</ele>
        <time>2024-01-20T04:46:36.128Z</time>
      </trkpt>
      <trkpt lat="-38.36364274844527" lon="144.94356907904148">
        <ele>217.6</ele>
        <time>2024-01-20T04:46:48.137Z</time>
      </trkpt>
      <trkpt lat="-38.36360251531005" lon="144.94380561634898">
        <ele>217.6</ele>
        <time>2024-01-20T04:47:00.156Z</time>
      </trkpt>
      <trkpt lat="-38.363605281338096" lon="144.94388130493462">
        <ele>239.8</ele>
        <time>2024-01-20T04:47:12.179Z</time>
      </trkpt>
      <trkpt lat="-38.36366252973676" lon="144.9440078716725">
        <ele>239.8</ele>
        <time>2024-01-20T04:47:24.208Z</time>
      </trkpt>
      <trkpt lat="-38.3637036010623" lon="144.9440432433039">
        <ele>239.8</ele>
        <time>2024-01-20T04:47:36.240Z</time>
      </trkpt>
      <trkpt lat="-38.363886745646596" lon="144.9442916829139">
        <ele>239.8</ele>
        <time>2024-01-20T04:47:48.287Z</time>
      </trkpt>
      <trkpt lat="-38.36391390301287" lon="144.94442403316498">
        <ele>239.8</ele>
        <time>2024-01-20T04:48:00.340Z</time>
      </trkpt>
      <trkpt lat="-38.363902838900685" lon="144.94451355189085">
        <ele>239.8</ele>
        <time>2024-01-20T04:48:12.397Z</time>
      </trkpt>
      <trkpt lat="-38.363912142813206" lon="144.94469560682774">
        <ele>239.8</ele>
        <time>2024-01-20T04:48:24.462Z</time>
      </trkpt>
      <trkpt lat="-38.36371215060353" lon="144.94527337141335">
        <ele>239.8</ele>
        <time>2024-01-20T04:48:36.554Z</time>
      </trkpt>
      <trkpt lat="-38.36365540511906" lon="144.94535450823605">
        <ele>239.8</ele>
        <time>2024-01-20T04:48:48.651Z</time>
      </trkpt>
      <trkpt lat="-38.36358248256147" lon="144.94541075080633">
        <ele>239.8</ele>
        <time>2024-01-20T04:49:00.753Z</time>
      </trkpt>
      <trkpt lat="-38.363501178100705" lon="144.94545777328312">
        <ele>239.8</ele>
        <time>2024-01-20T04:49:12.860Z</time>
      </trkpt>
      <trkpt lat="-38.36339933797717" lon="144.94548920542002">
        <ele>250.2</ele>
        <time>2024-01-20T04:49:24.973Z</time>
      </trkpt>
      <trkpt lat="-38.36319892667234" lon="144.94541485793889">
        <ele>250.2</ele>
        <time>2024-01-20T04:49:37.097Z</time>
      </trkpt>
      <trkpt lat="-38.363135643303394" lon="144.9453265964985">
        <ele>250.2</ele>
        <time>2024-01-20T04:49:49.226Z</time>
      </trkpt>
      <trkpt lat="-38.36290279403329" lon="144.94509307667613">
        <ele>250.2</ele>
        <time>2024-01-20T04:50:01.372Z</time>
      </trkpt>
      <trkpt lat="-38.36283104494214" lon="144.9450404383242">
        <ele>250.2</ele>
        <time>2024-01-20T04:50:13.523Z</time>
      </trkpt>
      <trkpt lat="-38.362696850672364" lon="144.94498905725777">
        <ele>250.2</ele>
        <time>2024-01-20T04:50:25.681Z</time>
      </trkpt>
      <trkpt lat="-38.362301643937826" lon="144.94469351135194">
        <ele>250.2</ele>
        <time>2024-01-20T04:50:37.865Z</time>
      </trkpt>
      <trkpt lat="-38.36219636723399" lon="144.94465495459735">
        <ele>250.2</ele>
        <time>2024-01-20T04:50:50.055Z</time>
      </trkpt>
      <trkpt lat="-38.361992351710796" lon="144.9444024078548">
        <ele>250.2</ele>
        <time>2024-01-20T04:51:02.261Z</time>
      </trkpt>
      <trkpt lat="-38.361909706145525" lon="144.94435731321573">
        <ele>250.2</ele>
        <time>2024-01-20T04:51:14.472Z</time>
      </trkpt>
      <trkpt lat="-38.36174299009144" lon="144.94433434680104">
        <ele>250.2</ele>
        <time>2024-01-20T04:51:26.692Z</time>
      </trkpt>
      <trkpt lat="-38.361522210761905" lon="144.94422580115497">
        <ele>250.2</ele>
        <time>2024-01-20T04:51:38.925Z</time>
      </trkpt>
      <trkpt lat="-38.36132423020899" lon="144.94419093243778">
        <ele>250.2</ele>
        <time>2024-01-20T04:51:51.170Z</time>
      </trkpt>
      <trkpt lat="-38.36106908507645" lon="144.9442366976291">
        <ele>250.2</ele>
        <time>2024-01-20T04:52:03.429Z</time>
      </trkpt>
      <trkpt lat="-38.3608715236187" lon="144.94425354525447">
        <ele>250.2</ele>
        <time>2024-01-20T04:52:15.699Z</time>
      </trkpt>
      <trkpt lat="-38.36070933379233" lon="144.9443017411977">
        <ele>250.2</ele>
        <time>2024-01-20T04:52:27.978Z</time>
      </trkpt>
      <trkpt lat="-38.360492745414376" lon="144.9442330095917">
        <ele>250.2</ele>
        <time>2024-01-20T04:52:40.270Z</time>
      </trkpt>
      <trkpt lat="-38.36021136492491" lon="144.94394844397902">
        <ele>250.2</ele>
        <time>2024-01-20T04:52:52.582Z</time>
      </trkpt>
      <trkpt lat="-38.3601669408381" lon="144.9438733421266">
        <ele>250.2</ele>
        <time>2024-01-20T04:53:04.898Z</time>
      </trkpt>
      <trkpt lat="-38.36011379957199" lon="144.94372623972595">
        <ele>250.2</ele>
        <time>2024-01-20T04:53:17.221Z</time>
      </trkpt>
      <trkpt lat="-38.36001145653427" lon="144.94365566410124">
        <ele>250.2</ele>
        <time>2024-01-20T04:53:29.550Z</time>
      </trkpt>
      <trkpt lat="-38.3599042519927" lon="144.9436632078141">
        <ele>250.2</ele>
        <time>2024-01-20T04:53:41.885Z</time>
      </trkpt>
      <trkpt lat="-38.359809117391706" lon="144.94372649118304">
        <ele>259.8</ele>
        <time>2024-01-20T04:53:54.226Z</time>
      </trkpt>
      <trkpt lat="-38.35967550985515" lon="144.9439423251897">
        <ele>259.8</ele>
        <time>2024-01-20T04:54:06.579Z</time>
      </trkpt>
      <trkpt lat="-38.35963971912861" lon="144.94413435459137">
        <ele>259.8</ele>
        <time>2024-01-20T04:54:18.941Z</time>
      </trkpt>
      <trkpt lat="-38.3596106339246" lon="144.94420769624412">
        <ele>259.8</ele>
        <time>2024-01-20T04:54:31.307Z</time>
      </trkpt>
      <trkpt lat="-38.35945229977369" lon="144.94446066208184">
        <ele>259.8</ele>
        <time>2024-01-20T04:54:43.687Z</time>
      </trkpt>
      <trkpt lat="-38.359409887343645" lon="144.94445747695863">
        <ele>259.8</ele>
        <time>2024-01-20T04:54:56.069Z</time>
      </trkpt>
      <trkpt lat="-38.35931492038071" lon="144.9443583190441">
        <ele>259.8</ele>
        <time>2024-01-20T04:55:08.458Z</time>
      </trkpt>
      <trkpt lat="-38.35907922126353" lon="144.94430048391223">
        <ele>259.8</ele>
        <time>2024-01-20T04:55:20.860Z</time>
      </trkpt>
      <trkpt lat="-38.35898844525218" lon="144.9443437345326">
        <ele>259.8</ele>
        <time>2024-01-20T04:55:33.268Z</time>
      </trkpt>
      <trkpt lat="-38.35881946608424" lon="144.94448974728584">
        <ele>259.8</ele>
        <time>2024-01-20T04:55:45.687Z</time>
      </trkpt>
      <trkpt lat="-38.35867127403617" lon="144.94453014805913">
        <ele>259.8</ele>
        <time>2024-01-20T04:55:58.115Z</time>
      </trkpt>
      <trkpt lat="-38.35859592072666" lon="144.94452763348818">
        <ele>259.8</ele>
        <time>2024-01-20T04:56:10.547Z</time>
      </trkpt>
      <trkpt lat="-38.35847932845354" lon="144.94445119053125">
        <ele>259.8</ele>
        <time>2024-01-20T04:56:22.986Z</time>
      </trkpt>
      <trkpt lat="-38.35835510864854" lon="144.944284055382">
        <ele>259.8</ele>
        <time>2024-01-20T04:56:35.435Z</time>
      </trkpt>
      <trkpt lat="-38.35826592519879" lon="144.94420283474028">
        <ele>259.8</ele>
        <time>2024-01-20T04:56:47.890Z</time>
      </trkpt>
      <trkpt lat="-38.35799602791667" lon="144.94403787888587">
        <ele>259.8</ele>
        <time>2024-01-20T04:57:00.362Z</time>
      </trkpt>
      <trkpt lat="-38.3578338380903" lon="144.94384794496">
        <ele>259.8</ele>
        <time>2024-01-20T04:57:12.846Z</time>
      </trkpt>
      <trkpt lat="-38.35775136016309" lon="144.94379228912294">
        <ele>259.8</ele>
        <time>2024-01-20T04:57:25.335Z</time>
      </trkpt>
      <trkpt lat="-38.35758372209966" lon="144.94355767965317">
        <ele>259.8</ele>
        <time>2024-01-20T04:57:37.838Z</time>
      </trkpt>
      <trkpt lat="-38.3574987296015" lon="144.9435207992792">
        <ele>259.8</ele>
        <time>2024-01-20T04:57:50.346Z</time>
      </trkpt>
      <trkpt lat="-38.35736218839884" lon="144.94358701631427">
        <ele>259.8</ele>
        <time>2024-01-20T04:58:02.862Z</time>
      </trkpt>
      <trkpt lat="-38.35727082565427" lon="144.9436830729246">
        <ele>259.8</ele>
        <time>2024-01-20T04:58:15.385Z</time>
      </trkpt>
      <trkpt lat="-38.35727149620652" lon="144.94369883090258">
        <ele>259.8</ele>
        <time>2024-01-20T04:58:27.909Z</time>
      </trkpt>
      <trkpt lat="-38.357249619439244" lon="144.9436983279884">
        <ele>259.8</ele>
        <time>2024-01-20T04:58:40.434Z</time>
      </trkpt>
      <trkpt lat="-38.35720234550536" lon="144.9437535647303">
        <ele>259.8</ele>
        <time>2024-01-20T04:58:52.962Z</time>
      </trkpt>
      <trkpt lat="-38.357153395190835" lon="144.94385339319706">
        <ele>259.8</ele>
        <time>2024-01-20T04:59:05.496Z</time>
      </trkpt>
      <trkpt lat="-38.35695717483759" lon="144.94411457329988">
        <ele>259.8</ele>
        <time>2024-01-20T04:59:18.045Z</time>
      </trkpt>
      <trkpt lat="-38.356688199564815" lon="144.94419160299003">
        <ele>259.8</ele>
        <time>2024-01-20T04:59:30.610Z</time>
      </trkpt>
      <trkpt lat="-38.35668593645096" lon="144.94417609646916">
        <ele>259.8</ele>
        <time>2024-01-20T04:59:43.175Z</time>
      </trkpt>
      <trkpt lat="-38.356686690822244" lon="144.94421197101474">
        <ele>264.4</ele>
        <time>2024-01-20T04:59:55.742Z</time>
      </trkpt>
      <trkpt lat="-38.35668451152742" lon="144.9441589973867">
        <ele>264.4</ele>
        <time>2024-01-20T05:00:08.311Z</time>
      </trkpt>
      <trkpt lat="-38.35665131919086" lon="144.94419621303678">
        <ele>264.4</ele>
        <time>2024-01-20T05:00:20.883Z</time>
      </trkpt>
      <trkpt lat="-38.35636708885431" lon="144.94432931765914">
        <ele>264.4</ele>
        <time>2024-01-20T05:00:33.472Z</time>
      </trkpt>
      <trkpt lat="-38.35628494620323" lon="144.94440601207316">
        <ele>264.4</ele>
        <time>2024-01-20T05:00:46.066Z</time>
      </trkpt>
      <trkpt lat="-38.35624169558287" lon="144.94448580779135">
        <ele>264.4</ele>
        <time>2024-01-20T05:00:58.665Z</time>
      </trkpt>
      <trkpt lat="-38.356130216270685" lon="144.94460633955896">
        <ele>257.4</ele>
        <time>2024-01-20T05:01:11.272Z</time>
      </trkpt>
      <trkpt lat="-38.35591941140592" lon="144.94466660544276">
        <ele>257.4</ele>
        <time>2024-01-20T05:01:23.891Z</time>
      </trkpt>
      <trkpt lat="-38.355661667883396" lon="144.94471044279635">
        <ele>257.4</ele>
        <time>2024-01-20T05:01:36.524Z</time>
      </trkpt>
      <trkpt lat="-38.35556225851178" lon="144.94476567953825">
        <ele>257.4</ele>
        <time>2024-01-20T05:01:49.163Z</time>
      </trkpt>
      <trkpt lat="-38.35550341755152" lon="144.94482259266078">
        <ele>257.4</ele>
        <time>2024-01-20T05:02:01.806Z</time>
      </trkpt>
      <trkpt lat="-38.355435859411955" lon="144.94492761790752">
        <ele>257.4</ele>
        <time>2024-01-20T05:02:14.455Z</time>
      </trkpt>
      <trkpt lat="-38.35526059381664" lon="144.94530740194023">
        <ele>257.4</ele>
        <time>2024-01-20T05:02:27.124Z</time>
      </trkpt>
      <trkpt lat="-38.35522094741464" lon="144.94544427841902">
        <ele>257.4</ele>
        <time>2024-01-20T05:02:39.799Z</time>
      </trkpt>
      <trkpt lat="-38.355208206921816" lon="144.945626584813">
        <ele>257.4</ele>
        <time>2024-01-20T05:02:52.482Z</time>
      </trkpt>
      <trkpt lat="-38.355223294347525" lon="144.94571451097727">
        <ele>257.4</ele>
        <time>2024-01-20T05:03:05.169Z</time>
      </trkpt>
      <trkpt lat="-38.35531331598759" lon="144.94596077129245">
        <ele>257.4</ele>
        <time>2024-01-20T05:03:17.868Z</time>
      </trkpt>
      <trkpt lat="-38.3553194347769" lon="144.94606462307274">
        <ele>257.4</ele>
        <time>2024-01-20T05:03:30.572Z</time>
      </trkpt>
      <trkpt lat="-38.35525833070278" lon="144.9462777748704">
        <ele>257.4</ele>
        <time>2024-01-20T05:03:43.285Z</time>
      </trkpt>
      <trkpt lat="-38.355185659602284" lon="144.94639771990478">
        <ele>257.4</ele>
        <time>2024-01-20T05:03:56.005Z</time>
      </trkpt>
      <trkpt lat="-38.35500402376056" lon="144.94646184146404">
        <ele>257.4</ele>
        <time>2024-01-20T05:04:08.736Z</time>
      </trkpt>
      <trkpt lat="-38.35497351363301" lon="144.94648698717356">
        <ele>257.4</ele>
        <time>2024-01-20T05:04:21.469Z</time>
      </trkpt>
      <trkpt lat="-38.35493269376457" lon="144.94649017229676">
        <ele>257.4</ele>
        <time>2024-01-20T05:04:34.204Z</time>
      </trkpt>
      <trkpt lat="-38.354686265811324" lon="144.9464421439916">
        <ele>257.4</ele>
        <time>2024-01-20T05:04:46.953Z</time>
      </trkpt>
      <trkpt lat="-38.3545545861125" lon="144.94637073017657">
        <ele>257.4</ele>
        <time>2024-01-20T05:04:59.710Z</time>
      </trkpt>
      <trkpt lat="-38.354510413482785" lon="144.94631918147206">
        <ele>257.4</ele>
        <time>2024-01-20T05:05:12.470Z</time>
      </trkpt>
      <trkpt lat="-38.35444604046643" lon="144.94629579596221">
        <ele>257.4</ele>
        <time>2024-01-20T05:05:25.234Z</time>
      </trkpt>
      <trkpt lat="-38.3543249219656" lon="144.9463002383709">
        <ele>257.4</ele>
        <time>2024-01-20T05:05:38.005Z</time>
      </trkpt>
      <trkpt lat="-38.35425602272153" lon="144.94628607295454">
        <ele>257.4</ele>
        <time>2024-01-20T05:05:50.779Z</time>
      </trkpt>
      <trkpt lat="-38.35401923395693" lon="144.94631465524435">
        <ele>257.4</ele>
        <time>2024-01-20T05:06:03.567Z</time>
      </trkpt>
      <trkpt lat="-38.353928960859776" lon="144.94630350731313">
        <ele>257.4</ele>
        <time>2024-01-20T05:06:16.360Z</time>
      </trkpt>
      <trkpt lat="-38.353815050795674" lon="144.94633519090712">
        <ele>257.4</ele>
        <time>2024-01-20T05:06:29.159Z</time>
      </trkpt>
      <trkpt lat="-38.35373466834426" lon="144.94631842710078">
        <ele>257.4</ele>
        <time>2024-01-20T05:06:41.963Z</time>
      </trkpt>
      <trkpt lat="-38.35367415100336" lon="144.94627811014652">
        <ele>257.4</ele>
        <time>2024-01-20T05:06:54.771Z</time>
      </trkpt>
      <trkpt lat="-38.35334474220872" lon="144.94594694115222">
        <ele>257.4</ele>
        <time>2024-01-20T05:07:07.602Z</time>
      </trkpt>
      <trkpt lat="-38.35310250520706" lon="144.94575935415924">
        <ele>257.4</ele>
        <time>2024-01-20T05:07:20.449Z</time>
      </trkpt>
      <trkpt lat="-38.35287091322243" lon="144.94560420513153">
        <ele>257.4</ele>
        <time>2024-01-20T05:07:33.310Z</time>
      </trkpt>
      <trkpt lat="-38.352558854967356" lon="144.94545978493989">
        <ele>257.4</ele>
        <time>2024-01-20T05:07:46.190Z</time>
      </trkpt>
      <trkpt lat="-38.35227093659341" lon="144.94539356790483">
        <ele>176.8</ele>
        <time>2024-01-20T05:07:59.086Z</time>
      </trkpt>
      <trkpt lat="-38.35215878672898" lon="144.94544335640967">
        <ele>176.8</ele>
        <time>2024-01-20T05:08:11.989Z</time>
      </trkpt>
      <trkpt lat="-38.35211453028023" lon="144.9454482179135">
        <ele>176.8</ele>
        <time>2024-01-20T05:08:24.894Z</time>
      </trkpt>
      <trkpt lat="-38.35206809453666" lon="144.94547923095524">
        <ele>176.8</ele>
        <time>2024-01-20T05:08:37.802Z</time>
      </trkpt>
      <trkpt lat="-38.35191789083183" lon="144.94562231004238">
        <ele>176.8</ele>
        <time>2024-01-20T05:08:50.721Z</time>
      </trkpt>
      <trkpt lat="-38.351829294115305" lon="144.94575675576925">
        <ele>176.8</ele>
        <time>2024-01-20T05:09:03.647Z</time>
      </trkpt>
      <trkpt lat="-38.351791240274906" lon="144.94595414958894">
        <ele>176.8</ele>
        <time>2024-01-20T05:09:16.582Z</time>
      </trkpt>
      <trkpt lat="-38.35178160108626" lon="144.94617803022265">
        <ele>176.8</ele>
        <time>2024-01-20T05:09:29.527Z</time>
      </trkpt>
      <trkpt lat="-38.35182577371597" lon="144.94648489169776">
        <ele>176.8</ele>
        <time>2024-01-20T05:09:42.486Z</time>
      </trkpt>
      <trkpt lat="-38.35184262134135" lon="144.94652017951012">
        <ele>176.8</ele>
        <time>2024-01-20T05:09:55.446Z</time>
      </trkpt>
      <trkpt lat="-38.35184421390295" lon="144.9466506857425">
        <ele>176.8</ele>
        <time>2024-01-20T05:10:08.412Z</time>
      </trkpt>
      <trkpt lat="-38.35182895883918" lon="144.94672218337655">
        <ele>176.8</ele>
        <time>2024-01-20T05:10:21.381Z</time>
      </trkpt>
      <trkpt lat="-38.351776571944356" lon="144.94673802517354">
        <ele>176.8</ele>
        <time>2024-01-20T05:10:34.353Z</time>
      </trkpt>
      <trkpt lat="-38.35166593082249" lon="144.94671564549208">
        <ele>176.8</ele>
        <time>2024-01-20T05:10:47.332Z</time>
      </trkpt>
      <trkpt lat="-38.351488737389445" lon="144.9466081056744">
        <ele>176.8</ele>
        <time>2024-01-20T05:11:00.322Z</time>
      </trkpt>
      <trkpt lat="-38.3513839635998" lon="144.94656862691045">
        <ele>176.8</ele>
        <time>2024-01-20T05:11:13.318Z</time>
      </trkpt>
      <trkpt lat="-38.35068088956177" lon="144.94615606963634">
        <ele>176.8</ele>
        <time>2024-01-20T05:11:26.357Z</time>
      </trkpt>
      <trkpt lat="-38.350646356120706" lon="144.9461060296744">
        <ele>176.8</ele>
        <time>2024-01-20T05:11:39.399Z</time>
      </trkpt>
      <trkpt lat="-38.35056697949767" lon="144.94585641659796">
        <ele>176.8</ele>
        <time>2024-01-20T05:11:52.453Z</time>
      </trkpt>
      <trkpt lat="-38.35056337527931" lon="144.94561476632953">
        <ele>176.8</ele>
        <time>2024-01-20T05:12:05.517Z</time>
      </trkpt>
      <trkpt lat="-38.35052096284926" lon="144.94552843272686">
        <ele>176.8</ele>
        <time>2024-01-20T05:12:18.586Z</time>
      </trkpt>
      <trkpt lat="-38.35036522708833" lon="144.94530086405575">
        <ele>176.8</ele>
        <time>2024-01-20T05:12:31.668Z</time>
      </trkpt>
      <trkpt lat="-38.35032683797181" lon="144.94508855044842">
        <ele>176.8</ele>
        <time>2024-01-20T05:12:44.759Z</time>
      </trkpt>
      <trkpt lat="-38.35026824846864" lon="144.9450560286641">
        <ele>176.8</ele>
        <time>2024-01-20T05:12:57.854Z</time>
      </trkpt>
      <trkpt lat="-38.35015308111906" lon="144.9450343195349">
        <ele>176.8</ele>
        <time>2024-01-20T05:13:10.955Z</time>
      </trkpt>
      <trkpt lat="-38.34976298734546" lon="144.94502543471754">
        <ele>176.8</ele>
        <time>2024-01-20T05:13:24.078Z</time>
      </trkpt>
      <trkpt lat="-38.349651508033276" lon="144.9449690245092">
        <ele>176.8</ele>
        <time>2024-01-20T05:13:37.208Z</time>
      </trkpt>
      <trkpt lat="-38.349563498049974" lon="144.94489920325577">
        <ele>176.8</ele>
        <time>2024-01-20T05:13:50.344Z</time>
      </trkpt>
      <trkpt lat="-38.349488731473684" lon="144.94487481191754">
        <ele>176.8</ele>
        <time>2024-01-20T05:14:03.484Z</time>
      </trkpt>
      <trkpt lat="-38.34941832348704" lon="144.9449040647596">
        <ele>176.8</ele>
        <time>2024-01-20T05:14:16.628Z</time>
      </trkpt>
      <trkpt lat="-38.34923165850341" lon="144.94505317881703">
        <ele>176.8</ele>
        <time>2024-01-20T05:14:29.784Z</time>
      </trkpt>
      <trkpt lat="-38.34904029965401" lon="144.94524478912354">
        <ele>176.8</ele>
        <time>2024-01-20T05:14:42.954Z</time>
      </trkpt>
      <trkpt lat="-38.34896218031645" lon="144.9453004449606">
        <ele>176.8</ele>
        <time>2024-01-20T05:14:56.129Z</time>
      </trkpt>
      <trkpt lat="-38.348913230001926" lon="144.94530874304473">
        <ele>176.8</ele>
        <time>2024-01-20T05:15:09.307Z</time>
      </trkpt>
      <trkpt lat="-38.3488558139652" lon="144.9452954158187">
        <ele>176.8</ele>
        <time>2024-01-20T05:15:22.488Z</time>
      </trkpt>
      <trkpt lat="-38.3487799577415" lon="144.94524277746677">
        <ele>176.8</ele>
        <time>2024-01-20T05:15:35.674Z</time>
      </trkpt>
      <trkpt lat="-38.34867342375219" lon="144.94509659707546">
        <ele>176.8</ele>
        <time>2024-01-20T05:15:48.868Z</time>
      </trkpt>
      <trkpt lat="-38.34863034076989" lon="144.9450599681586">
        <ele>176.8</ele>
        <time>2024-01-20T05:16:02.065Z</time>
      </trkpt>
      <trkpt lat="-38.34853487089276" lon="144.9450089223683">
        <ele>176.8</ele>
        <time>2024-01-20T05:16:15.268Z</time>
      </trkpt>
      <trkpt lat="-38.34839656949043" lon="144.9450020492077">
        <ele>176.8</ele>
        <time>2024-01-20T05:16:28.479Z</time>
      </trkpt>
      <trkpt lat="-38.34831643849611" lon="144.9449811782688">
        <ele>176.8</ele>
        <time>2024-01-20T05:16:41.694Z</time>
      </trkpt>
      <trkpt lat="-38.34809289313853" lon="144.9448075890541">
        <ele>176.8</ele>
        <time>2024-01-20T05:16:54.924Z</time>
      </trkpt>
      <trkpt lat="-38.34804427810013" lon="144.9448147136718">
        <ele>176.8</ele>
        <time>2024-01-20T05:17:08.157Z</time>
      </trkpt>
      <trkpt lat="-38.347986778244376" lon="144.94477842003107">
        <ele>176.8</ele>
        <time>2024-01-20T05:17:21.393Z</time>
      </trkpt>
      <trkpt lat="-38.347928524017334" lon="144.9447065871209">
        <ele>176.8</ele>
        <time>2024-01-20T05:17:34.634Z</time>
      </trkpt>
      <trkpt lat="-38.3478475548327" lon="144.94429453276098">
        <ele>176.8</ele>
        <time>2024-01-20T05:17:47.893Z</time>
      </trkpt>
      <trkpt lat="-38.34782618097961" lon="144.94426167570055">
        <ele>176.8</ele>
        <time>2024-01-20T05:18:01.154Z</time>
      </trkpt>
      <trkpt lat="-38.34776851348579" lon="144.94422395713627">
        <ele>176.8</ele>
        <time>2024-01-20T05:18:14.419Z</time>
      </trkpt>
      <trkpt lat="-38.34765426814556" lon="144.94422764517367">
        <ele>176.8</ele>
        <time>2024-01-20T05:18:27.690Z</time>
      </trkpt>
      <trkpt lat="-38.34742393344641" lon="144.94417995214462">
        <ele>176.8</ele>
        <time>2024-01-20T05:18:40.974Z</time>
      </trkpt>
      <trkpt lat="-38.346673753112555" lon="144.94392505846918">
        <ele>176.8</ele>
        <time>2024-01-20T05:18:54.301Z</time>
      </trkpt>
      <trkpt lat="-38.34572819061577" lon="144.94364225305617">
        <ele>176.8</ele>
        <time>2024-01-20T05:19:07.682Z</time>
      </trkpt>
      <trkpt lat="-38.34524136967957" lon="144.94346614927053">
        <ele>176.8</ele>
        <time>2024-01-20T05:19:21.092Z</time>
      </trkpt>
      <trkpt lat="-38.34483426064253" lon="144.94335299357772">
        <ele>176.8</ele>
        <time>2024-01-20T05:19:34.525Z</time>
      </trkpt>
      <trkpt lat="-38.344391360878944" lon="144.94319030083716">
        <ele>176.8</ele>
        <time>2024-01-20T05:19:47.983Z</time>
      </trkpt>
      <trkpt lat="-38.34405885078013" lon="144.94314487092197">
        <ele>176.8</ele>
        <time>2024-01-20T05:20:01.460Z</time>
      </trkpt>
      <trkpt lat="-38.34387696348131" lon="144.9431460443884">
        <ele>53.0</ele>
        <time>2024-01-20T05:20:14.947Z</time>
      </trkpt>
      <trkpt lat="-38.343481086194515" lon="144.94324252009392">
        <ele>53.0</ele>
        <time>2024-01-20T05:20:28.457Z</time>
      </trkpt>
      <trkpt lat="-38.34320867434144" lon="144.9434213899076">
        <ele>53.0</ele>
        <time>2024-01-20T05:20:41.984Z</time>
      </trkpt>
      <trkpt lat="-38.34294422529638" lon="144.94364879094064">
        <ele>53.0</ele>
        <time>2024-01-20T05:20:55.528Z</time>
      </trkpt>
      <trkpt lat="-38.34275278262794" lon="144.9438688158989">
        <ele>53.0</ele>
        <time>2024-01-20T05:21:09.087Z</time>
      </trkpt>
      <trkpt lat="-38.342606853693724" lon="144.94413301348686">
        <ele>53.0</ele>
        <time>2024-01-20T05:21:22.660Z</time>
      </trkpt>
      <trkpt lat="-38.34232186898589" lon="144.94473508559167">
        <ele>53.0</ele>
        <time>2024-01-20T05:21:36.264Z</time>
      </trkpt>
      <trkpt lat="-38.342131432145834" lon="144.9452135246247">
        <ele>53.0</ele>
        <time>2024-01-20T05:21:49.891Z</time>
      </trkpt>
      <trkpt lat="-38.342060185968876" lon="144.94560127146542">
        <ele>53.0</ele>
        <time>2024-01-20T05:22:03.536Z</time>
      </trkpt>
      <trkpt lat="-38.34201626479626" lon="144.94632513262331">
        <ele>53.0</ele>
        <time>2024-01-20T05:22:17.213Z</time>
      </trkpt>
      <trkpt lat="-38.34198181517422" lon="144.94657684117556">
        <ele>53.0</ele>
        <time>2024-01-20T05:22:30.901Z</time>
      </trkpt>
      <trkpt lat="-38.34193537943065" lon="144.94676845148206">
        <ele>53.0</ele>
        <time>2024-01-20T05:22:44.598Z</time>
      </trkpt>
      <trkpt lat="-38.34179984405637" lon="144.94713071733713">
        <ele>53.0</ele>
        <time>2024-01-20T05:22:58.312Z</time>
      </trkpt>
      <trkpt lat="-38.341485522687435" lon="144.94776539504528">
        <ele>53.0</ele>
        <time>2024-01-20T05:23:12.059Z</time>
      </trkpt>
      <trkpt lat="-38.3402041811496" lon="144.950502673164">
        <ele>53.0</ele>
        <time>2024-01-20T05:23:25.946Z</time>
      </trkpt>
      <trkpt lat="-38.339991280809045" lon="144.9509083572775">
        <ele>53.0</ele>
        <time>2024-01-20T05:23:39.854Z</time>
      </trkpt>
      <trkpt lat="-38.33945693448186" lon="144.9520270060748">
        <ele>53.0</ele>
        <time>2024-01-20T05:23:53.819Z</time>
      </trkpt>
      <trkpt lat="-38.33926431834698" lon="144.95230419561267">
        <ele>53.0</ele>
        <time>2024-01-20T05:24:07.801Z</time>
      </trkpt>
      <trkpt lat="-38.33910665474832" lon="144.9524757731706">
        <ele>53.0</ele>
        <time>2024-01-20T05:24:21.794Z</time>
      </trkpt>
      <trkpt lat="-38.33836016245186" lon="144.95304892770946">
        <ele>53.0</ele>
        <time>2024-01-20T05:24:35.836Z</time>
      </trkpt>
      <trkpt lat="-38.33827156573534" lon="144.95314456522465">
        <ele>53.0</ele>
        <time>2024-01-20T05:24:49.884Z</time>
      </trkpt>
      <trkpt lat="-38.338184813037515" lon="144.95328378863633">
        <ele>53.0</ele>
        <time>2024-01-20T05:25:03.940Z</time>
      </trkpt>
      <trkpt lat="-38.33793017081916" lon="144.95389491319656">
        <ele>53.0</ele>
        <time>2024-01-20T05:25:18.026Z</time>
      </trkpt>
      <trkpt lat="-38.33778432570398" lon="144.9543451052159">
        <ele>6.4</ele>
        <time>2024-01-20T05:25:32.134Z</time>
      </trkpt>
      <trkpt lat="-38.33736313506961" lon="144.95518916286528">
        <ele>6.4</ele>
        <time>2024-01-20T05:25:46.285Z</time>
      </trkpt>
      <trkpt lat="-38.33725383505225" lon="144.9554455652833">
        <ele>4.8</ele>
        <time>2024-01-20T05:26:00.449Z</time>
      </trkpt>
      <trkpt lat="-38.33739314228296" lon="144.95582283474505">
        <ele>4.8</ele>
        <time>2024-01-20T05:26:14.632Z</time>
      </trkpt>
      <trkpt lat="-38.33748039789498" lon="144.95596532709897">
        <ele>4.8</ele>
        <time>2024-01-20T05:26:28.822Z</time>
      </trkpt>
      <trkpt lat="-38.33749917335808" lon="144.9560613837093">
        <ele>7.4</ele>
        <time>2024-01-20T05:26:43.017Z</time>
      </trkpt>
      <trkpt lat="-38.33751518279314" lon="144.95602165348828">
        <ele>7.4</ele>
        <time>2024-01-20T05:26:57.214Z</time>
      </trkpt>
      <trkpt lat="-38.33751602098346" lon="144.95603607036173">
        <ele>7.4</ele>
        <time>2024-01-20T05:27:11.411Z</time>
      </trkpt>
      <trkpt lat="-38.33750596269965" lon="144.95602785609663">
        <ele>7.4</ele>
        <time>2024-01-20T05:27:25.609Z</time>
      </trkpt>
      <trkpt lat="-38.337515434250236" lon="144.9560348968953">
        <ele>7.4</ele>
        <time>2024-01-20T05:27:39.808Z</time>
      </trkpt>
      <trkpt lat="-38.337523648515344" lon="144.95601687580347">
        <ele>7.4</ele>
        <time>2024-01-20T05:27:54.008Z</time>
      </trkpt>
      <trkpt lat="-38.337522307410836" lon="144.95603456161916">
        <ele>7.4</ele>
        <time>2024-01-20T05:28:08.208Z</time>
      </trkpt>
      <trkpt lat="-38.337565725669265" lon="144.95601679198444">
        <ele>7.4</ele>
        <time>2024-01-20T05:28:22.411Z</time>
      </trkpt>
      <trkpt lat="-38.33742440678179" lon="144.9558716174215">
        <ele>7.4</ele>
        <time>2024-01-20T05:28:36.624Z</time>
      </trkpt>
      <trkpt lat="-38.33742767572403" lon="144.95588913559914">
        <ele>7.4</ele>
        <time>2024-01-20T05:28:50.838Z</time>
      </trkpt>
      <trkpt lat="-38.33737797103822" lon="144.95584471151233">
        <ele>5.4</ele>
        <time>2024-01-20T05:29:05.055Z</time>
      </trkpt>
      <trkpt lat="-38.33742524497211" lon="144.955809507519">
        <ele>5.4</ele>
        <time>2024-01-20T05:29:19.275Z</time>
      </trkpt>
      <trkpt lat="-38.337424490600824" lon="144.95561395771801">
        <ele>5.4</ele>
        <time>2024-01-20T05:29:33.504Z</time>
      </trkpt>
      <trkpt lat="-38.337405966594815" lon="144.95553793385625">
        <ele>5.4</ele>
        <time>2024-01-20T05:29:47.736Z</time>
      </trkpt>
      <trkpt lat="-38.33732860162854" lon="144.95541421696544">
        <ele>5.4</ele>
        <time>2024-01-20T05:30:01.975Z</time>
      </trkpt>
      <trkpt lat="-38.337452905252576" lon="144.95515949092805">
        <ele>5.4</ele>
        <time>2024-01-20T05:30:16.227Z</time>
      </trkpt>
      <trkpt lat="-38.33751702681184" lon="144.95496100746095">
        <ele>5.2</ele>
        <time>2024-01-20T05:30:30.489Z</time>
      </trkpt>
      <trkpt lat="-38.33779212087393" lon="144.95442481711507">
        <ele>5.2</ele>
        <time>2024-01-20T05:30:44.779Z</time>
      </trkpt>
      <trkpt lat="-38.33785272203386" lon="144.9542610347271">
        <ele>5.2</ele>
        <time>2024-01-20T05:30:59.077Z</time>
      </trkpt>
      <trkpt lat="-38.337997728958726" lon="144.9539692606777">
        <ele>5.2</ele>
        <time>2024-01-20T05:31:13.390Z</time>
      </trkpt>
      <trkpt lat="-38.33825790323317" lon="144.95331362821162">
        <ele>5.2</ele>
        <time>2024-01-20T05:31:27.735Z</time>
      </trkpt>
      <trkpt lat="-38.338408106938004" lon="144.9531122110784">
        <ele>5.2</ele>
        <time>2024-01-20T05:31:42.092Z</time>
      </trkpt>
      <trkpt lat="-38.33916490897536" lon="144.95249178260565">
        <ele>5.2</ele>
        <time>2024-01-20T05:31:56.499Z</time>
      </trkpt>
      <trkpt lat="-38.33938552066684" lon="144.95222272351384">
        <ele>5.2</ele>
        <time>2024-01-20T05:32:10.923Z</time>
      </trkpt>
      <trkpt lat="-38.339557349681854" lon="144.95194260030985">
        <ele>5.2</ele>
        <time>2024-01-20T05:32:25.363Z</time>
      </trkpt>
      <trkpt lat="-38.339679557830095" lon="144.95172752067447">
        <ele>5.2</ele>
        <time>2024-01-20T05:32:39.815Z</time>
      </trkpt>
      <trkpt lat="-38.34001215174794" lon="144.9510589800775">
        <ele>5.2</ele>
        <time>2024-01-20T05:32:54.301Z</time>
      </trkpt>
      <trkpt lat="-38.34026033990085" lon="144.9504915252328">
        <ele>5.2</ele>
        <time>2024-01-20T05:33:08.816Z</time>
      </trkpt>
      <trkpt lat="-38.34051640704274" lon="144.95004694908857">
        <ele>5.2</ele>
        <time>2024-01-20T05:33:23.355Z</time>
      </trkpt>
      <trkpt lat="-38.34054716862738" lon="144.94994829408824">
        <ele>5.2</ele>
        <time>2024-01-20T05:33:37.899Z</time>
      </trkpt>
      <trkpt lat="-38.341057458892465" lon="144.94890139438212">
        <ele>5.2</ele>
        <time>2024-01-20T05:33:52.496Z</time>
      </trkpt>
      <trkpt lat="-38.34127522073686" lon="144.94839873164892">
        <ele>5.2</ele>
        <time>2024-01-20T05:34:07.119Z</time>
      </trkpt>
      <trkpt lat="-38.34149021655321" lon="144.94796354323626">
        <ele>5.2</ele>
        <time>2024-01-20T05:34:21.764Z</time>
      </trkpt>
      <trkpt lat="-38.34153966978192" lon="144.9478198774159">
        <ele>5.2</ele>
        <time>2024-01-20T05:34:36.416Z</time>
      </trkpt>
      <trkpt lat="-38.34153992123902" lon="144.94783001951873">
        <ele>5.2</ele>
        <time>2024-01-20T05:34:51.068Z</time>
      </trkpt>
      <trkpt lat="-38.34158065728843" lon="144.94778961874545">
        <ele>5.2</ele>
        <time>2024-01-20T05:35:05.723Z</time>
      </trkpt>
      <trkpt lat="-38.341675624251366" lon="144.94755551218987">
        <ele>27.6</ele>
        <time>2024-01-20T05:35:20.390Z</time>
      </trkpt>
      <trkpt lat="-38.3419069647789" lon="144.9471097625792">
        <ele>27.6</ele>
        <time>2024-01-20T05:35:35.080Z</time>
      </trkpt>
      <trkpt lat="-38.342017186805606" lon="144.94681924581528">
        <ele>27.6</ele>
        <time>2024-01-20T05:35:49.784Z</time>
      </trkpt>
      <trkpt lat="-38.34210108965635" lon="144.94649075902998">
        <ele>33.2</ele>
        <time>2024-01-20T05:36:04.504Z</time>
      </trkpt>
      <trkpt lat="-38.34212279878557" lon="144.9463015794754">
        <ele>33.2</ele>
        <time>2024-01-20T05:36:19.232Z</time>
      </trkpt>
      <trkpt lat="-38.34214920178056" lon="144.94558635167778">
        <ele>33.2</ele>
        <time>2024-01-20T05:36:33.991Z</time>
      </trkpt>
      <trkpt lat="-38.34221131168306" lon="144.9452576134354">
        <ele>33.2</ele>
        <time>2024-01-20T05:36:48.765Z</time>
      </trkpt>
      <trkpt lat="-38.34232220426202" lon="144.94495905004442">
        <ele>33.2</ele>
        <time>2024-01-20T05:37:03.554Z</time>
      </trkpt>
      <trkpt lat="-38.342650858685374" lon="144.9442155752331">
        <ele>33.2</ele>
        <time>2024-01-20T05:37:18.380Z</time>
      </trkpt>
      <trkpt lat="-38.34278605878353" lon="144.94398172013462">
        <ele>33.2</ele>
        <time>2024-01-20T05:37:33.219Z</time>
      </trkpt>
      <trkpt lat="-38.34299510344863" lon="144.94370159693062">
        <ele>33.2</ele>
        <time>2024-01-20T05:37:48.075Z</time>
      </trkpt>
      <trkpt lat="-38.34330095909536" lon="144.94342256337404">
        <ele>33.2</ele>
        <time>2024-01-20T05:38:02.952Z</time>
      </trkpt>
      <trkpt lat="-38.34341193549335" lon="144.94334377348423">
        <ele>33.2</ele>
        <time>2024-01-20T05:38:17.836Z</time>
      </trkpt>
      <trkpt lat="-38.3435286115855" lon="144.94328644126654">
        <ele>33.2</ele>
        <time>2024-01-20T05:38:32.727Z</time>
      </trkpt>
      <trkpt lat="-38.34385282360017" lon="144.9432075675577">
        <ele>33.2</ele>
        <time>2024-01-20T05:38:47.636Z</time>
      </trkpt>
      <trkpt lat="-38.34412531927228" lon="144.94320974685252">
        <ele>33.2</ele>
        <time>2024-01-20T05:39:02.560Z</time>
      </trkpt>
      <trkpt lat="-38.34434081800282" lon="144.94324604049325">
        <ele>33.2</ele>
        <time>2024-01-20T05:39:17.496Z</time>
      </trkpt>
      <trkpt lat="-38.344587078318" lon="144.9433576874435">
        <ele>33.2</ele>
        <time>2024-01-20T05:39:32.447Z</time>
      </trkpt>
      <trkpt lat="-38.345075407996774" lon="144.94349498301744">
        <ele>33.2</ele>
        <time>2024-01-20T05:39:47.426Z</time>
      </trkpt>
      <trkpt lat="-38.345587542280555" lon="144.9436624534428">
        <ele>33.2</ele>
        <time>2024-01-20T05:40:02.434Z</time>
      </trkpt>
      <trkpt lat="-38.345707822591066" lon="144.9437202885747">
        <ele>33.2</ele>
        <time>2024-01-20T05:40:17.449Z</time>
      </trkpt>
      <trkpt lat="-38.346543749794364" lon="144.94396151974797">
        <ele>92.4</ele>
        <time>2024-01-20T05:40:32.512Z</time>
      </trkpt>
      <trkpt lat="-38.34671054966748" lon="144.9440321791917">
        <ele>92.4</ele>
        <time>2024-01-20T05:40:47.585Z</time>
      </trkpt>
      <trkpt lat="-38.34701850079" lon="144.94411029852927">
        <ele>92.4</ele>
        <time>2024-01-20T05:41:02.675Z</time>
      </trkpt>
      <trkpt lat="-38.34743231534958" lon="144.94425807148218">
        <ele>92.4</ele>
        <time>2024-01-20T05:41:17.789Z</time>
      </trkpt>
      <trkpt lat="-38.3477471396327" lon="144.94428975507617">
        <ele>92.4</ele>
        <time>2024-01-20T05:41:32.921Z</time>
      </trkpt>
      <trkpt lat="-38.34780480712652" lon="144.94434909895062">
        <ele>92.4</ele>
        <time>2024-01-20T05:41:48.057Z</time>
      </trkpt>
      <trkpt lat="-38.347839675843716" lon="144.94460893794894">
        <ele>92.4</ele>
        <time>2024-01-20T05:42:03.205Z</time>
      </trkpt>
      <trkpt lat="-38.34788284264505" lon="144.94473659433424">
        <ele>92.4</ele>
        <time>2024-01-20T05:42:18.359Z</time>
      </trkpt>
      <trkpt lat="-38.34790865890682" lon="144.94476936757565">
        <ele>107.8</ele>
        <time>2024-01-20T05:42:33.515Z</time>
      </trkpt>
      <trkpt lat="-38.34802256897092" lon="144.9448445532471">
        <ele>107.8</ele>
        <time>2024-01-20T05:42:48.678Z</time>
      </trkpt>
      <trkpt lat="-38.34805626422167" lon="144.9448445532471">
        <ele>107.8</ele>
        <time>2024-01-20T05:43:03.843Z</time>
      </trkpt>
      <trkpt lat="-38.3480682503432" lon="144.94488352909684">
        <ele>107.8</ele>
        <time>2024-01-20T05:43:19.009Z</time>
      </trkpt>
      <trkpt lat="-38.34827327169478" lon="144.9450499098748">
        <ele>107.8</ele>
        <time>2024-01-20T05:43:34.189Z</time>
      </trkpt>
      <trkpt lat="-38.348504193127155" lon="144.94508972391486">
        <ele>107.8</ele>
        <time>2024-01-20T05:43:49.382Z</time>
      </trkpt>
      <trkpt lat="-38.34856194444001" lon="144.9451188929379">
        <ele>107.8</ele>
        <time>2024-01-20T05:44:04.578Z</time>
      </trkpt>
      <trkpt lat="-38.34872086532414" lon="144.9453038815409">
        <ele>107.8</ele>
        <time>2024-01-20T05:44:19.786Z</time>
      </trkpt>
      <trkpt lat="-38.348825639113784" lon="144.94536557234824">
        <ele>107.8</ele>
        <time>2024-01-20T05:44:35.001Z</time>
      </trkpt>
      <trkpt lat="-38.3489025849849" lon="144.94536791928113">
        <ele>107.8</ele>
        <time>2024-01-20T05:44:50.220Z</time>
      </trkpt>
      <trkpt lat="-38.34895681589842" lon="144.94534428231418">
        <ele>107.8</ele>
        <time>2024-01-20T05:45:05.442Z</time>
      </trkpt>
      <trkpt lat="-38.3492580614984" lon="144.94505753740668">
        <ele>107.8</ele>
        <time>2024-01-20T05:45:20.685Z</time>
      </trkpt>
      <trkpt lat="-38.34944657050073" lon="144.9449545238167">
        <ele>107.8</ele>
        <time>2024-01-20T05:45:35.940Z</time>
      </trkpt>
      <trkpt lat="-38.349530305713415" lon="144.94497975334525">
        <ele>107.8</ele>
        <time>2024-01-20T05:45:51.200Z</time>
      </trkpt>
      <trkpt lat="-38.34967573173344" lon="144.9450882151723">
        <ele>107.8</ele>
        <time>2024-01-20T05:46:06.469Z</time>
      </trkpt>
      <trkpt lat="-38.349750665947795" lon="144.9451181385666">
        <ele>107.8</ele>
        <time>2024-01-20T05:46:21.742Z</time>
      </trkpt>
      <trkpt lat="-38.35022960789502" lon="144.9450792465359">
        <ele>107.8</ele>
        <time>2024-01-20T05:46:37.042Z</time>
      </trkpt>
      <trkpt lat="-38.3502858504653" lon="144.94511419907212">
        <ele>107.8</ele>
        <time>2024-01-20T05:46:52.346Z</time>
      </trkpt>
      <trkpt lat="-38.350337566807866" lon="144.94527840055525">
        <ele>107.8</ele>
        <time>2024-01-20T05:47:07.657Z</time>
      </trkpt>
      <trkpt lat="-38.3505221363157" lon="144.9455412570387">
        <ele>107.8</ele>
        <time>2024-01-20T05:47:22.984Z</time>
      </trkpt>
      <trkpt lat="-38.35053856484592" lon="144.94562323205173">
        <ele>138.8</ele>
        <time>2024-01-20T05:47:38.314Z</time>
      </trkpt>
      <trkpt lat="-38.350532529875636" lon="144.94580562226474">
        <ele>138.8</ele>
        <time>2024-01-20T05:47:53.652Z</time>
      </trkpt>
      <trkpt lat="-38.35056681185961" lon="144.94594367220998">
        <ele>138.8</ele>
        <time>2024-01-20T05:48:08.997Z</time>
      </trkpt>
      <trkpt lat="-38.35057913325727" lon="144.94608264416456">
        <ele>138.8</ele>
        <time>2024-01-20T05:48:24.348Z</time>
      </trkpt>
      <trkpt lat="-38.35065524093807" lon="144.9461982306093">
        <ele>138.8</ele>
        <time>2024-01-20T05:48:39.706Z</time>
      </trkpt>
      <trkpt lat="-38.35082966834307" lon="144.9463330116123">
        <ele>138.8</ele>
        <time>2024-01-20T05:48:55.075Z</time>
      </trkpt>
      <trkpt lat="-38.35117626003921" lon="144.94654666632414">
        <ele>138.8</ele>
        <time>2024-01-20T05:49:10.465Z</time>
      </trkpt>
      <trkpt lat="-38.35125504992902" lon="144.9466147273779">
        <ele>138.8</ele>
        <time>2024-01-20T05:49:25.861Z</time>
      </trkpt>
      <trkpt lat="-38.351659225299954" lon="144.9468251131475">
        <ele>138.8</ele>
        <time>2024-01-20T05:49:41.281Z</time>
      </trkpt>
      <trkpt lat="-38.35174413397908" lon="144.94680088944733">
        <ele>138.8</ele>
        <time>2024-01-20T05:49:56.706Z</time>
      </trkpt>
      <trkpt lat="-38.35177715867758" lon="144.9467426352203">
        <ele>138.8</ele>
        <time>2024-01-20T05:50:12.134Z</time>
      </trkpt>
      <trkpt lat="-38.35179207846522" lon="144.94667381979525">
        <ele>138.8</ele>
        <time>2024-01-20T05:50:27.565Z</time>
      </trkpt>
      <trkpt lat="-38.351749163120985" lon="144.946173671633">
        <ele>138.8</ele>
        <time>2024-01-20T05:50:43.018Z</time>
      </trkpt>
      <trkpt lat="-38.35178520530462" lon="144.94601416401565">
        <ele>138.8</ele>
        <time>2024-01-20T05:50:58.478Z</time>
      </trkpt>
      <trkpt lat="-38.35178210400045" lon="144.94595926254988">
        <ele>138.8</ele>
        <time>2024-01-20T05:51:13.941Z</time>
      </trkpt>
      <trkpt lat="-38.35182921029627" lon="144.94581400416791">
        <ele>138.8</ele>
        <time>2024-01-20T05:51:29.411Z</time>
      </trkpt>
      <trkpt lat="-38.35194052197039" lon="144.94565416127443">
        <ele>138.8</ele>
        <time>2024-01-20T05:51:44.890Z</time>
      </trkpt>
      <trkpt lat="-38.35200497880578" lon="144.94558811187744">
        <ele>177.0</ele>
        <time>2024-01-20T05:52:00.374Z</time>
      </trkpt>
      <trkpt lat="-38.35209424607456" lon="144.94552809745073">
        <ele>177.0</ele>
        <time>2024-01-20T05:52:15.863Z</time>
      </trkpt>
      <trkpt lat="-38.35214847698808" lon="144.94552952237427">
        <ele>177.0</ele>
        <time>2024-01-20T05:52:31.355Z</time>
      </trkpt>
      <trkpt lat="-38.35223807953298" lon="144.94550194591284">
        <ele>177.0</ele>
        <time>2024-01-20T05:52:46.852Z</time>
      </trkpt>
      <trkpt lat="-38.35232307203114" lon="144.9455161113292">
        <ele>177.0</ele>
        <time>2024-01-20T05:53:02.354Z</time>
      </trkpt>
      <trkpt lat="-38.35242290049791" lon="144.9455729406327">
        <ele>177.0</ele>
        <time>2024-01-20T05:53:17.862Z</time>
      </trkpt>
      <trkpt lat="-38.35260730236769" lon="144.9456400796771">
        <ele>177.0</ele>
        <time>2024-01-20T05:53:33.381Z</time>
      </trkpt>
      <trkpt lat="-38.352615516632795" lon="144.94566338136792">
        <ele>177.0</ele>
        <time>2024-01-20T05:53:48.901Z</time>
      </trkpt>
      <trkpt lat="-38.35281710140407" lon="144.94575357064605">
        <ele>177.0</ele>
        <time>2024-01-20T05:54:04.433Z</time>
      </trkpt>
      <trkpt lat="-38.35292363539338" lon="144.94584074243903">
        <ele>177.0</ele>
        <time>2024-01-20T05:54:19.972Z</time>
      </trkpt>
      <trkpt lat="-38.35291676223278" lon="144.94582012295723">
        <ele>177.0</ele>
        <time>2024-01-20T05:54:35.512Z</time>
      </trkpt>
      <trkpt lat="-38.35305104032159" lon="144.94589027948678">
        <ele>177.0</ele>
        <time>2024-01-20T05:54:51.060Z</time>
      </trkpt>
      <trkpt lat="-38.35324709303677" lon="144.94602363556623">
        <ele>177.0</ele>
        <time>2024-01-20T05:55:06.620Z</time>
      </trkpt>
      <trkpt lat="-38.353445157408714" lon="144.94620610959828">
        <ele>177.0</ele>
        <time>2024-01-20T05:55:22.194Z</time>
      </trkpt>
      <trkpt lat="-38.35345630533993" lon="144.9462019186467">
        <ele>177.0</ele>
        <time>2024-01-20T05:55:37.769Z</time>
      </trkpt>
      <trkpt lat="-38.353586392477155" lon="144.9463882483542">
        <ele>177.0</ele>
        <time>2024-01-20T05:55:53.355Z</time>
      </trkpt>
      <trkpt lat="-38.35366493090987" lon="144.94639470241964">
        <ele>177.0</ele>
        <time>2024-01-20T05:56:08.945Z</time>
      </trkpt>
      <trkpt lat="-38.35382368415594" lon="144.94636058807373">
        <ele>177.0</ele>
        <time>2024-01-20T05:56:24.544Z</time>
      </trkpt>
      <trkpt lat="-38.35394446738064" lon="144.94635396637022">
        <ele>177.0</ele>
        <time>2024-01-20T05:56:40.150Z</time>
      </trkpt>
      <trkpt lat="-38.354003140702844" lon="144.94636779651046">
        <ele>177.0</ele>
        <time>2024-01-20T05:56:55.759Z</time>
      </trkpt>
      <trkpt lat="-38.35413917899132" lon="144.94635933078825">
        <ele>177.0</ele>
        <time>2024-01-20T05:57:11.376Z</time>
      </trkpt>
      <trkpt lat="-38.35424864664674" lon="144.9463708139956">
        <ele>235.0</ele>
        <time>2024-01-20T05:57:26.999Z</time>
      </trkpt>
      <trkpt lat="-38.35435576736927" lon="144.9464024975896">
        <ele>235.0</ele>
        <time>2024-01-20T05:57:42.628Z</time>
      </trkpt>
      <trkpt lat="-38.35439532995224" lon="144.94644306600094">
        <ele>235.0</ele>
        <time>2024-01-20T05:57:58.260Z</time>
      </trkpt>
      <trkpt lat="-38.35448912344873" lon="144.94649436324835">
        <ele>235.0</ele>
        <time>2024-01-20T05:58:13.897Z</time>
      </trkpt>
      <trkpt lat="-38.35452835075557" lon="144.94648531079292">
        <ele>235.0</ele>
        <time>2024-01-20T05:58:29.537Z</time>
      </trkpt>
      <trkpt lat="-38.35460529662669" lon="144.94649972766638">
        <ele>235.0</ele>
        <time>2024-01-20T05:58:45.181Z</time>
      </trkpt>
      <trkpt lat="-38.3547617867589" lon="144.94655638933182">
        <ele>235.0</ele>
        <time>2024-01-20T05:59:00.834Z</time>
      </trkpt>
      <trkpt lat="-38.35483571514487" lon="144.94652353227139">
        <ele>249.2</ele>
        <time>2024-01-20T05:59:16.491Z</time>
      </trkpt>
      <trkpt lat="-38.35503553971648" lon="144.94648983702064">
        <ele>249.2</ele>
        <time>2024-01-20T05:59:32.160Z</time>
      </trkpt>
      <trkpt lat="-38.35512011311948" lon="144.94640576653183">
        <ele>249.2</ele>
        <time>2024-01-20T05:59:47.835Z</time>
      </trkpt>
      <trkpt lat="-38.35523393936455" lon="144.94620543904603">
        <ele>249.2</ele>
        <time>2024-01-20T06:00:03.520Z</time>
      </trkpt>
      <trkpt lat="-38.35524156689644" lon="144.94609815068543">
        <ele>249.2</ele>
        <time>2024-01-20T06:00:19.210Z</time>
      </trkpt>
      <trkpt lat="-38.35518448613584" lon="144.94594501331449">
        <ele>249.2</ele>
        <time>2024-01-20T06:00:34.908Z</time>
      </trkpt>
      <trkpt lat="-38.35514668375254" lon="144.9457703344524">
        <ele>249.2</ele>
        <time>2024-01-20T06:00:50.613Z</time>
      </trkpt>
      <trkpt lat="-38.35514391772449" lon="144.94559188373387">
        <ele>249.2</ele>
        <time>2024-01-20T06:01:06.326Z</time>
      </trkpt>
      <trkpt lat="-38.35521533153951" lon="144.9453350622207">
        <ele>249.2</ele>
        <time>2024-01-20T06:01:22.051Z</time>
      </trkpt>
      <trkpt lat="-38.35530661046505" lon="144.9451117683202">
        <ele>249.2</ele>
        <time>2024-01-20T06:01:37.787Z</time>
      </trkpt>
      <trkpt lat="-38.355445582419634" lon="144.94486877694726">
        <ele>249.2</ele>
        <time>2024-01-20T06:01:53.536Z</time>
      </trkpt>
      <trkpt lat="-38.35554708726704" lon="144.94479191489518">
        <ele>249.2</ele>
        <time>2024-01-20T06:02:09.292Z</time>
      </trkpt>
      <trkpt lat="-38.3559360075742" lon="144.9446978699416">
        <ele>249.2</ele>
        <time>2024-01-20T06:02:25.070Z</time>
      </trkpt>
      <trkpt lat="-38.35599367506802" lon="144.94467004202306">
        <ele>249.2</ele>
        <time>2024-01-20T06:02:40.851Z</time>
      </trkpt>
      <trkpt lat="-38.35611688904464" lon="144.94455562904477">
        <ele>249.2</ele>
        <time>2024-01-20T06:02:56.641Z</time>
      </trkpt>
      <trkpt lat="-38.356203557923436" lon="144.94443157687783">
        <ele>249.2</ele>
        <time>2024-01-20T06:03:12.438Z</time>
      </trkpt>
      <trkpt lat="-38.35626818239689" lon="144.94438086636364">
        <ele>264.2</ele>
        <time>2024-01-20T06:03:28.239Z</time>
      </trkpt>
      <trkpt lat="-38.356663305312395" lon="144.94422915391624">
        <ele>264.2</ele>
        <time>2024-01-20T06:03:44.063Z</time>
      </trkpt>
      <trkpt lat="-38.35680395364761" lon="144.94421021081507">
        <ele>264.2</ele>
        <time>2024-01-20T06:03:59.895Z</time>
      </trkpt>
      <trkpt lat="-38.35718382149935" lon="144.94363822974265">
        <ele>264.2</ele>
        <time>2024-01-20T06:04:15.760Z</time>
      </trkpt>
      <trkpt lat="-38.357334695756435" lon="144.9435384850949">
        <ele>264.2</ele>
        <time>2024-01-20T06:04:31.635Z</time>
      </trkpt>
      <trkpt lat="-38.357366966083646" lon="144.94353437796235">
        <ele>264.2</ele>
        <time>2024-01-20T06:04:47.511Z</time>
      </trkpt>
      <trkpt lat="-38.35745279677212" lon="144.94355709291995">
        <ele>264.2</ele>
        <time>2024-01-20T06:05:03.392Z</time>
      </trkpt>
      <trkpt lat="-38.35771414451301" lon="144.94384869933128">
        <ele>264.2</ele>
        <time>2024-01-20T06:05:19.293Z</time>
      </trkpt>
      <trkpt lat="-38.35783299989998" lon="144.94393151253462">
        <ele>264.2</ele>
        <time>2024-01-20T06:05:35.201Z</time>
      </trkpt>
      <trkpt lat="-38.35793836042285" lon="144.94397945702076">
        <ele>264.2</ele>
        <time>2024-01-20T06:05:51.115Z</time>
      </trkpt>
      <trkpt lat="-38.357983119785786" lon="144.94402807205915">
        <ele>264.2</ele>
        <time>2024-01-20T06:06:07.033Z</time>
      </trkpt>
      <trkpt lat="-38.35816081613302" lon="144.94415220804513">
        <ele>264.2</ele>
        <time>2024-01-20T06:06:22.962Z</time>
      </trkpt>
      <trkpt lat="-38.358266931027174" lon="144.94428053498268">
        <ele>264.2</ele>
        <time>2024-01-20T06:06:38.899Z</time>
      </trkpt>
      <trkpt lat="-38.3583486545831" lon="144.94440785609186">
        <ele>264.2</ele>
        <time>2024-01-20T06:06:54.843Z</time>
      </trkpt>
      <trkpt lat="-38.35834287106991" lon="144.94442202150822">
        <ele>264.2</ele>
        <time>2024-01-20T06:07:10.788Z</time>
      </trkpt>
      <trkpt lat="-38.358481926843524" lon="144.944558897987">
        <ele>264.2</ele>
        <time>2024-01-20T06:07:26.743Z</time>
      </trkpt>
      <trkpt lat="-38.35853062570095" lon="144.94457742199302">
        <ele>264.2</ele>
        <time>2024-01-20T06:07:42.701Z</time>
      </trkpt>
      <trkpt lat="-38.3586005307734" lon="144.944572057575">
        <ele>264.2</ele>
        <time>2024-01-20T06:07:58.663Z</time>
      </trkpt>
      <trkpt lat="-38.35872642695904" lon="144.94452922604978">
        <ele>264.2</ele>
        <time>2024-01-20T06:08:14.632Z</time>
      </trkpt>
      <trkpt lat="-38.35880898870528" lon="144.94448287412524">
        <ele>264.2</ele>
        <time>2024-01-20T06:08:30.606Z</time>
      </trkpt>
      <trkpt lat="-38.35893555544317" lon="144.9443733226508">
        <ele>264.2</ele>
        <time>2024-01-20T06:08:46.588Z</time>
      </trkpt>
      <trkpt lat="-38.35901199840009" lon="144.94434264488518">
        <ele>264.2</ele>
        <time>2024-01-20T06:09:02.575Z</time>
      </trkpt>
      <trkpt lat="-38.359222216531634" lon="144.9444122146815">
        <ele>264.2</ele>
        <time>2024-01-20T06:09:18.574Z</time>
      </trkpt>
      <trkpt lat="-38.35926345549524" lon="144.94446803815663">
        <ele>264.2</ele>
        <time>2024-01-20T06:09:34.576Z</time>
      </trkpt>
      <trkpt lat="-38.359276028349996" lon="144.9445137195289">
        <ele>264.2</ele>
        <time>2024-01-20T06:09:50.580Z</time>
      </trkpt>
      <trkpt lat="-38.35931768640876" lon="144.94451254606247">
        <ele>264.2</ele>
        <time>2024-01-20T06:10:06.587Z</time>
      </trkpt>
      <trkpt lat="-38.35934920236468" lon="144.94444373063743">
        <ele>264.2</ele>
        <time>2024-01-20T06:10:22.597Z</time>
      </trkpt>
      <trkpt lat="-38.35940225981176" lon="144.94437055662274">
        <ele>264.2</ele>
        <time>2024-01-20T06:10:38.612Z</time>
      </trkpt>
      <trkpt lat="-38.35945255123079" lon="144.94433275423944">
        <ele>264.2</ele>
        <time>2024-01-20T06:10:54.630Z</time>
      </trkpt>
      <trkpt lat="-38.35951608605683" lon="144.94423627853394">
        <ele>264.2</ele>
        <time>2024-01-20T06:11:10.653Z</time>
      </trkpt>
      <trkpt lat="-38.35955481044948" lon="144.94402731768787">
        <ele>264.2</ele>
        <time>2024-01-20T06:11:26.686Z</time>
      </trkpt>
      <trkpt lat="-38.359720688313246" lon="144.94374660775065">
        <ele>264.2</ele>
        <time>2024-01-20T06:11:42.734Z</time>
      </trkpt>
      <trkpt lat="-38.359829066321254" lon="144.94364594109356">
        <ele>264.2</ele>
        <time>2024-01-20T06:11:58.790Z</time>
      </trkpt>
      <trkpt lat="-38.359900899231434" lon="144.94362875819206">
        <ele>264.2</ele>
        <time>2024-01-20T06:12:14.850Z</time>
      </trkpt>
      <trkpt lat="-38.3599594887346" lon="144.94366379454732">
        <ele>264.2</ele>
        <time>2024-01-20T06:12:30.913Z</time>
      </trkpt>
      <trkpt lat="-38.359996201470494" lon="144.9437147565186">
        <ele>264.2</ele>
        <time>2024-01-20T06:12:46.979Z</time>
      </trkpt>
      <trkpt lat="-38.360027968883514" lon="144.94383461773396">
        <ele>264.2</ele>
        <time>2024-01-20T06:13:03.051Z</time>
      </trkpt>
      <trkpt lat="-38.36018454283476" lon="144.94404366239905">
        <ele>264.2</ele>
        <time>2024-01-20T06:13:19.136Z</time>
      </trkpt>
      <trkpt lat="-38.360202983021736" lon="144.94408389553428">
        <ele>264.2</ele>
        <time>2024-01-20T06:13:35.223Z</time>
      </trkpt>
      <trkpt lat="-38.36018814705312" lon="144.94411365129054">
        <ele>264.2</ele>
        <time>2024-01-20T06:13:51.311Z</time>
      </trkpt>
      <trkpt lat="-38.36019619368017" lon="144.94407911784947">
        <ele>264.2</ele>
        <time>2024-01-20T06:14:07.401Z</time>
      </trkpt>
      <trkpt lat="-38.360217148438096" lon="144.9441021680832">
        <ele>264.2</ele>
        <time>2024-01-20T06:14:23.492Z</time>
      </trkpt>
      <trkpt lat="-38.36019543930888" lon="144.94410208426416">
        <ele>253.8</ele>
        <time>2024-01-20T06:14:39.584Z</time>
      </trkpt>
      <trkpt lat="-38.36022284813225" lon="144.94411650113761">
        <ele>253.8</ele>
        <time>2024-01-20T06:14:55.678Z</time>
      </trkpt>
      <trkpt lat="-38.360217148438096" lon="144.94410409592092">
        <ele>253.8</ele>
        <time>2024-01-20T06:15:11.773Z</time>
      </trkpt>
      <trkpt lat="-38.36022955365479" lon="144.94410912506282">
        <ele>253.8</ele>
        <time>2024-01-20T06:15:27.868Z</time>
      </trkpt>
      <trkpt lat="-38.36019728332758" lon="144.94411926716566">
        <ele>253.8</ele>
        <time>2024-01-20T06:15:43.965Z</time>
      </trkpt>
      <trkpt lat="-38.36021739989519" lon="144.94408641010523">
        <ele>253.8</ele>
        <time>2024-01-20T06:16:00.064Z</time>
      </trkpt>
      <trkpt lat="-38.360199043527246" lon="144.94411390274763">
        <ele>254.0</ele>
        <time>2024-01-20T06:16:16.165Z</time>
      </trkpt>
      <trkpt lat="-38.36021010763943" lon="144.94411130435765">
        <ele>254.0</ele>
        <time>2024-01-20T06:16:32.266Z</time>
      </trkpt>
      <trkpt lat="-38.36018177680671" lon="144.94410200044513">
        <ele>254.0</ele>
        <time>2024-01-20T06:16:48.369Z</time>
      </trkpt>
      <trkpt lat="-38.36021488532424" lon="144.9441021680832">
        <ele>254.0</ele>
        <time>2024-01-20T06:17:04.474Z</time>
      </trkpt>
      <trkpt lat="-38.3602462336421" lon="144.94420618750155">
        <ele>254.0</ele>
        <time>2024-01-20T06:17:20.584Z</time>
      </trkpt>
      <trkpt lat="-38.36031504906714" lon="144.9442806188017">
        <ele>254.0</ele>
        <time>2024-01-20T06:17:36.699Z</time>
      </trkpt>
      <trkpt lat="-38.36044748313725" lon="144.9443458300084">
        <ele>254.0</ele>
        <time>2024-01-20T06:17:52.822Z</time>
      </trkpt>
      <trkpt lat="-38.360532727092505" lon="144.94435915723443">
        <ele>254.0</ele>
        <time>2024-01-20T06:18:08.949Z</time>
      </trkpt>
      <trkpt lat="-38.36070883087814" lon="144.94430299848318">
        <ele>254.0</ele>
        <time>2024-01-20T06:18:25.087Z</time>
      </trkpt>
      <trkpt lat="-38.36106028407812" lon="144.94424474425614">
        <ele>254.0</ele>
        <time>2024-01-20T06:18:41.244Z</time>
      </trkpt>
      <trkpt lat="-38.36125600151718" lon="144.9442366976291">
        <ele>254.0</ele>
        <time>2024-01-20T06:18:57.412Z</time>
      </trkpt>
      <trkpt lat="-38.36133638396859" lon="144.94425186887383">
        <ele>254.0</ele>
        <time>2024-01-20T06:19:13.585Z</time>
      </trkpt>
      <trkpt lat="-38.361519277095795" lon="144.94434071704745">
        <ele>254.0</ele>
        <time>2024-01-20T06:19:29.769Z</time>
      </trkpt>
      <trkpt lat="-38.361693704500794" lon="144.94433627463877">
        <ele>254.0</ele>
        <time>2024-01-20T06:19:45.962Z</time>
      </trkpt>
      <trkpt lat="-38.361767968162894" lon="144.94435152970254">
        <ele>254.0</ele>
        <time>2024-01-20T06:20:02.159Z</time>
      </trkpt>
      <trkpt lat="-38.361830078065395" lon="144.9443910922855">
        <ele>254.0</ele>
        <time>2024-01-20T06:20:18.360Z</time>
      </trkpt>
      <trkpt lat="-38.36201003752649" lon="144.9446371011436">
        <ele>254.0</ele>
        <time>2024-01-20T06:20:34.576Z</time>
      </trkpt>
      <trkpt lat="-38.36208815686405" lon="144.94466920383275">
        <ele>254.0</ele>
        <time>2024-01-20T06:20:50.797Z</time>
      </trkpt>
      <trkpt lat="-38.36220692843199" lon="144.94475218467414">
        <ele>255.0</ele>
        <time>2024-01-20T06:21:07.025Z</time>
      </trkpt>
      <trkpt lat="-38.362292256206274" lon="144.9448585510254">
        <ele>255.0</ele>
        <time>2024-01-20T06:21:23.260Z</time>
      </trkpt>
      <trkpt lat="-38.362458385527134" lon="144.94499224238098">
        <ele>255.0</ele>
        <time>2024-01-20T06:21:39.506Z</time>
      </trkpt>
      <trkpt lat="-38.362522507086396" lon="144.94501705281436">
        <ele>255.0</ele>
        <time>2024-01-20T06:21:55.756Z</time>
      </trkpt>
      <trkpt lat="-38.36256567388773" lon="144.94501613080502">
        <ele>255.0</ele>
        <time>2024-01-20T06:22:12.008Z</time>
      </trkpt>
      <trkpt lat="-38.362656868994236" lon="144.94506239891052">
        <ele>255.0</ele>
        <time>2024-01-20T06:22:28.265Z</time>
      </trkpt>
      <trkpt lat="-38.362700371071696" lon="144.94513255544007">
        <ele>255.0</ele>
        <time>2024-01-20T06:22:44.526Z</time>
      </trkpt>
      <trkpt lat="-38.36292240768671" lon="144.9453577771783">
        <ele>255.0</ele>
        <time>2024-01-20T06:23:00.803Z</time>
      </trkpt>
      <trkpt lat="-38.363055596128106" lon="144.9454751238227">
        <ele>255.0</ele>
        <time>2024-01-20T06:23:17.089Z</time>
      </trkpt>
      <trkpt lat="-38.363161543384194" lon="144.94553471915424">
        <ele>255.0</ele>
        <time>2024-01-20T06:23:33.382Z</time>
      </trkpt>
      <trkpt lat="-38.36320378817618" lon="144.94557864032686">
        <ele>255.0</ele>
        <time>2024-01-20T06:23:49.678Z</time>
      </trkpt>
      <trkpt lat="-38.363276878371835" lon="144.9455993436277">
        <ele>255.0</ele>
        <time>2024-01-20T06:24:05.978Z</time>
      </trkpt>
      <trkpt lat="-38.36342582479119" lon="144.94557511992753">
        <ele>255.0</ele>
        <time>2024-01-20T06:24:22.286Z</time>
      </trkpt>
      <trkpt lat="-38.363560773432255" lon="144.94549993425608">
        <ele>255.0</ele>
        <time>2024-01-20T06:24:38.602Z</time>
      </trkpt>
      <trkpt lat="-38.36360679008067" lon="144.94544243440032">
        <ele>255.0</ele>
        <time>2024-01-20T06:24:54.922Z</time>
      </trkpt>
      <trkpt lat="-38.36362170986831" lon="144.94535274803638">
        <ele>255.0</ele>
        <time>2024-01-20T06:25:11.246Z</time>
      </trkpt>
      <trkpt lat="-38.36366403847933" lon="144.9452616367489">
        <ele>255.0</ele>
        <time>2024-01-20T06:25:27.575Z</time>
      </trkpt>
      <trkpt lat="-38.363670660182834" lon="144.94518670253456">
        <ele>255.0</ele>
        <time>2024-01-20T06:25:43.907Z</time>
      </trkpt>
      <trkpt lat="-38.36379177868366" lon="144.94498553685844">
        <ele>255.0</ele>
        <time>2024-01-20T06:26:00.250Z</time>
      </trkpt>
      <trkpt lat="-38.363783648237586" lon="144.94493138976395">
        <ele>255.0</ele>
        <time>2024-01-20T06:26:16.595Z</time>
      </trkpt>
      <trkpt lat="-38.363845171406865" lon="144.9448168091476">
        <ele>255.0</ele>
        <time>2024-01-20T06:26:32.947Z</time>
      </trkpt>
      <trkpt lat="-38.363857408985496" lon="144.9446531943977">
        <ele>255.0</ele>
        <time>2024-01-20T06:26:49.306Z</time>
      </trkpt>
      <trkpt lat="-38.36385179311037" lon="144.9445044156164">
        <ele>255.0</ele>
        <time>2024-01-20T06:27:05.671Z</time>
      </trkpt>
      <trkpt lat="-38.363832011818886" lon="144.94442210532725">
        <ele>255.0</ele>
        <time>2024-01-20T06:27:22.040Z</time>
      </trkpt>
      <trkpt lat="-38.36379638873041" lon="144.94438648223877">
        <ele>255.0</ele>
        <time>2024-01-20T06:27:38.412Z</time>
      </trkpt>
      <trkpt lat="-38.363705864176154" lon="144.9442023318261">
        <ele>255.0</ele>
        <time>2024-01-20T06:27:54.793Z</time>
      </trkpt>
      <trkpt lat="-38.36359136737883" lon="144.94403896853328">
        <ele>255.0</ele>
        <time>2024-01-20T06:28:11.184Z</time>
      </trkpt>
      <trkpt lat="-38.36357426829636" lon="144.94394081644714">
        <ele>234.0</ele>
        <time>2024-01-20T06:28:27.579Z</time>
      </trkpt>
      <trkpt lat="-38.36357359774411" lon="144.94368583895266">
        <ele>234.0</ele>
        <time>2024-01-20T06:28:43.985Z</time>
      </trkpt>
      <trkpt lat="-38.36362665519118" lon="144.943578382954">
        <ele>234.0</ele>
        <time>2024-01-20T06:29:00.397Z</time>
      </trkpt>
      <trkpt lat="-38.36375288665295" lon="144.94340336881578">
        <ele>234.0</ele>
        <time>2024-01-20T06:29:16.819Z</time>
      </trkpt>
      <trkpt lat="-38.36384600959718" lon="144.94313481263816">
        <ele>234.0</ele>
        <time>2024-01-20T06:29:33.254Z</time>
      </trkpt>
      <trkpt lat="-38.36389822885394" lon="144.94303984567523">
        <ele>234.0</ele>
        <time>2024-01-20T06:29:49.694Z</time>
      </trkpt>
      <trkpt lat="-38.36394181475043" lon="144.94301000609994">
        <ele>234.0</ele>
        <time>2024-01-20T06:30:06.137Z</time>
      </trkpt>
      <trkpt lat="-38.36401205509901" lon="144.94287706911564">
        <ele>234.0</ele>
        <time>2024-01-20T06:30:22.587Z</time>
      </trkpt>
      <trkpt lat="-38.36405740119517" lon="144.94269317016006">
        <ele>234.0</ele>
        <time>2024-01-20T06:30:39.045Z</time>
      </trkpt>
      <trkpt lat="-38.36408833041787" lon="144.94264245964587">
        <ele>234.0</ele>
        <time>2024-01-20T06:30:55.506Z</time>
      </trkpt>
      <trkpt lat="-38.364160833880305" lon="144.942574063316">
        <ele>234.0</ele>
        <time>2024-01-20T06:31:11.972Z</time>
      </trkpt>
      <trkpt lat="-38.3642818685621" lon="144.94251379743218">
        <ele>234.0</ele>
        <time>2024-01-20T06:31:28.445Z</time>
      </trkpt>
      <trkpt lat="-38.364379266276956" lon="144.94243701919913">
        <ele>234.0</ele>
        <time>2024-01-20T06:31:44.925Z</time>
      </trkpt>
      <trkpt lat="-38.364473059773445" lon="144.94240458123386">
        <ele>234.0</ele>
        <time>2024-01-20T06:32:01.410Z</time>
      </trkpt>
      <trkpt lat="-38.3645376842469" lon="144.9423484224826">
        <ele>234.0</ele>
        <time>2024-01-20T06:32:17.900Z</time>
      </trkpt>
      <trkpt lat="-38.36454707197845" lon="144.9423613306135">
        <ele>234.0</ele>
        <time>2024-01-20T06:32:34.390Z</time>
      </trkpt>
      <trkpt lat="-38.36458873003721" lon="144.94229838252068">
        <ele>234.0</ele>
        <time>2024-01-20T06:32:50.884Z</time>
      </trkpt>
      <trkpt lat="-38.36467280052602" lon="144.94209906086326">
        <ele>234.0</ele>
        <time>2024-01-20T06:33:07.388Z</time>
      </trkpt>
      <trkpt lat="-38.36467741057277" lon="144.94205011054873">
        <ele>234.0</ele>
        <time>2024-01-20T06:33:23.894Z</time>
      </trkpt>
      <trkpt lat="-38.36475041694939" lon="144.94196503423154">
        <ele>234.0</ele>
        <time>2024-01-20T06:33:40.406Z</time>
      </trkpt>
      <trkpt lat="-38.36489642970264" lon="144.94194399565458">
        <ele>234.0</ele>
        <time>2024-01-20T06:33:56.926Z</time>
      </trkpt>
      <trkpt lat="-38.364979326725006" lon="144.94196805171669">
        <ele>234.0</ele>
        <time>2024-01-20T06:34:13.450Z</time>
      </trkpt>
      <trkpt lat="-38.365101870149374" lon="144.9419574905187">
        <ele>234.0</ele>
        <time>2024-01-20T06:34:29.981Z</time>
      </trkpt>
      <trkpt lat="-38.36520228534937" lon="144.9419858213514">
        <ele>234.0</ele>
        <time>2024-01-20T06:34:46.518Z</time>
      </trkpt>
      <trkpt lat="-38.36523598060012" lon="144.94196486659348">
        <ele>234.0</ele>
        <time>2024-01-20T06:35:03.057Z</time>
      </trkpt>
      <trkpt lat="-38.36540915071964" lon="144.94193100370467">
        <ele>234.0</ele>
        <time>2024-01-20T06:35:19.606Z</time>
      </trkpt>
      <trkpt lat="-38.3656997513026" lon="144.9419807922095">
        <ele>234.0</ele>
        <time>2024-01-20T06:35:36.171Z</time>
      </trkpt>
      <trkpt lat="-38.365765465423465" lon="144.94196746498346">
        <ele>234.0</ele>
        <time>2024-01-20T06:35:52.740Z</time>
      </trkpt>
      <trkpt lat="-38.365848027169704" lon="144.94190325960517">
        <ele>234.0</ele>
        <time>2024-01-20T06:36:09.314Z</time>
      </trkpt>
      <trkpt lat="-38.36590636521578" lon="144.9418327677995">
        <ele>234.0</ele>
        <time>2024-01-20T06:36:25.893Z</time>
      </trkpt>
      <trkpt lat="-38.36594081483781" lon="144.94175582192838">
        <ele>234.0</ele>
        <time>2024-01-20T06:36:42.476Z</time>
      </trkpt>
      <trkpt lat="-38.36598658002913" lon="144.94170527905226">
        <ele>234.0</ele>
        <time>2024-01-20T06:36:59.062Z</time>
      </trkpt>
      <trkpt lat="-38.366004936397076" lon="144.94159715250134">
        <ele>234.0</ele>
        <time>2024-01-20T06:37:15.653Z</time>
      </trkpt>
      <trkpt lat="-38.36604382842779" lon="144.94151526130736">
        <ele>234.0</ele>
        <time>2024-01-20T06:37:32.248Z</time>
      </trkpt>
      <trkpt lat="-38.36612001992762" lon="144.9414394889027">
        <ele>234.0</ele>
        <time>2024-01-20T06:37:48.848Z</time>
      </trkpt>
      <trkpt lat="-38.366282377392054" lon="144.94137486442924">
        <ele>234.0</ele>
        <time>2024-01-20T06:38:05.458Z</time>
      </trkpt>
      <trkpt lat="-38.366378266364336" lon="144.94135835208">
        <ele>234.0</ele>
        <time>2024-01-20T06:38:22.073Z</time>
      </trkpt>
      <trkpt lat="-38.3664941880852" lon="144.94138936512172">
        <ele>234.0</ele>
        <time>2024-01-20T06:38:38.695Z</time>
      </trkpt>
      <trkpt lat="-38.366572642698884" lon="144.94139146059752">
        <ele>234.0</ele>
        <time>2024-01-20T06:38:55.321Z</time>
      </trkpt>
      <trkpt lat="-38.36679568514228" lon="144.94128081947565">
        <ele>234.0</ele>
        <time>2024-01-20T06:39:11.961Z</time>
      </trkpt>
      <trkpt lat="-38.36700741201639" lon="144.94124997407198">
        <ele>234.0</ele>
        <time>2024-01-20T06:39:28.612Z</time>
      </trkpt>
      <trkpt lat="-38.367104306817055" lon="144.94117537513375">
        <ele>234.0</ele>
        <time>2024-01-20T06:39:45.270Z</time>
      </trkpt>
      <trkpt lat="-38.367112604901195" lon="144.94112625718117">
        <ele>234.0</ele>
        <time>2024-01-20T06:40:01.930Z</time>
      </trkpt>
      <trkpt lat="-38.367010513320565" lon="144.94075644761324">
        <ele>234.0</ele>
        <time>2024-01-20T06:40:18.607Z</time>
      </trkpt>
      <trkpt lat="-38.366900123655796" lon="144.94052150286734">
        <ele>234.0</ele>
        <time>2024-01-20T06:40:35.296Z</time>
      </trkpt>
      <trkpt lat="-38.366797529160976" lon="144.94022285565734">
        <ele>234.0</ele>
        <time>2024-01-20T06:40:51.999Z</time>
      </trkpt>
      <trkpt lat="-38.366779424250126" lon="144.93986922316253">
        <ele>234.0</ele>
        <time>2024-01-20T06:41:08.718Z</time>
      </trkpt>
      <trkpt lat="-38.366834074258804" lon="144.93950058706105">
        <ele>234.0</ele>
        <time>2024-01-20T06:41:25.453Z</time>
      </trkpt>
      <trkpt lat="-38.36670792661607" lon="144.93924158625305">
        <ele>234.0</ele>
        <time>2024-01-20T06:41:42.202Z</time>
      </trkpt>
      <trkpt lat="-38.36671303957701" lon="144.9392147641629">
        <ele>234.0</ele>
        <time>2024-01-20T06:41:58.952Z</time>
      </trkpt>
      <trkpt lat="-38.366647409275174" lon="144.93896967731416">
        <ele>234.0</ele>
        <time>2024-01-20T06:42:15.713Z</time>
      </trkpt>
      <trkpt lat="-38.36663953028619" lon="144.93885417468846">
        <ele>204.6</ele>
        <time>2024-01-20T06:42:32.479Z</time>
      </trkpt>
      <trkpt lat="-38.366659227758646" lon="144.938749903813">
        <ele>204.6</ele>
        <time>2024-01-20T06:42:49.250Z</time>
      </trkpt>
      <trkpt lat="-38.36673030629754" lon="144.93860305286944">
        <ele>204.6</ele>
        <time>2024-01-20T06:43:06.029Z</time>
      </trkpt>
      <trkpt lat="-38.36692518554628" lon="144.93837372399867">
        <ele>204.6</ele>
        <time>2024-01-20T06:43:22.822Z</time>
      </trkpt>
      <trkpt lat="-38.36698587052524" lon="144.93825587444007">
        <ele>204.6</ele>
        <time>2024-01-20T06:43:39.622Z</time>
      </trkpt>
      <trkpt lat="-38.36703943088651" lon="144.93807365186512">
        <ele>204.6</ele>
        <time>2024-01-20T06:43:56.430Z</time>
      </trkpt>
      <trkpt lat="-38.36709131486714" lon="144.93799025192857">
        <ele>204.6</ele>
        <time>2024-01-20T06:44:13.243Z</time>
      </trkpt>
      <trkpt lat="-38.36712702177465" lon="144.93795127607882">
        <ele>204.6</ele>
        <time>2024-01-20T06:44:30.058Z</time>
      </trkpt>
      <trkpt lat="-38.36720329709351" lon="144.93792495690286">
        <ele>204.6</ele>
        <time>2024-01-20T06:44:46.878Z</time>
      </trkpt>
      <trkpt lat="-38.36735098622739" lon="144.93791565299034">
        <ele>204.6</ele>
        <time>2024-01-20T06:45:03.706Z</time>
      </trkpt>
      <trkpt lat="-38.3674403373152" lon="144.9378872383386">
        <ele>204.6</ele>
        <time>2024-01-20T06:45:20.539Z</time>
      </trkpt>
      <trkpt lat="-38.36759238503873" lon="144.9378706421703">
        <ele>204.6</ele>
        <time>2024-01-20T06:45:37.381Z</time>
      </trkpt>
      <trkpt lat="-38.36763949133456" lon="144.93789285421371">
        <ele>204.6</ele>
        <time>2024-01-20T06:45:54.225Z</time>
      </trkpt>
      <trkpt lat="-38.367707720026374" lon="144.93795689195395">
        <ele>204.6</ele>
        <time>2024-01-20T06:46:11.074Z</time>
      </trkpt>
      <trkpt lat="-38.367839735001326" lon="144.93801321834326">
        <ele>204.6</ele>
        <time>2024-01-20T06:46:27.931Z</time>
      </trkpt>
      <trkpt lat="-38.368150955066085" lon="144.9382591433823">
        <ele>204.6</ele>
        <time>2024-01-20T06:46:44.808Z</time>
      </trkpt>
      <trkpt lat="-38.36823175661266" lon="144.9382614903152">
        <ele>204.6</ele>
        <time>2024-01-20T06:47:01.690Z</time>
      </trkpt>
      <trkpt lat="-38.3683177549392" lon="144.93824120610952">
        <ele>204.6</ele>
        <time>2024-01-20T06:47:18.577Z</time>
      </trkpt>
      <trkpt lat="-38.36835840716958" lon="144.93818622082472">
        <ele>204.6</ele>
        <time>2024-01-20T06:47:35.467Z</time>
      </trkpt>
      <trkpt lat="-38.368378607556224" lon="144.93811815977097">
        <ele>204.6</ele>
        <time>2024-01-20T06:47:52.360Z</time>
      </trkpt>
      <trkpt lat="-38.368476424366236" lon="144.93752086535096">
        <ele>204.6</ele>
        <time>2024-01-20T06:48:09.280Z</time>
      </trkpt>
      <trkpt lat="-38.36857046931982" lon="144.93735909461975">
        <ele>204.6</ele>
        <time>2024-01-20T06:48:26.209Z</time>
      </trkpt>
      <trkpt lat="-38.36896081455052" lon="144.9369059689343">
        <ele>204.6</ele>
        <time>2024-01-20T06:48:43.167Z</time>
      </trkpt>
      <trkpt lat="-38.36915133520961" lon="144.93672357872128">
        <ele>204.6</ele>
        <time>2024-01-20T06:49:00.138Z</time>
      </trkpt>
      <trkpt lat="-38.369432128965855" lon="144.93640020489693">
        <ele>206.8</ele>
        <time>2024-01-20T06:49:17.131Z</time>
      </trkpt>
      <trkpt lat="-38.369781989604235" lon="144.9359178263694">
        <ele>206.8</ele>
        <time>2024-01-20T06:49:34.152Z</time>
      </trkpt>
      <trkpt lat="-38.369874861091375" lon="144.93583492934704">
        <ele>206.8</ele>
        <time>2024-01-20T06:49:51.180Z</time>
      </trkpt>
      <trkpt lat="-38.37027333676815" lon="144.93557123467326">
        <ele>206.8</ele>
        <time>2024-01-20T06:50:08.233Z</time>
      </trkpt>
      <trkpt lat="-38.37071011774242" lon="144.93534944951534">
        <ele>206.8</ele>
        <time>2024-01-20T06:50:25.312Z</time>
      </trkpt>
      <trkpt lat="-38.371064588427544" lon="144.93513034656644">
        <ele>206.8</ele>
        <time>2024-01-20T06:50:42.413Z</time>
      </trkpt>
      <trkpt lat="-38.371213786304" lon="144.9349909555167">
        <ele>206.8</ele>
        <time>2024-01-20T06:50:59.524Z</time>
      </trkpt>
      <trkpt lat="-38.371319733560085" lon="144.93483471684158">
        <ele>206.8</ele>
        <time>2024-01-20T06:51:16.644Z</time>
      </trkpt>
      <trkpt lat="-38.371364660561085" lon="144.93467864580452">
        <ele>206.8</ele>
        <time>2024-01-20T06:51:33.771Z</time>
      </trkpt>
      <trkpt lat="-38.371430626139045" lon="144.9343133624643">
        <ele>206.8</ele>
        <time>2024-01-20T06:51:50.915Z</time>
      </trkpt>
      <trkpt lat="-38.37159155867994" lon="144.9338841252029">
        <ele>206.8</ele>
        <time>2024-01-20T06:52:08.080Z</time>
      </trkpt>
      <trkpt lat="-38.37172047235072" lon="144.93319823406637">
        <ele>206.8</ele>
        <time>2024-01-20T06:52:25.276Z</time>
      </trkpt>
      <trkpt lat="-38.3717436902225" lon="144.9329824000597">
        <ele>206.8</ele>
        <time>2024-01-20T06:52:42.481Z</time>
      </trkpt>
      <trkpt lat="-38.3717698417604" lon="144.93289640173316">
        <ele>171.2</ele>
        <time>2024-01-20T06:52:59.690Z</time>
      </trkpt>
      <trkpt lat="-38.371809823438525" lon="144.93248971179128">
        <ele>171.2</ele>
        <time>2024-01-20T06:53:16.917Z</time>
      </trkpt>
      <trkpt lat="-38.371883081272244" lon="144.93229835294187">
        <ele>171.2</ele>
        <time>2024-01-20T06:53:34.153Z</time>
      </trkpt>
      <trkpt lat="-38.37222103960812" lon="144.93173886090517">
        <ele>171.2</ele>
        <time>2024-01-20T06:53:51.420Z</time>
      </trkpt>
      <trkpt lat="-38.37232296355069" lon="144.93153006769717">
        <ele>171.2</ele>
        <time>2024-01-20T06:54:08.698Z</time>
      </trkpt>
      <trkpt lat="-38.37247836403549" lon="144.93127819150686">
        <ele>171.2</ele>
        <time>2024-01-20T06:54:25.990Z</time>
      </trkpt>
      <trkpt lat="-38.37251666933298" lon="144.9311744235456">
        <ele>171.2</ele>
        <time>2024-01-20T06:54:43.287Z</time>
      </trkpt>
      <trkpt lat="-38.37261482141912" lon="144.93083043023944">
        <ele>150.0</ele>
        <time>2024-01-20T06:55:00.600Z</time>
      </trkpt>
      <trkpt lat="-38.372587747871876" lon="144.93069757707417">
        <ele>150.0</ele>
        <time>2024-01-20T06:55:17.919Z</time>
      </trkpt>
      <trkpt lat="-38.37256805039942" lon="144.9307098146528">
        <ele>150.0</ele>
        <time>2024-01-20T06:55:35.239Z</time>
      </trkpt>
      <trkpt lat="-38.37252538651228" lon="144.9306992534548">
        <ele>150.0</ele>
        <time>2024-01-20T06:55:52.562Z</time>
      </trkpt>
      <trkpt lat="-38.37259143590927" lon="144.93068056181073">
        <ele>150.0</ele>
        <time>2024-01-20T06:56:09.889Z</time>
      </trkpt>
      <trkpt lat="-38.37264742702246" lon="144.9306004308164">
        <ele>150.0</ele>
        <time>2024-01-20T06:56:27.220Z</time>
      </trkpt>
      <trkpt lat="-38.37269000709057" lon="144.93034277111292">
        <ele>150.0</ele>
        <time>2024-01-20T06:56:44.563Z</time>
      </trkpt>
      <trkpt lat="-38.37265631183982" lon="144.92983348667622">
        <ele>150.0</ele>
        <time>2024-01-20T06:57:01.928Z</time>
      </trkpt>
      <trkpt lat="-38.37270920164883" lon="144.92975117638707">
        <ele>150.0</ele>
        <time>2024-01-20T06:57:19.298Z</time>
      </trkpt>
      <trkpt lat="-38.37285370565951" lon="144.9296059180051">
        <ele>150.0</ele>
        <time>2024-01-20T06:57:36.678Z</time>
      </trkpt>
      <trkpt lat="-38.37292905896902" lon="144.92944825440645">
        <ele>150.0</ele>
        <time>2024-01-20T06:57:54.066Z</time>
      </trkpt>
      <trkpt lat="-38.373011788353324" lon="144.92940257303417">
        <ele>150.0</ele>
        <time>2024-01-20T06:58:11.459Z</time>
      </trkpt>
      <trkpt lat="-38.37327556684613" lon="144.9293458275497">
        <ele>150.0</ele>
        <time>2024-01-20T06:58:28.867Z</time>
      </trkpt>
      <trkpt lat="-38.373449156060815" lon="144.92923208512366">
        <ele>150.0</ele>
        <time>2024-01-20T06:58:46.286Z</time>
      </trkpt>
      <trkpt lat="-38.373751072213054" lon="144.92935731075704">
        <ele>150.0</ele>
        <time>2024-01-20T06:59:03.723Z</time>
      </trkpt>
      <trkpt lat="-38.37387210689485" lon="144.9293825402856">
        <ele>150.0</ele>
        <time>2024-01-20T06:59:21.167Z</time>
      </trkpt>
      <trkpt lat="-38.373896749690175" lon="144.9294013157487">
        <ele>150.0</ele>
        <time>2024-01-20T06:59:38.612Z</time>
      </trkpt>
      <trkpt lat="-38.37399506941438" lon="144.929402153939">
        <ele>150.0</ele>
        <time>2024-01-20T06:59:56.063Z</time>
      </trkpt>
      <trkpt lat="-38.37431618012488" lon="144.92948689498007">
        <ele>150.0</ele>
        <time>2024-01-20T07:00:13.532Z</time>
      </trkpt>
      <trkpt lat="-38.37449748069048" lon="144.92955177091062">
        <ele>150.0</ele>
        <time>2024-01-20T07:00:31.011Z</time>
      </trkpt>
      <trkpt lat="-38.374609714373946" lon="144.92954808287323">
        <ele>150.0</ele>
        <time>2024-01-20T07:00:48.497Z</time>
      </trkpt>
      <trkpt lat="-38.37472094222903" lon="144.92956560105085">
        <ele>150.0</ele>
        <time>2024-01-20T07:01:05.989Z</time>
      </trkpt>
      <trkpt lat="-38.374809455126524" lon="144.92955495603383">
        <ele>82.2</ele>
        <time>2024-01-20T07:01:23.486Z</time>
      </trkpt>
      <trkpt lat="-38.37494054809213" lon="144.92957565933466">
        <ele>82.2</ele>
        <time>2024-01-20T07:01:40.990Z</time>
      </trkpt>
      <trkpt lat="-38.37511765770614" lon="144.92963885888457">
        <ele>82.2</ele>
        <time>2024-01-20T07:01:58.504Z</time>
      </trkpt>
      <trkpt lat="-38.375176414847374" lon="144.92968236096203">
        <ele>79.6</ele>
        <time>2024-01-20T07:02:16.022Z</time>
      </trkpt>
      <trkpt lat="-38.37520365603268" lon="144.92971840314567">
        <ele>79.6</ele>
        <time>2024-01-20T07:02:33.542Z</time>
      </trkpt>
      <trkpt lat="-38.3752079308033" lon="144.92982334457338">
        <ele>79.6</ele>
        <time>2024-01-20T07:02:51.067Z</time>
      </trkpt>
      <trkpt lat="-38.37527020834386" lon="144.92989392019808">
        <ele>79.6</ele>
        <time>2024-01-20T07:03:08.597Z</time>
      </trkpt>
      <trkpt lat="-38.3753667678684" lon="144.92991294711828">
        <ele>79.6</ele>
        <time>2024-01-20T07:03:26.132Z</time>
      </trkpt>
      <trkpt lat="-38.375452095642686" lon="144.92996206507087">
        <ele>80.0</ele>
        <time>2024-01-20T07:03:43.672Z</time>
      </trkpt>
      <trkpt lat="-38.37583791464567" lon="144.93009491823614">
        <ele>80.0</ele>
        <time>2024-01-20T07:04:01.235Z</time>
      </trkpt>
      <trkpt lat="-38.37632540613413" lon="144.93033606559038">
        <ele>80.0</ele>
        <time>2024-01-20T07:04:18.827Z</time>
      </trkpt>
      <trkpt lat="-38.3764030225575" lon="144.93034469895065">
        <ele>80.0</ele>
        <time>2024-01-20T07:04:36.423Z</time>
      </trkpt>
      <trkpt lat="-38.37649983353913" lon="144.93027739226818">
        <ele>84.4</ele>
        <time>2024-01-20T07:04:54.025Z</time>
      </trkpt>
      <trkpt lat="-38.376559345051646" lon="144.93009424768388">
        <ele>84.4</ele>
        <time>2024-01-20T07:05:11.636Z</time>
      </trkpt>
      <trkpt lat="-38.37656085379422" lon="144.93001487106085">
        <ele>84.4</ele>
        <time>2024-01-20T07:05:29.250Z</time>
      </trkpt>
      <trkpt lat="-38.37660896591842" lon="144.929872546345">
        <ele>84.4</ele>
        <time>2024-01-20T07:05:46.871Z</time>
      </trkpt>
      <trkpt lat="-38.37668222375214" lon="144.9295461550355">
        <ele>84.4</ele>
        <time>2024-01-20T07:06:04.507Z</time>
      </trkpt>
      <trkpt lat="-38.37667878717184" lon="144.92940089665353">
        <ele>84.4</ele>
        <time>2024-01-20T07:06:22.149Z</time>
      </trkpt>
      <trkpt lat="-38.3767257258296" lon="144.92897735908628">
        <ele>84.4</ele>
        <time>2024-01-20T07:06:39.810Z</time>
      </trkpt>
      <trkpt lat="-38.376758666709065" lon="144.92875959724188">
        <ele>84.4</ele>
        <time>2024-01-20T07:06:57.481Z</time>
      </trkpt>
      <trkpt lat="-38.37679906748235" lon="144.92862967774272">
        <ele>84.4</ele>
        <time>2024-01-20T07:07:15.158Z</time>
      </trkpt>
      <trkpt lat="-38.376808036118746" lon="144.92829272523522">
        <ele>84.4</ele>
        <time>2024-01-20T07:07:32.850Z</time>
      </trkpt>
      <trkpt lat="-38.376849107444286" lon="144.92813237942755">
        <ele>84.4</ele>
        <time>2024-01-20T07:07:50.549Z</time>
      </trkpt>
      <trkpt lat="-38.37688598781824" lon="144.92805710993707">
        <ele>84.4</ele>
        <time>2024-01-20T07:08:08.252Z</time>
      </trkpt>
      <trkpt lat="-38.37694206275046" lon="144.92799181491137">
        <ele>84.4</ele>
        <time>2024-01-20T07:08:25.959Z</time>
      </trkpt>
      <trkpt lat="-38.37710089981556" lon="144.9278732109815">
        <ele>84.4</ele>
        <time>2024-01-20T07:08:43.676Z</time>
      </trkpt>
      <trkpt lat="-38.3772247005254" lon="144.92781101725996">
        <ele>84.4</ele>
        <time>2024-01-20T07:09:01.401Z</time>
      </trkpt>
      <trkpt lat="-38.377294605597854" lon="144.9277384299785">
        <ele>74.4</ele>
        <time>2024-01-20T07:09:19.131Z</time>
      </trkpt>
      <trkpt lat="-38.377356715500355" lon="144.927433244884">
        <ele>74.4</ele>
        <time>2024-01-20T07:09:36.875Z</time>
      </trkpt>
      <trkpt lat="-38.377381106838584" lon="144.92717231623828">
        <ele>74.4</ele>
        <time>2024-01-20T07:09:54.630Z</time>
      </trkpt>
      <trkpt lat="-38.377402145415545" lon="144.92631535045803">
        <ele>74.4</ele>
        <time>2024-01-20T07:10:12.423Z</time>
      </trkpt>
      <trkpt lat="-38.377392338588834" lon="144.92582375183702">
        <ele>74.4</ele>
        <time>2024-01-20T07:10:30.237Z</time>
      </trkpt>
      <trkpt lat="-38.37735554203391" lon="144.92526752874255">
        <ele>74.4</ele>
        <time>2024-01-20T07:10:48.076Z</time>
      </trkpt>
      <trkpt lat="-38.37736082263291" lon="144.92520919069648">
        <ele>74.4</ele>
        <time>2024-01-20T07:11:05.917Z</time>
      </trkpt>
      <trkpt lat="-38.37738823145628" lon="144.9251645989716">
        <ele>74.4</ele>
        <time>2024-01-20T07:11:23.761Z</time>
      </trkpt>
      <trkpt lat="-38.37831510230899" lon="144.92519636638463">
        <ele>71.4</ele>
        <time>2024-01-20T07:11:41.656Z</time>
      </trkpt>
      <trkpt lat="-38.378992108628154" lon="144.92515177465975">
        <ele>71.4</ele>
        <time>2024-01-20T07:11:59.589Z</time>
      </trkpt>
      <trkpt lat="-38.380375541746616" lon="144.92513886652887">
        <ele>71.4</ele>
        <time>2024-01-20T07:12:17.599Z</time>
      </trkpt>
      <trkpt lat="-38.381115328520536" lon="144.92510047741234">
        <ele>56.0</ele>
        <time>2024-01-20T07:12:35.650Z</time>
      </trkpt>
      <trkpt lat="-38.38147600181401" lon="144.9251241143793">
        <ele>56.0</ele>
        <time>2024-01-20T07:12:53.722Z</time>
      </trkpt>
      <trkpt lat="-38.38160910643637" lon="144.9252760782838">
        <ele>56.0</ele>
        <time>2024-01-20T07:13:11.803Z</time>
      </trkpt>
      <trkpt lat="-38.38161354884505" lon="144.92526032030582">
        <ele>56.8</ele>
        <time>2024-01-20T07:13:29.885Z</time>
      </trkpt>
      <trkpt lat="-38.38161245919764" lon="144.92527247406542">
        <ele>56.8</ele>
        <time>2024-01-20T07:13:47.968Z</time>
      </trkpt>
      <trkpt lat="-38.38162771426141" lon="144.9252576380968">
        <ele>56.8</ele>
        <time>2024-01-20T07:14:06.052Z</time>
      </trkpt>
      <trkpt lat="-38.381652692332864" lon="144.92526409216225">
        <ele>56.8</ele>
        <time>2024-01-20T07:14:24.137Z</time>
      </trkpt>
      <trkpt lat="-38.3815972879529" lon="144.9252547044307">
        <ele>56.8</ele>
        <time>2024-01-20T07:14:42.225Z</time>
      </trkpt>
      <trkpt lat="-38.38170533068478" lon="144.92526618763804">
        <ele>57.4</ele>
        <time>2024-01-20T07:15:00.319Z</time>
      </trkpt>
      <trkpt lat="-38.38170968927443" lon="144.9252795148641">
        <ele>57.4</ele>
        <time>2024-01-20T07:15:18.414Z</time>
      </trkpt>
      <trkpt lat="-38.38171027600765" lon="144.92526534944773">
        <ele>57.4</ele>
        <time>2024-01-20T07:15:36.510Z</time>
      </trkpt>
      <trkpt lat="-38.38169602677226" lon="144.92527406662703">
        <ele>57.4</ele>
        <time>2024-01-20T07:15:54.607Z</time>
      </trkpt>
      <trkpt lat="-38.38171195238829" lon="144.92536232806742">
        <ele>57.4</ele>
        <time>2024-01-20T07:16:12.707Z</time>
      </trkpt>
      <trkpt lat="-38.38176978752017" lon="144.92542636580765">
        <ele>57.4</ele>
        <time>2024-01-20T07:16:30.812Z</time>
      </trkpt>
      <trkpt lat="-38.38204538449645" lon="144.9255086760968">
        <ele>57.4</ele>
        <time>2024-01-20T07:16:48.933Z</time>
      </trkpt>
      <trkpt lat="-38.3821998629719" lon="144.9255808442831">
        <ele>57.4</ele>
        <time>2024-01-20T07:17:07.063Z</time>
      </trkpt>
      <trkpt lat="-38.382221572101116" lon="144.92573238909245">
        <ele>57.4</ele>
        <time>2024-01-20T07:17:25.199Z</time>
      </trkpt>
      <trkpt lat="-38.3822466339916" lon="144.92576113902032">
        <ele>57.4</ele>
        <time>2024-01-20T07:17:43.337Z</time>
      </trkpt>
      <trkpt lat="-38.382241101935506" lon="144.9259032960981">
        <ele>59.4</ele>
        <time>2024-01-20T07:18:01.482Z</time>
      </trkpt>
      <trkpt lat="-38.38225652463734" lon="144.92601569741964">
        <ele>59.4</ele>
        <time>2024-01-20T07:18:19.632Z</time>
      </trkpt>
      <trkpt lat="-38.382347133010626" lon="144.9261125922203">
        <ele>59.4</ele>
        <time>2024-01-20T07:18:37.788Z</time>
      </trkpt>
      <trkpt lat="-38.38240446522832" lon="144.9261495564133">
        <ele>59.4</ele>
        <time>2024-01-20T07:18:55.948Z</time>
      </trkpt>
      <trkpt lat="-38.382532289251685" lon="144.92630872875452">
        <ele>59.4</ele>
        <time>2024-01-20T07:19:14.118Z</time>
      </trkpt>
      <trkpt lat="-38.38263764977455" lon="144.92633865214884">
        <ele>59.4</ele>
        <time>2024-01-20T07:19:32.294Z</time>
      </trkpt>
      <trkpt lat="-38.3829044457525" lon="144.92651073262095">
        <ele>59.4</ele>
        <time>2024-01-20T07:19:50.486Z</time>
      </trkpt>
      <trkpt lat="-38.38297334499657" lon="144.92658583447337">
        <ele>59.4</ele>
        <time>2024-01-20T07:20:08.683Z</time>
      </trkpt>
      <trkpt lat="-38.3830410707742" lon="144.9267133232206">
        <ele>59.4</ele>
        <time>2024-01-20T07:20:26.887Z</time>
      </trkpt>
      <trkpt lat="-38.38306521065533" lon="144.92686679586768">
        <ele>59.4</ele>
        <time>2024-01-20T07:20:45.098Z</time>
      </trkpt>
      <trkpt lat="-38.3831116463989" lon="144.9269632715732">
        <ele>59.4</ele>
        <time>2024-01-20T07:21:03.314Z</time>
      </trkpt>
      <trkpt lat="-38.38323603384197" lon="144.92743131704628">
        <ele>59.4</ele>
        <time>2024-01-20T07:21:21.552Z</time>
      </trkpt>
      <trkpt lat="-38.38321357034147" lon="144.92749485187232">
        <ele>59.4</ele>
        <time>2024-01-20T07:21:39.793Z</time>
      </trkpt>
      <trkpt lat="-38.38313972577453" lon="144.9275846220553">
        <ele>59.4</ele>
        <time>2024-01-20T07:21:58.039Z</time>
      </trkpt>
      <trkpt lat="-38.38307057507336" lon="144.92778712883592">
        <ele>59.4</ele>
        <time>2024-01-20T07:22:16.295Z</time>
      </trkpt>
      <trkpt lat="-38.383052134886384" lon="144.92794319987297">
        <ele>59.4</ele>
        <time>2024-01-20T07:22:34.558Z</time>
      </trkpt>
      <trkpt lat="-38.38315900415182" lon="144.92816406302154">
        <ele>59.4</ele>
        <time>2024-01-20T07:22:52.832Z</time>
      </trkpt>
      <trkpt lat="-38.3831359539181" lon="144.92832616902888">
        <ele>70.8</ele>
        <time>2024-01-20T07:23:11.114Z</time>
      </trkpt>
      <trkpt lat="-38.38319160975516" lon="144.9285995028913">
        <ele>70.8</ele>
        <time>2024-01-20T07:23:29.408Z</time>
      </trkpt>
      <trkpt lat="-38.383206529542804" lon="144.9287982378155">
        <ele>70.8</ele>
        <time>2024-01-20T07:23:47.711Z</time>
      </trkpt>
      <trkpt lat="-38.38319261558354" lon="144.92885833606124">
        <ele>70.8</ele>
        <time>2024-01-20T07:24:06.016Z</time>
      </trkpt>
      <trkpt lat="-38.383304346352816" lon="144.92897442542017">
        <ele>70.8</ele>
        <time>2024-01-20T07:24:24.329Z</time>
      </trkpt>
      <trkpt lat="-38.38336771354079" lon="144.92899915203452">
        <ele>71.6</ele>
        <time>2024-01-20T07:24:42.646Z</time>
      </trkpt>
      <trkpt lat="-38.38355848565698" lon="144.92901105433702">
        <ele>71.6</ele>
        <time>2024-01-20T07:25:00.974Z</time>
      </trkpt>
      <trkpt lat="-38.38386149145663" lon="144.92899688892066">
        <ele>71.6</ele>
        <time>2024-01-20T07:25:19.319Z</time>
      </trkpt>
      <trkpt lat="-38.38415267877281" lon="144.92901491001248">
        <ele>71.6</ele>
        <time>2024-01-20T07:25:37.680Z</time>
      </trkpt>
      <trkpt lat="-38.38453673757613" lon="144.92895724251866">
        <ele>71.6</ele>
        <time>2024-01-20T07:25:56.062Z</time>
      </trkpt>
      <trkpt lat="-38.384777046740055" lon="144.92895766161382">
        <ele>71.6</ele>
        <time>2024-01-20T07:26:14.458Z</time>
      </trkpt>
      <trkpt lat="-38.385094637051225" lon="144.92893377318978">
        <ele>71.6</ele>
        <time>2024-01-20T07:26:32.871Z</time>
      </trkpt>
      <trkpt lat="-38.38548246771097" lon="144.92894207127392">
        <ele>71.6</ele>
        <time>2024-01-20T07:26:51.306Z</time>
      </trkpt>
      <trkpt lat="-38.38565672747791" lon="144.9289015866816">
        <ele>71.6</ele>
        <time>2024-01-20T07:27:09.751Z</time>
      </trkpt>
      <trkpt lat="-38.38589779101312" lon="144.92891591973603">
        <ele>82.8</ele>
        <time>2024-01-20T07:27:28.209Z</time>
      </trkpt>
      <trkpt lat="-38.38595286011696" lon="144.92894299328327">
        <ele>82.8</ele>
        <time>2024-01-20T07:27:46.671Z</time>
      </trkpt>
      <trkpt lat="-38.38596937246621" lon="144.9289689771831">
        <ele>82.8</ele>
        <time>2024-01-20T07:28:05.134Z</time>
      </trkpt>
      <trkpt lat="-38.385987812653184" lon="144.92910593748093">
        <ele>83.6</ele>
        <time>2024-01-20T07:28:23.603Z</time>
      </trkpt>
      <trkpt lat="-38.38597389869392" lon="144.92938295938075">
        <ele>84.6</ele>
        <time>2024-01-20T07:28:42.084Z</time>
      </trkpt>
      <trkpt lat="-38.385988399386406" lon="144.92951254360378">
        <ele>84.6</ele>
        <time>2024-01-20T07:29:00.571Z</time>
      </trkpt>
      <trkpt lat="-38.3859852142632" lon="144.92975268512964">
        <ele>84.6</ele>
        <time>2024-01-20T07:29:19.069Z</time>
      </trkpt>
      <trkpt lat="-38.38600675575435" lon="144.92990439757705">
        <ele>84.6</ele>
        <time>2024-01-20T07:29:37.573Z</time>
      </trkpt>
      <trkpt lat="-38.386077247560024" lon="144.9300948344171">
        <ele>84.6</ele>
        <time>2024-01-20T07:29:56.087Z</time>
      </trkpt>
      <trkpt lat="-38.38625435717404" lon="144.9303120933473">
        <ele>84.6</ele>
        <time>2024-01-20T07:30:14.614Z</time>
      </trkpt>
      <trkpt lat="-38.38654604740441" lon="144.9305752851069">
        <ele>91.4</ele>
        <time>2024-01-20T07:30:33.161Z</time>
      </trkpt>
      <trkpt lat="-38.386811753734946" lon="144.9308792129159">
        <ele>91.4</ele>
        <time>2024-01-20T07:30:51.728Z</time>
      </trkpt>
      <trkpt lat="-38.387508960440755" lon="144.93156066164374">
        <ele>99.2</ele>
        <time>2024-01-20T07:31:10.344Z</time>
      </trkpt>
      <trkpt lat="-38.38756889104843" lon="144.93164339102805">
        <ele>99.2</ele>
        <time>2024-01-20T07:31:28.965Z</time>
      </trkpt>
      <trkpt lat="-38.387617003172636" lon="144.93176543153822">
        <ele>99.2</ele>
        <time>2024-01-20T07:31:47.592Z</time>
      </trkpt>
      <trkpt lat="-38.38762555271387" lon="144.93198746815324">
        <ele>99.2</ele>
        <time>2024-01-20T07:32:06.229Z</time>
      </trkpt>
      <trkpt lat="-38.387605771422386" lon="144.9323396757245">
        <ele>99.2</ele>
        <time>2024-01-20T07:32:24.881Z</time>
      </trkpt>
      <trkpt lat="-38.38767517358065" lon="144.9330241419375">
        <ele>99.2</ele>
        <time>2024-01-20T07:32:43.563Z</time>
      </trkpt>
      <trkpt lat="-38.38775781914592" lon="144.93595621548593">
        <ele>99.2</ele>
        <time>2024-01-20T07:33:02.374Z</time>
      </trkpt>
      <trkpt lat="-38.38780442252755" lon="144.9363359156996">
        <ele>99.2</ele>
        <time>2024-01-20T07:33:21.202Z</time>
      </trkpt>
      <trkpt lat="-38.387844655662775" lon="144.93687998503447">
        <ele>99.2</ele>
        <time>2024-01-20T07:33:40.054Z</time>
      </trkpt>
      <trkpt lat="-38.3878743276" lon="144.93691854178905">
        <ele>99.2</ele>
        <time>2024-01-20T07:33:58.908Z</time>
      </trkpt>
      <trkpt lat="-38.38803584687412" lon="144.93700361810625">
        <ele>99.2</ele>
        <time>2024-01-20T07:34:17.772Z</time>
      </trkpt>
      <trkpt lat="-38.38835502974689" lon="144.93696866557002">
        <ele>99.2</ele>
        <time>2024-01-20T07:34:36.654Z</time>
      </trkpt>
      <trkpt lat="-38.388519901782274" lon="144.9369788914919">
        <ele>99.2</ele>
        <time>2024-01-20T07:34:55.545Z</time>
      </trkpt>
      <trkpt lat="-38.388597685843706" lon="144.9369424302131">
        <ele>99.2</ele>
        <time>2024-01-20T07:35:14.440Z</time>
      </trkpt>
      <trkpt lat="-38.38869860395789" lon="144.9369249958545">
        <ele>99.2</ele>
        <time>2024-01-20T07:35:33.341Z</time>
      </trkpt>
      <trkpt lat="-38.38877705857158" lon="144.93696187622845">
        <ele>99.2</ele>
        <time>2024-01-20T07:35:52.247Z</time>
      </trkpt>
      <trkpt lat="-38.38889700360596" lon="144.93696891702712">
        <ele>99.2</ele>
        <time>2024-01-20T07:36:11.160Z</time>
      </trkpt>
      <trkpt lat="-38.38899079710245" lon="144.9370225612074">
        <ele>99.2</ele>
        <time>2024-01-20T07:36:30.078Z</time>
      </trkpt>
      <trkpt lat="-38.389038322493434" lon="144.93702683597803">
        <ele>99.2</ele>
        <time>2024-01-20T07:36:48.999Z</time>
      </trkpt>
      <trkpt lat="-38.38923462666571" lon="144.9369490519166">
        <ele>99.2</ele>
        <time>2024-01-20T07:37:07.931Z</time>
      </trkpt>
      <trkpt lat="-38.38931375183165" lon="144.93689892813563">
        <ele>99.2</ele>
        <time>2024-01-20T07:37:26.868Z</time>
      </trkpt>
      <trkpt lat="-38.38939815759659" lon="144.93687487207353">
        <ele>99.2</ele>
        <time>2024-01-20T07:37:45.810Z</time>
      </trkpt>
      <trkpt lat="-38.389460602775216" lon="144.93691041134298">
        <ele>99.2</ele>
        <time>2024-01-20T07:38:04.756Z</time>
      </trkpt>
      <trkpt lat="-38.38951701298356" lon="144.93698702193797">
        <ele>99.2</ele>
        <time>2024-01-20T07:38:23.706Z</time>
      </trkpt>
      <trkpt lat="-38.38961415924132" lon="144.93701501749456">
        <ele>99.2</ele>
        <time>2024-01-20T07:38:42.662Z</time>
      </trkpt>
      <trkpt lat="-38.38973896577954" lon="144.93699800223112">
        <ele>96.0</ele>
        <time>2024-01-20T07:39:01.625Z</time>
      </trkpt>
      <trkpt lat="-38.38988087140024" lon="144.9369522370398">
        <ele>96.0</ele>
        <time>2024-01-20T07:39:20.596Z</time>
      </trkpt>
      <trkpt lat="-38.39000936597586" lon="144.93696950376034">
        <ele>96.0</ele>
        <time>2024-01-20T07:39:39.574Z</time>
      </trkpt>
      <trkpt lat="-38.39003509841859" lon="144.93695265613496">
        <ele>96.0</ele>
        <time>2024-01-20T07:39:58.554Z</time>
      </trkpt>
      <trkpt lat="-38.390160743147135" lon="144.9369831662625">
        <ele>96.0</ele>
        <time>2024-01-20T07:40:17.541Z</time>
      </trkpt>
      <trkpt lat="-38.39018924161792" lon="144.93696765974164">
        <ele>96.0</ele>
        <time>2024-01-20T07:40:36.530Z</time>
      </trkpt>
      <trkpt lat="-38.3903593942523" lon="144.93696950376034">
        <ele>96.0</ele>
        <time>2024-01-20T07:40:55.528Z</time>
      </trkpt>
      <trkpt lat="-38.39048101566732" lon="144.9368988443166">
        <ele>96.0</ele>
        <time>2024-01-20T07:41:14.534Z</time>
      </trkpt>
      <trkpt lat="-38.39057723991573" lon="144.9369017779827">
        <ele>96.0</ele>
        <time>2024-01-20T07:41:33.545Z</time>
      </trkpt>
      <trkpt lat="-38.39068285189569" lon="144.93688249960542">
        <ele>96.0</ele>
        <time>2024-01-20T07:41:52.562Z</time>
      </trkpt>
      <trkpt lat="-38.39107856154442" lon="144.9368949048221">
        <ele>96.0</ele>
        <time>2024-01-20T07:42:11.601Z</time>
      </trkpt>
      <trkpt lat="-38.39117528870702" lon="144.93688149377704">
        <ele>96.0</ele>
        <time>2024-01-20T07:42:30.645Z</time>
      </trkpt>
      <trkpt lat="-38.39140101335943" lon="144.9368890374899">
        <ele>76.8</ele>
        <time>2024-01-20T07:42:49.702Z</time>
      </trkpt>
      <trkpt lat="-38.39154593646526" lon="144.93687151931226">
        <ele>76.8</ele>
        <time>2024-01-20T07:43:08.767Z</time>
      </trkpt>
      <trkpt lat="-38.39190401136875" lon="144.93694067001343">
        <ele>76.8</ele>
        <time>2024-01-20T07:43:27.852Z</time>
      </trkpt>
      <trkpt lat="-38.39198741130531" lon="144.93692985735834">
        <ele>76.8</ele>
        <time>2024-01-20T07:43:46.942Z</time>
      </trkpt>
      <trkpt lat="-38.39206770993769" lon="144.93689842522144">
        <ele>76.8</ele>
        <time>2024-01-20T07:44:06.037Z</time>
      </trkpt>
      <trkpt lat="-38.39211749844253" lon="144.93685249239206">
        <ele>76.8</ele>
        <time>2024-01-20T07:44:25.135Z</time>
      </trkpt>
      <trkpt lat="-38.39217122644186" lon="144.93674956262112">
        <ele>76.8</ele>
        <time>2024-01-20T07:44:44.238Z</time>
      </trkpt>
      <trkpt lat="-38.392206598073244" lon="144.93672282435">
        <ele>76.8</ele>
        <time>2024-01-20T07:45:03.344Z</time>
      </trkpt>
      <trkpt lat="-38.39227926917374" lon="144.93674310855567">
        <ele>82.8</ele>
        <time>2024-01-20T07:45:22.454Z</time>
      </trkpt>
      <trkpt lat="-38.392382534220815" lon="144.9367209803313">
        <ele>82.8</ele>
        <time>2024-01-20T07:45:41.570Z</time>
      </trkpt>
      <trkpt lat="-38.39257280342281" lon="144.93677655234933">
        <ele>82.8</ele>
        <time>2024-01-20T07:46:00.697Z</time>
      </trkpt>
      <trkpt lat="-38.39265201240778" lon="144.9367587827146">
        <ele>82.8</ele>
        <time>2024-01-20T07:46:19.828Z</time>
      </trkpt>
      <trkpt lat="-38.392706494778395" lon="144.9367265123874">
        <ele>82.8</ele>
        <time>2024-01-20T07:46:38.962Z</time>
      </trkpt>
      <trkpt lat="-38.39287614449859" lon="144.9367418512702">
        <ele>82.8</ele>
        <time>2024-01-20T07:46:58.106Z</time>
      </trkpt>
      <trkpt lat="-38.39296147227287" lon="144.93677445687354">
        <ele>82.8</ele>
        <time>2024-01-20T07:47:17.255Z</time>
      </trkpt>
      <trkpt lat="-38.39310681447387" lon="144.93672240525484">
        <ele>82.8</ele>
        <time>2024-01-20T07:47:36.412Z</time>
      </trkpt>
      <trkpt lat="-38.39320940896869" lon="144.93670497089624">
        <ele>82.8</ele>
        <time>2024-01-20T07:47:55.575Z</time>
      </trkpt>
      <trkpt lat="-38.39338945224881" lon="144.9367262609303">
        <ele>82.8</ele>
        <time>2024-01-20T07:48:14.748Z</time>
      </trkpt>
      <trkpt lat="-38.39350922964513" lon="144.9367027077824">
        <ele>82.8</ele>
        <time>2024-01-20T07:48:33.928Z</time>
      </trkpt>
      <trkpt lat="-38.393587935715914" lon="144.9367407616228">
        <ele>82.8</ele>
        <time>2024-01-20T07:48:53.113Z</time>
      </trkpt>
      <trkpt lat="-38.39364258572459" lon="144.93672802112997">
        <ele>82.8</ele>
        <time>2024-01-20T07:49:12.301Z</time>
      </trkpt>
      <trkpt lat="-38.393703270703554" lon="144.93673933669925">
        <ele>82.8</ele>
        <time>2024-01-20T07:49:31.492Z</time>
      </trkpt>
      <trkpt lat="-38.39389069005847" lon="144.9366834294051">
        <ele>82.8</ele>
        <time>2024-01-20T07:49:50.694Z</time>
      </trkpt>
      <trkpt lat="-38.39406528510153" lon="144.93666750378907">
        <ele>82.8</ele>
        <time>2024-01-20T07:50:09.906Z</time>
      </trkpt>
      <trkpt lat="-38.39410183019936" lon="144.93664202280343">
        <ele>82.8</ele>
        <time>2024-01-20T07:50:29.120Z</time>
      </trkpt>
      <trkpt lat="-38.39420375414193" lon="144.93661310523748">
        <ele>82.8</ele>
        <time>2024-01-20T07:50:48.340Z</time>
      </trkpt>
      <trkpt lat="-38.39425287209451" lon="144.93661645799875">
        <ele>82.8</ele>
        <time>2024-01-20T07:51:07.562Z</time>
      </trkpt>
      <trkpt lat="-38.394288662821054" lon="144.93663975968957">
        <ele>91.8</ele>
        <time>2024-01-20T07:51:26.787Z</time>
      </trkpt>
      <trkpt lat="-38.39436016045511" lon="144.93676230311394">
        <ele>91.8</ele>
        <time>2024-01-20T07:51:46.018Z</time>
      </trkpt>
      <trkpt lat="-38.39439016766846" lon="144.93677546270192">
        <ele>91.8</ele>
        <time>2024-01-20T07:52:05.251Z</time>
      </trkpt>
      <trkpt lat="-38.39445856399834" lon="144.9367389176041">
        <ele>91.8</ele>
        <time>2024-01-20T07:52:24.488Z</time>
      </trkpt>
      <trkpt lat="-38.39448538608849" lon="144.93667362257838">
        <ele>91.8</ele>
        <time>2024-01-20T07:52:43.728Z</time>
      </trkpt>
      <trkpt lat="-38.39452092535794" lon="144.9366379994899">
        <ele>91.8</ele>
        <time>2024-01-20T07:53:02.971Z</time>
      </trkpt>
      <trkpt lat="-38.39478386566043" lon="144.93667831644416">
        <ele>91.8</ele>
        <time>2024-01-20T07:53:22.229Z</time>
      </trkpt>
      <trkpt lat="-38.39483826421201" lon="144.93670966476202">
        <ele>104.2</ele>
        <time>2024-01-20T07:53:41.490Z</time>
      </trkpt>
      <trkpt lat="-38.39497799053788" lon="144.93672869168222">
        <ele>104.2</ele>
        <time>2024-01-20T07:54:00.759Z</time>
      </trkpt>
      <trkpt lat="-38.39502937160432" lon="144.9367093294859">
        <ele>104.2</ele>
        <time>2024-01-20T07:54:20.031Z</time>
      </trkpt>
      <trkpt lat="-38.39509332552552" lon="144.936656774953">
        <ele>104.2</ele>
        <time>2024-01-20T07:54:39.307Z</time>
      </trkpt>
      <trkpt lat="-38.39530630968511" lon="144.93667689152062">
        <ele>104.2</ele>
        <time>2024-01-20T07:54:58.595Z</time>
      </trkpt>
      <trkpt lat="-38.39536179788411" lon="144.9366675876081">
        <ele>104.2</ele>
        <time>2024-01-20T07:55:17.886Z</time>
      </trkpt>
      <trkpt lat="-38.39544788002968" lon="144.93661293759942">
        <ele>104.2</ele>
        <time>2024-01-20T07:55:37.182Z</time>
      </trkpt>
      <trkpt lat="-38.395609902217984" lon="144.93659952655435">
        <ele>104.2</ele>
        <time>2024-01-20T07:55:56.487Z</time>
      </trkpt>
      <trkpt lat="-38.395689530298114" lon="144.93661746382713">
        <ele>104.2</ele>
        <time>2024-01-20T07:56:15.797Z</time>
      </trkpt>
      <trkpt lat="-38.39571928605437" lon="144.93659349158406">
        <ele>104.2</ele>
        <time>2024-01-20T07:56:35.109Z</time>
      </trkpt>
      <trkpt lat="-38.39578667655587" lon="144.93659483268857">
        <ele>104.2</ele>
        <time>2024-01-20T07:56:54.425Z</time>
      </trkpt>
      <trkpt lat="-38.39584174565971" lon="144.93661721237004">
        <ele>104.2</ele>
        <time>2024-01-20T07:57:13.744Z</time>
      </trkpt>
      <trkpt lat="-38.39592782780528" lon="144.93661637417972">
        <ele>104.2</ele>
        <time>2024-01-20T07:57:33.068Z</time>
      </trkpt>
      <trkpt lat="-38.395974934101105" lon="144.93666557595134">
        <ele>104.2</ele>
        <time>2024-01-20T07:57:52.395Z</time>
      </trkpt>
      <trkpt lat="-38.396083898842335" lon="144.9367006123066">
        <ele>104.2</ele>
        <time>2024-01-20T07:58:11.728Z</time>
      </trkpt>
      <trkpt lat="-38.39615070261061" lon="144.93669181130826">
        <ele>104.2</ele>
        <time>2024-01-20T07:58:31.065Z</time>
      </trkpt>
      <trkpt lat="-38.39627659879625" lon="144.936640933156">
        <ele>104.2</ele>
        <time>2024-01-20T07:58:50.409Z</time>
      </trkpt>
      <trkpt lat="-38.396375672891736" lon="144.93664445355535">
        <ele>104.2</ele>
        <time>2024-01-20T07:59:09.759Z</time>
      </trkpt>
      <trkpt lat="-38.39650793932378" lon="144.93667563423514">
        <ele>104.2</ele>
        <time>2024-01-20T07:59:29.116Z</time>
      </trkpt>
      <trkpt lat="-38.396581280976534" lon="144.93664076551795">
        <ele>104.2</ele>
        <time>2024-01-20T07:59:48.478Z</time>
      </trkpt>
      <trkpt lat="-38.396618496626616" lon="144.93664269335568">
        <ele>104.2</ele>
        <time>2024-01-20T08:00:07.842Z</time>
      </trkpt>
      <trkpt lat="-38.39683089405298" lon="144.93668066337705">
        <ele>104.2</ele>
        <time>2024-01-20T08:00:27.218Z</time>
      </trkpt>
      <trkpt lat="-38.39702049270272" lon="144.936667336151">
        <ele>104.2</ele>
        <time>2024-01-20T08:00:46.604Z</time>
      </trkpt>
      <trkpt lat="-38.39715871028602" lon="144.93663171306252">
        <ele>104.2</ele>
        <time>2024-01-20T08:01:05.998Z</time>
      </trkpt>
      <trkpt lat="-38.3973478898406" lon="144.93663783185184">
        <ele>107.8</ele>
        <time>2024-01-20T08:01:25.403Z</time>
      </trkpt>
      <trkpt lat="-38.39741704054177" lon="144.9366744607687">
        <ele>107.8</ele>
        <time>2024-01-20T08:01:44.812Z</time>
      </trkpt>
      <trkpt lat="-38.397527765482664" lon="144.93668250739574">
        <ele>107.8</ele>
        <time>2024-01-20T08:02:04.227Z</time>
      </trkpt>
      <trkpt lat="-38.39760278351605" lon="144.9366446211934">
        <ele>107.8</ele>
        <time>2024-01-20T08:02:23.647Z</time>
      </trkpt>
      <trkpt lat="-38.39763932861388" lon="144.9366446211934">
        <ele>107.8</ele>
        <time>2024-01-20T08:02:43.069Z</time>
      </trkpt>
      <trkpt lat="-38.39762189425528" lon="144.9366551823914">
        <ele>107.8</ele>
        <time>2024-01-20T08:03:02.492Z</time>
      </trkpt>
      <trkpt lat="-38.397628935053945" lon="144.93662098422647">
        <ele>107.8</ele>
        <time>2024-01-20T08:03:21.916Z</time>
      </trkpt>
      <trkpt lat="-38.39765600860119" lon="144.93669633753598">
        <ele>107.8</ele>
        <time>2024-01-20T08:03:41.344Z</time>
      </trkpt>
      <trkpt lat="-38.3976121712476" lon="144.9367569386959">
        <ele>107.8</ele>
        <time>2024-01-20T08:04:00.776Z</time>
      </trkpt>
      <trkpt lat="-38.39763111434877" lon="144.93671930395067">
        <ele>107.8</ele>
        <time>2024-01-20T08:04:20.209Z</time>
      </trkpt>
      <trkpt lat="-38.39763178490102" lon="144.93666725233197">
        <ele>107.8</ele>
        <time>2024-01-20T08:04:39.645Z</time>
      </trkpt>
      <trkpt lat="-38.39764938689768" lon="144.93665241636336">
        <ele>107.8</ele>
        <time>2024-01-20T08:04:59.082Z</time>
      </trkpt>
      <trkpt lat="-38.39761359617114" lon="144.93664185516536">
        <ele>107.8</ele>
        <time>2024-01-20T08:05:18.521Z</time>
      </trkpt>
      <trkpt lat="-38.39769372716546" lon="144.93669449351728">
        <ele>107.8</ele>
        <time>2024-01-20T08:05:37.965Z</time>
      </trkpt>
      <trkpt lat="-38.39767570607364" lon="144.9366829264909">
        <ele>107.8</ele>
        <time>2024-01-20T08:05:57.410Z</time>
      </trkpt>
      <trkpt lat="-38.397677382454276" lon="144.9366271868348">
        <ele>107.8</ele>
        <time>2024-01-20T08:06:16.858Z</time>
      </trkpt>
      <trkpt lat="-38.397923642769456" lon="144.9367738701403">
        <ele>107.8</ele>
        <time>2024-01-20T08:06:36.321Z</time>
      </trkpt>
      <trkpt lat="-38.39805657975376" lon="144.93682416155934">
        <ele>107.8</ele>
        <time>2024-01-20T08:06:55.791Z</time>
      </trkpt>
      <trkpt lat="-38.398396633565426" lon="144.93679432198405">
        <ele>107.8</ele>
        <time>2024-01-20T08:07:15.280Z</time>
      </trkpt>
      <trkpt lat="-38.399017145857215" lon="144.93679038248956">
        <ele>107.8</ele>
        <time>2024-01-20T08:07:34.804Z</time>
      </trkpt>
      <trkpt lat="-38.39925921522081" lon="144.9367225728929">
        <ele>107.8</ele>
        <time>2024-01-20T08:07:54.342Z</time>
      </trkpt>
      <trkpt lat="-38.399474043399096" lon="144.93670212104917">
        <ele>107.8</ele>
        <time>2024-01-20T08:08:13.892Z</time>
      </trkpt>
      <trkpt lat="-38.400075025856495" lon="144.93670128285885">
        <ele>107.8</ele>
        <time>2024-01-20T08:08:33.475Z</time>
      </trkpt>
      <trkpt lat="-38.40029329061508" lon="144.93667823262513">
        <ele>107.8</ele>
        <time>2024-01-20T08:08:53.070Z</time>
      </trkpt>
      <trkpt lat="-38.4010365139693" lon="144.9366535898298">
        <ele>107.8</ele>
        <time>2024-01-20T08:09:12.707Z</time>
      </trkpt>
      <trkpt lat="-38.40142191387713" lon="144.93667094036937">
        <ele>107.8</ele>
        <time>2024-01-20T08:09:32.365Z</time>
      </trkpt>
      <trkpt lat="-38.40178317390382" lon="144.93665928952396">
        <ele>107.8</ele>
        <time>2024-01-20T08:09:52.043Z</time>
      </trkpt>
      <trkpt lat="-38.40236160904169" lon="144.93666876107454">
        <ele>107.8</ele>
        <time>2024-01-20T08:10:11.754Z</time>
      </trkpt>
      <trkpt lat="-38.402809873223305" lon="144.93662961758673">
        <ele>107.8</ele>
        <time>2024-01-20T08:10:31.490Z</time>
      </trkpt>
      <trkpt lat="-38.40317406691611" lon="144.93662651628256">
        <ele>107.8</ele>
        <time>2024-01-20T08:10:51.246Z</time>
      </trkpt>
      <trkpt lat="-38.40332770720124" lon="144.93660195730627">
        <ele>107.8</ele>
        <time>2024-01-20T08:11:11.010Z</time>
      </trkpt>
      <trkpt lat="-38.40377479791641" lon="144.93657806888223">
        <ele>107.8</ele>
        <time>2024-01-20T08:11:30.799Z</time>
      </trkpt>
      <trkpt lat="-38.40404679067433" lon="144.9365772306919">
        <ele>107.8</ele>
        <time>2024-01-20T08:11:50.604Z</time>
      </trkpt>
      <trkpt lat="-38.40415324084461" lon="144.9365914799273">
        <ele>107.8</ele>
        <time>2024-01-20T08:12:10.414Z</time>
      </trkpt>
      <trkpt lat="-38.40446479618549" lon="144.93655510246754">
        <ele>107.8</ele>
        <time>2024-01-20T08:12:30.242Z</time>
      </trkpt>
      <trkpt lat="-38.40484810061753" lon="144.93655543774366">
        <ele>107.8</ele>
        <time>2024-01-20T08:12:50.091Z</time>
      </trkpt>
      <trkpt lat="-38.4050293173641" lon="144.93653607554734">
        <ele>107.8</ele>
        <time>2024-01-20T08:13:09.950Z</time>
      </trkpt>
      <trkpt lat="-38.40512881055474" lon="144.93656197562814">
        <ele>107.8</ele>
        <time>2024-01-20T08:13:29.815Z</time>
      </trkpt>
      <trkpt lat="-38.40533349663019" lon="144.93654328398407">
        <ele>107.8</ele>
        <time>2024-01-20T08:13:49.691Z</time>
      </trkpt>
      <trkpt lat="-38.40623622760177" lon="144.93653113022447">
        <ele>107.8</ele>
        <time>2024-01-20T08:14:09.618Z</time>
      </trkpt>
      <trkpt lat="-38.40651542879641" lon="144.93647849187255">
        <ele>107.8</ele>
        <time>2024-01-20T08:14:29.560Z</time>
      </trkpt>
      <trkpt lat="-38.40678742155433" lon="144.93644764646888">
        <ele>107.8</ele>
        <time>2024-01-20T08:14:49.518Z</time>
      </trkpt>
      <trkpt lat="-38.41045316308737" lon="144.9362671840936">
        <ele>168.0</ele>
        <time>2024-01-20T08:15:09.680Z</time>
      </trkpt>
      <trkpt lat="-38.41063119471073" lon="144.93621605448425">
        <ele>168.0</ele>
        <time>2024-01-20T08:15:29.852Z</time>
      </trkpt>
      <trkpt lat="-38.41078357771039" lon="144.93620649911463">
        <ele>168.0</ele>
        <time>2024-01-20T08:15:50.032Z</time>
      </trkpt>
      <trkpt lat="-38.41111005283892" lon="144.9362474028021">
        <ele>168.0</ele>
        <time>2024-01-20T08:16:10.231Z</time>
      </trkpt>
      <trkpt lat="-38.41172209940851" lon="144.93626961484551">
        <ele>168.0</ele>
        <time>2024-01-20T08:16:30.464Z</time>
      </trkpt>
      <trkpt lat="-38.41182787902653" lon="144.93629056960344">
        <ele>168.0</ele>
        <time>2024-01-20T08:16:50.703Z</time>
      </trkpt>
      <trkpt lat="-38.412085957825184" lon="144.93630046024919">
        <ele>168.0</ele>
        <time>2024-01-20T08:17:10.956Z</time>
      </trkpt>
      <trkpt lat="-38.41223482042551" lon="144.93628327734768">
        <ele>168.0</ele>
        <time>2024-01-20T08:17:31.217Z</time>
      </trkpt>
      <trkpt lat="-38.412556601688266" lon="144.9362914916128">
        <ele>173.4</ele>
        <time>2024-01-20T08:17:51.496Z</time>
      </trkpt>
      <trkpt lat="-38.41329077258706" lon="144.93619669228792">
        <ele>173.4</ele>
        <time>2024-01-20T08:18:11.816Z</time>
      </trkpt>
      <trkpt lat="-38.41348338872194" lon="144.93624715134501">
        <ele>173.4</ele>
        <time>2024-01-20T08:18:32.147Z</time>
      </trkpt>
      <trkpt lat="-38.41371229849756" lon="144.9362756498158">
        <ele>173.4</ele>
        <time>2024-01-20T08:18:52.491Z</time>
      </trkpt>
      <trkpt lat="-38.413746915757656" lon="144.9363147933036">
        <ele>176.6</ele>
        <time>2024-01-20T08:19:12.838Z</time>
      </trkpt>
      <trkpt lat="-38.41377206146717" lon="144.9364149570465">
        <ele>176.6</ele>
        <time>2024-01-20T08:19:33.189Z</time>
      </trkpt>
      <trkpt lat="-38.41377155855298" lon="144.93664931505919">
        <ele>176.6</ele>
        <time>2024-01-20T08:19:53.551Z</time>
      </trkpt>
      <trkpt lat="-38.41379025019705" lon="144.93669281713665">
        <ele>176.6</ele>
        <time>2024-01-20T08:20:13.915Z</time>
      </trkpt>
      <trkpt lat="-38.41389452107251" lon="144.93670153431594">
        <ele>176.6</ele>
        <time>2024-01-20T08:20:34.285Z</time>
      </trkpt>
      <trkpt lat="-38.41395570896566" lon="144.93673170916736">
        <ele>176.6</ele>
        <time>2024-01-20T08:20:54.658Z</time>
      </trkpt>
      <trkpt lat="-38.413950596004725" lon="144.9368449486792">
        <ele>176.6</ele>
        <time>2024-01-20T08:21:15.036Z</time>
      </trkpt>
      <trkpt lat="-38.41396149247885" lon="144.93685727007687">
        <ele>176.6</ele>
        <time>2024-01-20T08:21:35.415Z</time>
      </trkpt>
      <trkpt lat="-38.413993092253804" lon="144.93685559369624">
        <ele>176.6</ele>
        <time>2024-01-20T08:21:55.796Z</time>
      </trkpt>
      <trkpt lat="-38.41403542086482" lon="144.93690563365817">
        <ele>176.6</ele>
        <time>2024-01-20T08:22:16.180Z</time>
      </trkpt>
      <trkpt lat="-38.41415838338435" lon="144.93699012324214">
        <ele>176.6</ele>
        <time>2024-01-20T08:22:36.572Z</time>
      </trkpt>
      <trkpt lat="-38.41421227902174" lon="144.9370618723333">
        <ele>176.6</ele>
        <time>2024-01-20T08:22:56.968Z</time>
      </trkpt>
      <trkpt lat="-38.41438218019903" lon="144.93719254620373">
        <ele>176.6</ele>
        <time>2024-01-20T08:23:17.375Z</time>
      </trkpt>
      <trkpt lat="-38.41449768282473" lon="144.93725230917335">
        <ele>176.6</ele>
        <time>2024-01-20T08:23:37.789Z</time>
      </trkpt>
      <trkpt lat="-38.41481099836528" lon="144.9375360365957">
        <ele>176.6</ele>
        <time>2024-01-20T08:23:58.225Z</time>
      </trkpt>
      <trkpt lat="-38.414824744686484" lon="144.93770183064044">
        <ele>176.6</ele>
        <time>2024-01-20T08:24:18.668Z</time>
      </trkpt>
      <trkpt lat="-38.41488400474191" lon="144.93788363412023">
        <ele>176.6</ele>
        <time>2024-01-20T08:24:39.120Z</time>
      </trkpt>
      <trkpt lat="-38.414973858743906" lon="144.9380714725703">
        <ele>176.6</ele>
        <time>2024-01-20T08:24:59.581Z</time>
      </trkpt>
      <trkpt lat="-38.415056336671114" lon="144.93841831572354">
        <ele>176.6</ele>
        <time>2024-01-20T08:25:20.058Z</time>
      </trkpt>
      <trkpt lat="-38.41505943797529" lon="144.93860037066042">
        <ele>176.6</ele>
        <time>2024-01-20T08:25:40.543Z</time>
      </trkpt>
      <trkpt lat="-38.4150259103626" lon="144.9387166276574">
        <ele>176.6</ele>
        <time>2024-01-20T08:26:01.033Z</time>
      </trkpt>
      <trkpt lat="-38.41493689455092" lon="144.93883506394923">
        <ele>176.6</ele>
        <time>2024-01-20T08:26:21.531Z</time>
      </trkpt>
      <trkpt lat="-38.41465107165277" lon="144.93911585770547">
        <ele>176.6</ele>
        <time>2024-01-20T08:26:42.049Z</time>
      </trkpt>
      <trkpt lat="-38.41462089680135" lon="144.93912801146507">
        <ele>176.6</ele>
        <time>2024-01-20T08:27:02.568Z</time>
      </trkpt>
      <trkpt lat="-38.41453129425645" lon="144.9393373914063">
        <ele>176.6</ele>
        <time>2024-01-20T08:27:23.098Z</time>
      </trkpt>
      <trkpt lat="-38.41445904225111" lon="144.9396637827158">
        <ele>176.6</ele>
        <time>2024-01-20T08:27:43.643Z</time>
      </trkpt>
      <trkpt lat="-38.4144820086658" lon="144.93989587761462">
        <ele>176.6</ele>
        <time>2024-01-20T08:28:04.198Z</time>
      </trkpt>
      <trkpt lat="-38.414510088041425" lon="144.93998363614082">
        <ele>176.6</ele>
        <time>2024-01-20T08:28:24.757Z</time>
      </trkpt>
      <trkpt lat="-38.41471368446946" lon="144.94028287008405">
        <ele>176.6</ele>
        <time>2024-01-20T08:28:45.334Z</time>
      </trkpt>
      <trkpt lat="-38.414873108267784" lon="144.9406106863171">
        <ele>176.6</ele>
        <time>2024-01-20T08:29:05.927Z</time>
      </trkpt>
      <trkpt lat="-38.41501543298364" lon="144.94097295217216">
        <ele>176.6</ele>
        <time>2024-01-20T08:29:26.538Z</time>
      </trkpt>
      <trkpt lat="-38.415035381913185" lon="144.9410766363144">
        <ele>176.6</ele>
        <time>2024-01-20T08:29:47.154Z</time>
      </trkpt>
      <trkpt lat="-38.415031442418694" lon="144.94123941287398">
        <ele>176.6</ele>
        <time>2024-01-20T08:30:07.777Z</time>
      </trkpt>
      <trkpt lat="-38.415007973089814" lon="144.94137804955244">
        <ele>176.6</ele>
        <time>2024-01-20T08:30:28.406Z</time>
      </trkpt>
      <trkpt lat="-38.41491510160267" lon="144.94161299429834">
        <ele>176.6</ele>
        <time>2024-01-20T08:30:49.047Z</time>
      </trkpt>
      <trkpt lat="-38.41484108939767" lon="144.94175146333873">
        <ele>176.6</ele>
        <time>2024-01-20T08:31:09.695Z</time>
      </trkpt>
      <trkpt lat="-38.41465492732823" lon="144.9420082848519">
        <ele>176.6</ele>
        <time>2024-01-20T08:31:30.358Z</time>
      </trkpt>
      <trkpt lat="-38.41454990208149" lon="144.9421958718449">
        <ele>176.6</ele>
        <time>2024-01-20T08:31:51.031Z</time>
      </trkpt>
      <trkpt lat="-38.41450438834727" lon="144.94224884547293">
        <ele>176.6</ele>
        <time>2024-01-20T08:32:11.708Z</time>
      </trkpt>
      <trkpt lat="-38.41443590819836" lon="144.9422852229327">
        <ele>176.6</ele>
        <time>2024-01-20T08:32:32.389Z</time>
      </trkpt>
      <trkpt lat="-38.41434211470187" lon="144.94237566366792">
        <ele>176.6</ele>
        <time>2024-01-20T08:32:53.076Z</time>
      </trkpt>
      <trkpt lat="-38.41418772004545" lon="144.94263256900012">
        <ele>176.6</ele>
        <time>2024-01-20T08:33:13.778Z</time>
      </trkpt>
      <trkpt lat="-38.414012705907226" lon="144.94304395280778">
        <ele>162.4</ele>
        <time>2024-01-20T08:33:34.500Z</time>
      </trkpt>
      <trkpt lat="-38.41393928043544" lon="144.94338165968657">
        <ele>162.4</ele>
        <time>2024-01-20T08:33:55.237Z</time>
      </trkpt>
      <trkpt lat="-38.413953529670835" lon="144.94350529275835">
        <ele>162.4</ele>
        <time>2024-01-20T08:34:15.980Z</time>
      </trkpt>
      <trkpt lat="-38.41404765844345" lon="144.9437443446368">
        <ele>162.4</ele>
        <time>2024-01-20T08:34:36.735Z</time>
      </trkpt>
      <trkpt lat="-38.41419484466314" lon="144.94397593662143">
        <ele>162.4</ele>
        <time>2024-01-20T08:34:57.503Z</time>
      </trkpt>
      <trkpt lat="-38.414454935118556" lon="144.94431037455797">
        <ele>162.4</ele>
        <time>2024-01-20T08:35:18.291Z</time>
      </trkpt>
      <trkpt lat="-38.41450220905244" lon="144.9443963728845">
        <ele>162.4</ele>
        <time>2024-01-20T08:35:39.084Z</time>
      </trkpt>
      <trkpt lat="-38.414549231529236" lon="144.94453308172524">
        <ele>166.2</ele>
        <time>2024-01-20T08:35:59.883Z</time>
      </trkpt>
      <trkpt lat="-38.41457102447748" lon="144.94476970285177">
        <ele>166.2</ele>
        <time>2024-01-20T08:36:20.693Z</time>
      </trkpt>
      <trkpt lat="-38.4145684260875" lon="144.94506742805243">
        <ele>166.2</ele>
        <time>2024-01-20T08:36:41.516Z</time>
      </trkpt>
      <trkpt lat="-38.41453523375094" lon="144.94526943191886">
        <ele>166.2</ele>
        <time>2024-01-20T08:37:02.348Z</time>
      </trkpt>
      <trkpt lat="-38.41451469808817" lon="144.9455425143242">
        <ele>166.2</ele>
        <time>2024-01-20T08:37:23.192Z</time>
      </trkpt>
      <trkpt lat="-38.414554512128234" lon="144.94570470415056">
        <ele>166.2</ele>
        <time>2024-01-20T08:37:44.043Z</time>
      </trkpt>
      <trkpt lat="-38.414634643122554" lon="144.9458126630634">
        <ele>166.2</ele>
        <time>2024-01-20T08:38:04.901Z</time>
      </trkpt>
      <trkpt lat="-38.41462257318199" lon="144.94582146406174">
        <ele>166.2</ele>
        <time>2024-01-20T08:38:25.760Z</time>
      </trkpt>
      <trkpt lat="-38.41463497839868" lon="144.94587829336524">
        <ele>166.2</ele>
        <time>2024-01-20T08:38:46.621Z</time>
      </trkpt>
      <trkpt lat="-38.414696333929896" lon="144.94593453593552">
        <ele>166.2</ele>
        <time>2024-01-20T08:39:07.486Z</time>
      </trkpt>
      <trkpt lat="-38.4147410094738" lon="144.94594593532383">
        <ele>165.6</ele>
        <time>2024-01-20T08:39:28.354Z</time>
      </trkpt>
      <trkpt lat="-38.415054408833385" lon="144.9458445981145">
        <ele>165.6</ele>
        <time>2024-01-20T08:39:49.240Z</time>
      </trkpt>
      <trkpt lat="-38.41536344960332" lon="144.94570763781667">
        <ele>165.6</ele>
        <time>2024-01-20T08:40:10.144Z</time>
      </trkpt>
      <trkpt lat="-38.415621696040034" lon="144.94554092176259">
        <ele>165.6</ele>
        <time>2024-01-20T08:40:31.064Z</time>
      </trkpt>
      <trkpt lat="-38.41575186699629" lon="144.94549540802836">
        <ele>165.6</ele>
        <time>2024-01-20T08:40:51.992Z</time>
      </trkpt>
      <trkpt lat="-38.4159099496901" lon="144.94539499282837">
        <ele>164.8</ele>
        <time>2024-01-20T08:41:12.930Z</time>
      </trkpt>
      <trkpt lat="-38.415963761508465" lon="144.94538350962102">
        <ele>164.8</ele>
        <time>2024-01-20T08:41:33.871Z</time>
      </trkpt>
      <trkpt lat="-38.41599871404469" lon="144.94535023346543">
        <ele>164.8</ele>
        <time>2024-01-20T08:41:54.814Z</time>
      </trkpt>
      <trkpt lat="-38.41603978537023" lon="144.94533196091652">
        <ele>164.8</ele>
        <time>2024-01-20T08:42:15.760Z</time>
      </trkpt>
      <trkpt lat="-38.416074737906456" lon="144.94536397978663">
        <ele>164.8</ele>
        <time>2024-01-20T08:42:36.708Z</time>
      </trkpt>
      <trkpt lat="-38.416097201406956" lon="144.94536037556827">
        <ele>164.8</ele>
        <time>2024-01-20T08:42:57.657Z</time>
      </trkpt>
      <trkpt lat="-38.4160843770951" lon="144.945375546813">
        <ele>164.8</ele>
        <time>2024-01-20T08:43:18.607Z</time>
      </trkpt>
      <trkpt lat="-38.41609041206539" lon="144.94531804695725">
        <ele>164.8</ele>
        <time>2024-01-20T08:43:39.560Z</time>
      </trkpt>
      <trkpt lat="-38.416105918586254" lon="144.945301534608">
        <ele>162.4</ele>
        <time>2024-01-20T08:44:00.514Z</time>
      </trkpt>
      <trkpt lat="-38.41640657745302" lon="144.94518904946744">
        <ele>162.4</ele>
        <time>2024-01-20T08:44:21.485Z</time>
      </trkpt>
      <trkpt lat="-38.4165629837662" lon="144.94514697231352">
        <ele>162.4</ele>
        <time>2024-01-20T08:44:42.465Z</time>
      </trkpt>
      <trkpt lat="-38.41677655465901" lon="144.94500665925443">
        <ele>162.4</ele>
        <time>2024-01-20T08:45:03.459Z</time>
      </trkpt>
      <trkpt lat="-38.4169049654156" lon="144.9449479021132">
        <ele>159.2</ele>
        <time>2024-01-20T08:45:24.460Z</time>
      </trkpt>
      <trkpt lat="-38.41692323796451" lon="144.94495695456862">
        <ele>159.2</ele>
        <time>2024-01-20T08:45:45.462Z</time>
      </trkpt>
      <trkpt lat="-38.41707235202193" lon="144.94493138976395">
        <ele>159.2</ele>
        <time>2024-01-20T08:46:06.473Z</time>
      </trkpt>
      <trkpt lat="-38.41716002672911" lon="144.94497816078365">
        <ele>159.2</ele>
        <time>2024-01-20T08:46:27.489Z</time>
      </trkpt>
      <trkpt lat="-38.417351972311735" lon="144.9450166337192">
        <ele>159.2</ele>
        <time>2024-01-20T08:46:48.516Z</time>
      </trkpt>
      <trkpt lat="-38.41745590791106" lon="144.94500582106411">
        <ele>159.2</ele>
        <time>2024-01-20T08:47:09.549Z</time>
      </trkpt>
      <trkpt lat="-38.417605524882674" lon="144.94502602145076">
        <ele>159.2</ele>
        <time>2024-01-20T08:47:30.590Z</time>
      </trkpt>
      <trkpt lat="-38.417774168774486" lon="144.94512568227947">
        <ele>159.2</ele>
        <time>2024-01-20T08:47:51.641Z</time>
      </trkpt>
      <trkpt lat="-38.41786871664226" lon="144.94515543803573">
        <ele>152.8</ele>
        <time>2024-01-20T08:48:12.698Z</time>
      </trkpt>
      <trkpt lat="-38.41816811822355" lon="144.94530136696994">
        <ele>152.8</ele>
        <time>2024-01-20T08:48:33.773Z</time>
      </trkpt>
      <trkpt lat="-38.418218828737736" lon="144.94536431506276">
        <ele>152.8</ele>
        <time>2024-01-20T08:48:54.852Z</time>
      </trkpt>
      <trkpt lat="-38.4182118717581" lon="144.94537244550884">
        <ele>152.8</ele>
        <time>2024-01-20T08:49:15.931Z</time>
      </trkpt>
      <trkpt lat="-38.4182205889374" lon="144.9453662429005">
        <ele>152.8</ele>
        <time>2024-01-20T08:49:37.011Z</time>
      </trkpt>
      <trkpt lat="-38.41821614652872" lon="144.9453850183636">
        <ele>152.8</ele>
        <time>2024-01-20T08:49:58.092Z</time>
      </trkpt>
      <trkpt lat="-38.41821505688131" lon="144.9453705176711">
        <ele>152.8</ele>
        <time>2024-01-20T08:50:19.173Z</time>
      </trkpt>
      <trkpt lat="-38.41842929832637" lon="144.9455327913165">
        <ele>152.8</ele>
        <time>2024-01-20T08:50:40.268Z</time>
      </trkpt>
      <trkpt lat="-38.4187541808933" lon="144.9458261579275">
        <ele>152.8</ele>
        <time>2024-01-20T08:51:01.385Z</time>
      </trkpt>
      <trkpt lat="-38.41892651282251" lon="144.94595255702734">
        <ele>152.8</ele>
        <time>2024-01-20T08:51:22.513Z</time>
      </trkpt>
      <trkpt lat="-38.41927151195705" lon="144.94614098221064">
        <ele>152.8</ele>
        <time>2024-01-20T08:51:43.662Z</time>
      </trkpt>
      <trkpt lat="-38.41950327157974" lon="144.9462994839996">
        <ele>140.0</ele>
        <time>2024-01-20T08:52:04.826Z</time>
      </trkpt>
      <trkpt lat="-38.41955750249326" lon="144.94646033272147">
        <ele>140.0</ele>
        <time>2024-01-20T08:52:25.998Z</time>
      </trkpt>
      <trkpt lat="-38.41967409476638" lon="144.9466972053051">
        <ele>140.0</ele>
        <time>2024-01-20T08:52:47.182Z</time>
      </trkpt>
      <trkpt lat="-38.41976763680577" lon="144.94684749282897">
        <ele>140.0</ele>
        <time>2024-01-20T08:53:08.374Z</time>
      </trkpt>
      <trkpt lat="-38.41992731206119" lon="144.9469844531268">
        <ele>140.0</ele>
        <time>2024-01-20T08:53:29.577Z</time>
      </trkpt>
      <trkpt lat="-38.41994893737137" lon="144.94703189469874">
        <ele>140.0</ele>
        <time>2024-01-20T08:53:50.782Z</time>
      </trkpt>
      <trkpt lat="-38.419954385608435" lon="144.9471005424857">
        <ele>140.0</ele>
        <time>2024-01-20T08:54:11.990Z</time>
      </trkpt>
      <trkpt lat="-38.419935358688235" lon="144.94713968597353">
        <ele>140.0</ele>
        <time>2024-01-20T08:54:33.200Z</time>
      </trkpt>
      <trkpt lat="-38.419821448624134" lon="144.9472633190453">
        <ele>140.0</ele>
        <time>2024-01-20T08:54:54.419Z</time>
      </trkpt>
      <trkpt lat="-38.41979127377272" lon="144.94741586968303">
        <ele>140.0</ele>
        <time>2024-01-20T08:55:15.645Z</time>
      </trkpt>
      <trkpt lat="-38.419807869940996" lon="144.947524163872">
        <ele>139.2</ele>
        <time>2024-01-20T08:55:36.875Z</time>
      </trkpt>
      <trkpt lat="-38.41980594210327" lon="144.94768585078418">
        <ele>139.2</ele>
        <time>2024-01-20T08:55:58.112Z</time>
      </trkpt>
      <trkpt lat="-38.41981893405318" lon="144.9477146845311">
        <ele>139.2</ele>
        <time>2024-01-20T08:56:19.351Z</time>
      </trkpt>
      <trkpt lat="-38.419813234359026" lon="144.9478193745017">
        <ele>139.2</ele>
        <time>2024-01-20T08:56:40.594Z</time>
      </trkpt>
      <trkpt lat="-38.41983628459275" lon="144.94787134230137">
        <ele>139.2</ele>
        <time>2024-01-20T08:57:01.840Z</time>
      </trkpt>
      <trkpt lat="-38.41998296789825" lon="144.94800427928567">
        <ele>139.2</ele>
        <time>2024-01-20T08:57:23.096Z</time>
      </trkpt>
      <trkpt lat="-38.420129818841815" lon="144.94806211441755">
        <ele>139.2</ele>
        <time>2024-01-20T08:57:44.361Z</time>
      </trkpt>
      <trkpt lat="-38.42029603198171" lon="144.94808650575578">
        <ele>139.2</ele>
        <time>2024-01-20T08:58:05.635Z</time>
      </trkpt>
      <trkpt lat="-38.420377587899566" lon="144.94805331341922">
        <ele>139.2</ele>
        <time>2024-01-20T08:58:26.914Z</time>
      </trkpt>
      <trkpt lat="-38.42048143967986" lon="144.9480410758406">
        <ele>139.2</ele>
        <time>2024-01-20T08:58:48.199Z</time>
      </trkpt>
      <trkpt lat="-38.42060591094196" lon="144.94794828817248">
        <ele>139.2</ele>
        <time>2024-01-20T08:59:09.492Z</time>
      </trkpt>
      <trkpt lat="-38.42071143910289" lon="144.94783253408968">
        <ele>139.2</ele>
        <time>2024-01-20T08:59:30.792Z</time>
      </trkpt>
      <trkpt lat="-38.42071353457868" lon="144.94778727181256">
        <ele>139.2</ele>
        <time>2024-01-20T08:59:52.094Z</time>
      </trkpt>
      <trkpt lat="-38.420764999464154" lon="144.94769691489637">
        <ele>139.2</ele>
        <time>2024-01-20T09:00:13.401Z</time>
      </trkpt>
      <trkpt lat="-38.42078486457467" lon="144.94769347831607">
        <ele>139.2</ele>
        <time>2024-01-20T09:00:34.709Z</time>
      </trkpt>
      <trkpt lat="-38.4208610560745" lon="144.94772960431874">
        <ele>139.2</ele>
        <time>2024-01-20T09:00:56.022Z</time>
      </trkpt>
      <trkpt lat="-38.420959543436766" lon="144.94774938561022">
        <ele>139.2</ele>
        <time>2024-01-20T09:01:17.340Z</time>
      </trkpt>
      <trkpt lat="-38.42109792865813" lon="144.94767629541457">
        <ele>132.8</ele>
        <time>2024-01-20T09:01:38.667Z</time>
      </trkpt>
      <trkpt lat="-38.4213946480304" lon="144.94782063178718">
        <ele>135.0</ele>
        <time>2024-01-20T09:02:00.011Z</time>
      </trkpt>
      <trkpt lat="-38.42147461138666" lon="144.94778467342257">
        <ele>135.0</ele>
        <time>2024-01-20T09:02:21.360Z</time>
      </trkpt>
      <trkpt lat="-38.42156413011253" lon="144.94779573753476">
        <ele>136.6</ele>
        <time>2024-01-20T09:02:42.714Z</time>
      </trkpt>
      <trkpt lat="-38.421756997704506" lon="144.94790981523693">
        <ele>136.6</ele>
        <time>2024-01-20T09:03:04.080Z</time>
      </trkpt>
      <trkpt lat="-38.42191273346543" lon="144.94802489876747">
        <ele>136.6</ele>
        <time>2024-01-20T09:03:25.456Z</time>
      </trkpt>
      <trkpt lat="-38.421983644366264" lon="144.94810092262924">
        <ele>136.6</ele>
        <time>2024-01-20T09:03:46.837Z</time>
      </trkpt>
      <trkpt lat="-38.42205732129514" lon="144.94814291596413">
        <ele>137.6</ele>
        <time>2024-01-20T09:04:08.223Z</time>
      </trkpt>
      <trkpt lat="-38.422126891091466" lon="144.94821416214108">
        <ele>137.6</ele>
        <time>2024-01-20T09:04:29.614Z</time>
      </trkpt>
      <trkpt lat="-38.42253668233752" lon="144.9484626017511">
        <ele>137.6</ele>
        <time>2024-01-20T09:04:51.030Z</time>
      </trkpt>
      <trkpt lat="-38.422771794721484" lon="144.94847257621586">
        <ele>137.6</ele>
        <time>2024-01-20T09:05:12.459Z</time>
      </trkpt>
      <trkpt lat="-38.423133390024304" lon="144.94854700751603">
        <ele>137.6</ele>
        <time>2024-01-20T09:05:33.908Z</time>
      </trkpt>
      <trkpt lat="-38.42333589680493" lon="144.94856377132237">
        <ele>137.6</ele>
        <time>2024-01-20T09:05:55.369Z</time>
      </trkpt>
      <trkpt lat="-38.42349682934582" lon="144.9486600793898">
        <ele>137.6</ele>
        <time>2024-01-20T09:06:16.840Z</time>
      </trkpt>
      <trkpt lat="-38.42366832308471" lon="144.94871280156076">
        <ele>137.6</ele>
        <time>2024-01-20T09:06:38.320Z</time>
      </trkpt>
      <trkpt lat="-38.42376991175115" lon="144.94877365417778">
        <ele>137.6</ele>
        <time>2024-01-20T09:06:59.807Z</time>
      </trkpt>
      <trkpt lat="-38.42399848625064" lon="144.94877734221518">
        <ele>137.6</ele>
        <time>2024-01-20T09:07:21.306Z</time>
      </trkpt>
      <trkpt lat="-38.42408222146332" lon="144.9488183297217">
        <ele>137.6</ele>
        <time>2024-01-20T09:07:42.810Z</time>
      </trkpt>
      <trkpt lat="-38.42419772408903" lon="144.9489505123347">
        <ele>137.6</ele>
        <time>2024-01-20T09:08:04.323Z</time>
      </trkpt>
      <trkpt lat="-38.42431322671473" lon="144.94897758588195">
        <ele>137.6</ele>
        <time>2024-01-20T09:08:25.843Z</time>
      </trkpt>
      <trkpt lat="-38.42437265440822" lon="144.9490557052195">
        <ele>137.6</ele>
        <time>2024-01-20T09:08:47.367Z</time>
      </trkpt>
      <trkpt lat="-38.424552865326405" lon="144.9491624906659">
        <ele>137.6</ele>
        <time>2024-01-20T09:09:08.902Z</time>
      </trkpt>
      <trkpt lat="-38.424625201150775" lon="144.94925661943853">
        <ele>137.6</ele>
        <time>2024-01-20T09:09:30.443Z</time>
      </trkpt>
      <trkpt lat="-38.424680856987834" lon="144.94928754866123">
        <ele>137.6</ele>
        <time>2024-01-20T09:09:51.988Z</time>
      </trkpt>
      <trkpt lat="-38.42481245286763" lon="144.94922501966357">
        <ele>137.6</ele>
        <time>2024-01-20T09:10:13.540Z</time>
      </trkpt>
      <trkpt lat="-38.425127444788814" lon="144.94900030083954">
        <ele>137.6</ele>
        <time>2024-01-20T09:10:35.113Z</time>
      </trkpt>
      <trkpt lat="-38.4252246748656" lon="144.94896283373237">
        <ele>137.6</ele>
        <time>2024-01-20T09:10:56.691Z</time>
      </trkpt>
      <trkpt lat="-38.425338165834546" lon="144.94895118288696">
        <ele>137.6</ele>
        <time>2024-01-20T09:11:18.276Z</time>
      </trkpt>
      <trkpt lat="-38.42545182444155" lon="144.94890382513404">
        <ele>137.6</ele>
        <time>2024-01-20T09:11:39.867Z</time>
      </trkpt>
      <trkpt lat="-38.42560806311667" lon="144.94880609214306">
        <ele>137.6</ele>
        <time>2024-01-20T09:12:01.468Z</time>
      </trkpt>
      <trkpt lat="-38.42574938200414" lon="144.9487533699721">
        <ele>137.6</ele>
        <time>2024-01-20T09:12:23.077Z</time>
      </trkpt>
      <trkpt lat="-38.42584258876741" lon="144.94868002831936">
        <ele>137.6</ele>
        <time>2024-01-20T09:12:44.692Z</time>
      </trkpt>
      <trkpt lat="-38.426027074456215" lon="144.94870995171368">
        <ele>137.6</ele>
        <time>2024-01-20T09:13:06.318Z</time>
      </trkpt>
      <trkpt lat="-38.426108630374074" lon="144.94868396781385">
        <ele>137.6</ele>
        <time>2024-01-20T09:13:27.948Z</time>
      </trkpt>
      <trkpt lat="-38.42639286071062" lon="144.94866041466594">
        <ele>137.6</ele>
        <time>2024-01-20T09:13:49.594Z</time>
      </trkpt>
      <trkpt lat="-38.42644994147122" lon="144.9486426450312">
        <ele>137.6</ele>
        <time>2024-01-20T09:14:11.243Z</time>
      </trkpt>
      <trkpt lat="-38.42650610022247" lon="144.94860174134374">
        <ele>137.6</ele>
        <time>2024-01-20T09:14:32.896Z</time>
      </trkpt>
      <trkpt lat="-38.42658882960677" lon="144.94850241579115">
        <ele>137.6</ele>
        <time>2024-01-20T09:14:54.555Z</time>
      </trkpt>
      <trkpt lat="-38.42668924480677" lon="144.94844432920218">
        <ele>137.6</ele>
        <time>2024-01-20T09:15:16.220Z</time>
      </trkpt>
      <trkpt lat="-38.42677063308656" lon="144.94836755096912">
        <ele>151.0</ele>
        <time>2024-01-20T09:15:37.891Z</time>
      </trkpt>
      <trkpt lat="-38.426804495975375" lon="144.9483035132289">
        <ele>151.0</ele>
        <time>2024-01-20T09:15:59.565Z</time>
      </trkpt>
      <trkpt lat="-38.426769375801086" lon="144.9481671396643">
        <ele>151.0</ele>
        <time>2024-01-20T09:16:21.246Z</time>
      </trkpt>
      <trkpt lat="-38.42677264474332" lon="144.94809648022056">
        <ele>151.0</ele>
        <time>2024-01-20T09:16:42.930Z</time>
      </trkpt>
      <trkpt lat="-38.42680726200342" lon="144.9480376392603">
        <ele>151.0</ele>
        <time>2024-01-20T09:17:04.617Z</time>
      </trkpt>
      <trkpt lat="-38.42692603357136" lon="144.94798550382257">
        <ele>151.0</ele>
        <time>2024-01-20T09:17:26.311Z</time>
      </trkpt>
      <trkpt lat="-38.42697716318071" lon="144.9479367211461">
        <ele>151.0</ele>
        <time>2024-01-20T09:17:48.009Z</time>
      </trkpt>
      <trkpt lat="-38.42711093835533" lon="144.9479353800416">
        <ele>153.6</ele>
        <time>2024-01-20T09:18:09.714Z</time>
      </trkpt>
      <trkpt lat="-38.427369855344296" lon="144.94796454906464">
        <ele>153.6</ele>
        <time>2024-01-20T09:18:31.434Z</time>
      </trkpt>
      <trkpt lat="-38.42750882729888" lon="144.94794149883091">
        <ele>153.6</ele>
        <time>2024-01-20T09:18:53.161Z</time>
      </trkpt>
      <trkpt lat="-38.42753615230322" lon="144.94792255572975">
        <ele>153.6</ele>
        <time>2024-01-20T09:19:14.890Z</time>
      </trkpt>
      <trkpt lat="-38.4277150221169" lon="144.94759406894445">
        <ele>153.6</ele>
        <time>2024-01-20T09:19:36.637Z</time>
      </trkpt>
      <trkpt lat="-38.42784829437733" lon="144.94739214889705">
        <ele>153.6</ele>
        <time>2024-01-20T09:19:58.395Z</time>
      </trkpt>
      <trkpt lat="-38.428077371791005" lon="144.9471168871969">
        <ele>153.6</ele>
        <time>2024-01-20T09:20:20.171Z</time>
      </trkpt>
      <trkpt lat="-38.42833888716996" lon="144.94684665463865">
        <ele>153.6</ele>
        <time>2024-01-20T09:20:41.965Z</time>
      </trkpt>
      <trkpt lat="-38.42872780747712" lon="144.9461723305285">
        <ele>153.6</ele>
        <time>2024-01-20T09:21:03.796Z</time>
      </trkpt>
      <trkpt lat="-38.428849428892136" lon="144.94600879959762">
        <ele>153.6</ele>
        <time>2024-01-20T09:21:25.637Z</time>
      </trkpt>
      <trkpt lat="-38.42891505919397" lon="144.94596311822534">
        <ele>153.6</ele>
        <time>2024-01-20T09:21:47.482Z</time>
      </trkpt>
      <trkpt lat="-38.42898680828512" lon="144.94593914598227">
        <ele>153.6</ele>
        <time>2024-01-20T09:22:09.331Z</time>
      </trkpt>
      <trkpt lat="-38.42913751490414" lon="144.94583370164037">
        <ele>153.6</ele>
        <time>2024-01-20T09:22:31.190Z</time>
      </trkpt>
      <trkpt lat="-38.42919073998928" lon="144.94582129642367">
        <ele>153.6</ele>
        <time>2024-01-20T09:22:53.052Z</time>
      </trkpt>
      <trkpt lat="-38.4292848687619" lon="144.94572800584137">
        <ele>153.6</ele>
        <time>2024-01-20T09:23:14.920Z</time>
      </trkpt>
      <trkpt lat="-38.42951042577624" lon="144.94563278742135">
        <ele>153.6</ele>
        <time>2024-01-20T09:23:36.802Z</time>
      </trkpt>
      <trkpt lat="-38.429612601175904" lon="144.94555651210248">
        <ele>153.6</ele>
        <time>2024-01-20T09:23:58.690Z</time>
      </trkpt>
      <trkpt lat="-38.42967630364001" lon="144.94546598754823">
        <ele>159.0</ele>
        <time>2024-01-20T09:24:20.584Z</time>
      </trkpt>
      <trkpt lat="-38.42971058562398" lon="144.9453374929726">
        <ele>159.0</ele>
        <time>2024-01-20T09:24:42.483Z</time>
      </trkpt>
      <trkpt lat="-38.429879900068045" lon="144.9451791588217">
        <ele>159.0</ele>
        <time>2024-01-20T09:25:04.394Z</time>
      </trkpt>
      <trkpt lat="-38.429923402145505" lon="144.94509014301002">
        <ele>159.0</ele>
        <time>2024-01-20T09:25:26.310Z</time>
      </trkpt>
      <trkpt lat="-38.43003982678056" lon="144.94500783272088">
        <ele>159.0</ele>
        <time>2024-01-20T09:25:48.233Z</time>
      </trkpt>
      <trkpt lat="-38.430086094886065" lon="144.94499140419066">
        <ele>159.0</ele>
        <time>2024-01-20T09:26:10.159Z</time>
      </trkpt>
      <trkpt lat="-38.430146696045995" lon="144.94499953463674">
        <ele>159.0</ele>
        <time>2024-01-20T09:26:32.088Z</time>
      </trkpt>
      <trkpt lat="-38.430190198123455" lon="144.94498813524842">
        <ele>159.0</ele>
        <time>2024-01-20T09:26:54.020Z</time>
      </trkpt>
      <trkpt lat="-38.430287009105086" lon="144.94501696899533">
        <ele>159.0</ele>
        <time>2024-01-20T09:27:15.957Z</time>
      </trkpt>
      <trkpt lat="-38.43035230413079" lon="144.9450166337192">
        <ele>159.0</ele>
        <time>2024-01-20T09:27:37.898Z</time>
      </trkpt>
      <trkpt lat="-38.43063754029572" lon="144.94496039114892">
        <ele>159.0</ele>
        <time>2024-01-20T09:27:59.855Z</time>
      </trkpt>
      <trkpt lat="-38.430806854739785" lon="144.94498821906745">
        <ele>159.0</ele>
        <time>2024-01-20T09:28:21.821Z</time>
      </trkpt>
      <trkpt lat="-38.43086712062359" lon="144.94498327374458">
        <ele>159.0</ele>
        <time>2024-01-20T09:28:43.791Z</time>
      </trkpt>
      <trkpt lat="-38.43091070652008" lon="144.9449767358601">
        <ele>159.0</ele>
        <time>2024-01-20T09:29:05.763Z</time>
      </trkpt>
      <trkpt lat="-38.43104733154178" lon="144.94489777833223">
        <ele>159.0</ele>
        <time>2024-01-20T09:29:27.744Z</time>
      </trkpt>
      <trkpt lat="-38.43133055604994" lon="144.9448955990374">
        <ele>159.0</ele>
        <time>2024-01-20T09:29:49.740Z</time>
      </trkpt>
      <trkpt lat="-38.43167102895677" lon="144.94478101842105">
        <ele>159.0</ele>
        <time>2024-01-20T09:30:11.756Z</time>
      </trkpt>
      <trkpt lat="-38.43184336088598" lon="144.94480473920703">
        <ele>159.0</ele>
        <time>2024-01-20T09:30:33.782Z</time>
      </trkpt>
      <trkpt lat="-38.43212557956576" lon="144.9448144622147">
        <ele>171.4</ele>
        <time>2024-01-20T09:30:55.823Z</time>
      </trkpt>
      <trkpt lat="-38.43218735419214" lon="144.94483122602105">
        <ele>171.4</ele>
        <time>2024-01-20T09:31:17.868Z</time>
      </trkpt>
      <trkpt lat="-38.432375276461244" lon="144.94481965899467">
        <ele>172.6</ele>
        <time>2024-01-20T09:31:39.923Z</time>
      </trkpt>
      <trkpt lat="-38.432853212580085" lon="144.9448422063142">
        <ele>172.6</ele>
        <time>2024-01-20T09:32:02.005Z</time>
      </trkpt>
      <trkpt lat="-38.43296159058809" lon="144.94482225738466">
        <ele>172.6</ele>
        <time>2024-01-20T09:32:24.093Z</time>
      </trkpt>
      <trkpt lat="-38.433159571141005" lon="144.94484622962773">
        <ele>172.6</ele>
        <time>2024-01-20T09:32:46.192Z</time>
      </trkpt>
      <trkpt lat="-38.43329024501145" lon="144.94484279304743">
        <ele>172.6</ele>
        <time>2024-01-20T09:33:08.298Z</time>
      </trkpt>
      <trkpt lat="-38.43335478566587" lon="144.94483114220202">
        <ele>172.6</ele>
        <time>2024-01-20T09:33:30.408Z</time>
      </trkpt>
      <trkpt lat="-38.43358386307955" lon="144.9447108618915">
        <ele>172.6</ele>
        <time>2024-01-20T09:33:52.532Z</time>
      </trkpt>
      <trkpt lat="-38.4336400218308" lon="144.94461790658534">
        <ele>172.6</ele>
        <time>2024-01-20T09:34:14.661Z</time>
      </trkpt>
      <trkpt lat="-38.43366114422679" lon="144.94455554522574">
        <ele>172.6</ele>
        <time>2024-01-20T09:34:36.793Z</time>
      </trkpt>
      <trkpt lat="-38.433653768152" lon="144.94453844614327">
        <ele>173.6</ele>
        <time>2024-01-20T09:34:58.926Z</time>
      </trkpt>
      <trkpt lat="-38.43370799906552" lon="144.94441305287182">
        <ele>173.6</ele>
        <time>2024-01-20T09:35:21.065Z</time>
      </trkpt>
      <trkpt lat="-38.43376616947353" lon="144.94434096850455">
        <ele>173.2</ele>
        <time>2024-01-20T09:35:43.209Z</time>
      </trkpt>
      <trkpt lat="-38.43381470069289" lon="144.94407827965915">
        <ele>173.2</ele>
        <time>2024-01-20T09:36:05.364Z</time>
      </trkpt>
      <trkpt lat="-38.43381369486451" lon="144.94388013146818">
        <ele>173.2</ele>
        <time>2024-01-20T09:36:27.528Z</time>
      </trkpt>
      <trkpt lat="-38.433723421767354" lon="144.9434465356171">
        <ele>173.2</ele>
        <time>2024-01-20T09:36:49.712Z</time>
      </trkpt>
      <trkpt lat="-38.4337018802762" lon="144.94323338381946">
        <ele>173.2</ele>
        <time>2024-01-20T09:37:11.905Z</time>
      </trkpt>
      <trkpt lat="-38.43370850197971" lon="144.94299978017807">
        <ele>173.2</ele>
        <time>2024-01-20T09:37:34.108Z</time>
      </trkpt>
      <trkpt lat="-38.433668771758676" lon="144.94271161034703">
        <ele>173.2</ele>
        <time>2024-01-20T09:37:56.324Z</time>
      </trkpt>
      <trkpt lat="-38.433666341006756" lon="144.9423063453287">
        <ele>162.4</ele>
        <time>2024-01-20T09:38:18.558Z</time>
      </trkpt>
      <trkpt lat="-38.43364597298205" lon="144.94220450520515">
        <ele>162.4</ele>
        <time>2024-01-20T09:38:40.797Z</time>
      </trkpt>
      <trkpt lat="-38.433657540008426" lon="144.94218422099948">
        <ele>162.4</ele>
        <time>2024-01-20T09:39:03.037Z</time>
      </trkpt>
      <trkpt lat="-38.433664329349995" lon="144.94191038422287">
        <ele>162.4</ele>
        <time>2024-01-20T09:39:25.289Z</time>
      </trkpt>
      <trkpt lat="-38.43370565213263" lon="144.9418203625828">
        <ele>162.4</ele>
        <time>2024-01-20T09:39:47.545Z</time>
      </trkpt>
      <trkpt lat="-38.43380430713296" lon="144.94137126021087">
        <ele>162.4</ele>
        <time>2024-01-20T09:40:09.822Z</time>
      </trkpt>
      <trkpt lat="-38.43386876396835" lon="144.94123329408467">
        <ele>162.4</ele>
        <time>2024-01-20T09:40:32.106Z</time>
      </trkpt>
      <trkpt lat="-38.4342891164124" lon="144.94082098826766">
        <ele>162.4</ele>
        <time>2024-01-20T09:40:54.419Z</time>
      </trkpt>
      <trkpt lat="-38.434325410053134" lon="144.94074295274913">
        <ele>162.4</ele>
        <time>2024-01-20T09:41:16.736Z</time>
      </trkpt>
      <trkpt lat="-38.43442582525313" lon="144.9406442977488">
        <ele>162.4</ele>
        <time>2024-01-20T09:41:39.060Z</time>
      </trkpt>
      <trkpt lat="-38.43451333232224" lon="144.94049350731075">
        <ele>162.4</ele>
        <time>2024-01-20T09:42:01.392Z</time>
      </trkpt>
      <trkpt lat="-38.43459689989686" lon="144.94042343460023">
        <ele>162.4</ele>
        <time>2024-01-20T09:42:23.730Z</time>
      </trkpt>
      <trkpt lat="-38.43471458181739" lon="144.94039300829172">
        <ele>162.4</ele>
        <time>2024-01-20T09:42:46.075Z</time>
      </trkpt>
      <trkpt lat="-38.43490619212389" lon="144.9402494262904">
        <ele>162.4</ele>
        <time>2024-01-20T09:43:08.432Z</time>
      </trkpt>
      <trkpt lat="-38.43503753654659" lon="144.9402264598757">
        <ele>162.4</ele>
        <time>2024-01-20T09:43:30.796Z</time>
      </trkpt>
      <trkpt lat="-38.43515404500067" lon="144.94029695168138">
        <ele>162.4</ele>
        <time>2024-01-20T09:43:53.168Z</time>
      </trkpt>
      <trkpt lat="-38.435294358059764" lon="144.94042712263763">
        <ele>162.4</ele>
        <time>2024-01-20T09:44:15.549Z</time>
      </trkpt>
      <trkpt lat="-38.43533425591886" lon="144.94044153951108">
        <ele>162.4</ele>
        <time>2024-01-20T09:44:37.933Z</time>
      </trkpt>
      <trkpt lat="-38.43544816598296" lon="144.94062979705632">
        <ele>162.4</ele>
        <time>2024-01-20T09:45:00.327Z</time>
      </trkpt>
      <trkpt lat="-38.435553358867764" lon="144.94068964384496">
        <ele>162.4</ele>
        <time>2024-01-20T09:45:22.727Z</time>
      </trkpt>
      <trkpt lat="-38.43566592782736" lon="144.94079374708235">
        <ele>162.4</ele>
        <time>2024-01-20T09:45:45.135Z</time>
      </trkpt>
      <trkpt lat="-38.43582761473954" lon="144.9409109260887">
        <ele>162.4</ele>
        <time>2024-01-20T09:46:07.554Z</time>
      </trkpt>
      <trkpt lat="-38.4359295386821" lon="144.94093213230371">
        <ele>162.4</ele>
        <time>2024-01-20T09:46:29.978Z</time>
      </trkpt>
      <trkpt lat="-38.43598058447242" lon="144.940927606076">
        <ele>162.4</ele>
        <time>2024-01-20T09:46:52.405Z</time>
      </trkpt>
      <trkpt lat="-38.43599743209779" lon="144.9409104231745">
        <ele>162.4</ele>
        <time>2024-01-20T09:47:14.833Z</time>
      </trkpt>
      <trkpt lat="-38.43632315285504" lon="144.94091302156448">
        <ele>159.4</ele>
        <time>2024-01-20T09:47:37.279Z</time>
      </trkpt>
      <trkpt lat="-38.43657134100795" lon="144.94094646535814">
        <ele>159.4</ele>
        <time>2024-01-20T09:47:59.739Z</time>
      </trkpt>
      <trkpt lat="-38.43677116557956" lon="144.9409120157361">
        <ele>159.4</ele>
        <time>2024-01-20T09:48:22.211Z</time>
      </trkpt>
      <trkpt lat="-38.436889350414276" lon="144.94085879065096">
        <ele>156.8</ele>
        <time>2024-01-20T09:48:44.690Z</time>
      </trkpt>
      <trkpt lat="-38.43702111393213" lon="144.94084982201457">
        <ele>156.8</ele>
        <time>2024-01-20T09:49:07.176Z</time>
      </trkpt>
      <trkpt lat="-38.43705925159156" lon="144.9408303759992">
        <ele>156.8</ele>
        <time>2024-01-20T09:49:29.664Z</time>
      </trkpt>
      <trkpt lat="-38.437387738376856" lon="144.94053508155048">
        <ele>156.8</ele>
        <time>2024-01-20T09:49:52.175Z</time>
      </trkpt>
      <trkpt lat="-38.4375115390867" lon="144.94037926197052">
        <ele>156.8</ele>
        <time>2024-01-20T09:50:14.695Z</time>
      </trkpt>
      <trkpt lat="-38.437750255689025" lon="144.9402571376413">
        <ele>156.8</ele>
        <time>2024-01-20T09:50:37.230Z</time>
      </trkpt>
      <trkpt lat="-38.43781563453376" lon="144.9402470793575">
        <ele>156.8</ele>
        <time>2024-01-20T09:50:59.768Z</time>
      </trkpt>
      <trkpt lat="-38.43806365504861" lon="144.94026602245867">
        <ele>156.8</ele>
        <time>2024-01-20T09:51:22.320Z</time>
      </trkpt>
      <trkpt lat="-38.43810321763158" lon="144.9402555450797">
        <ele>156.8</ele>
        <time>2024-01-20T09:51:44.874Z</time>
      </trkpt>
      <trkpt lat="-38.43847814016044" lon="144.9400644376874">
        <ele>156.8</ele>
        <time>2024-01-20T09:52:07.451Z</time>
      </trkpt>
      <trkpt lat="-38.438538406044245" lon="144.94005161337554">
        <ele>156.8</ele>
        <time>2024-01-20T09:52:30.031Z</time>
      </trkpt>
      <trkpt lat="-38.43859389424324" lon="144.94006376713514">
        <ele>156.8</ele>
        <time>2024-01-20T09:52:52.614Z</time>
      </trkpt>
      <trkpt lat="-38.43864041380584" lon="144.94004691950977">
        <ele>156.8</ele>
        <time>2024-01-20T09:53:15.200Z</time>
      </trkpt>
      <trkpt lat="-38.43880536966026" lon="144.93994063697755">
        <ele>156.8</ele>
        <time>2024-01-20T09:53:37.796Z</time>
      </trkpt>
      <trkpt lat="-38.43901516869664" lon="144.93977526202798">
        <ele>136.4</ele>
        <time>2024-01-20T09:54:00.406Z</time>
      </trkpt>
      <trkpt lat="-38.43913368880749" lon="144.939619358629">
        <ele>136.4</ele>
        <time>2024-01-20T09:54:23.026Z</time>
      </trkpt>
      <trkpt lat="-38.43944356776774" lon="144.93903337977827">
        <ele>136.4</ele>
        <time>2024-01-20T09:54:45.677Z</time>
      </trkpt>
      <trkpt lat="-38.43960181809962" lon="144.93878519162536">
        <ele>136.4</ele>
        <time>2024-01-20T09:55:08.342Z</time>
      </trkpt>
      <trkpt lat="-38.439747244119644" lon="144.93861151859164">
        <ele>136.4</ele>
        <time>2024-01-20T09:55:31.018Z</time>
      </trkpt>
      <trkpt lat="-38.43977180309594" lon="144.93839350529015">
        <ele>136.4</ele>
        <time>2024-01-20T09:55:53.703Z</time>
      </trkpt>
      <trkpt lat="-38.439854364842176" lon="144.93823290802538">
        <ele>136.4</ele>
        <time>2024-01-20T09:56:16.397Z</time>
      </trkpt>
      <trkpt lat="-38.43998503871262" lon="144.9380500987172">
        <ele>136.4</ele>
        <time>2024-01-20T09:56:39.102Z</time>
      </trkpt>
      <trkpt lat="-38.44009039923549" lon="144.937692778185">
        <ele>136.4</ele>
        <time>2024-01-20T09:57:01.823Z</time>
      </trkpt>
      <trkpt lat="-38.44009886495769" lon="144.9374295026064">
        <ele>122.0</ele>
        <time>2024-01-20T09:57:24.556Z</time>
      </trkpt>
      <trkpt lat="-38.44000129960477" lon="144.93709187954664">
        <ele>119.2</ele>
        <time>2024-01-20T09:57:47.304Z</time>
      </trkpt>
      <trkpt lat="-38.43994916416705" lon="144.93676682934165">
        <ele>119.2</ele>
        <time>2024-01-20T09:58:10.067Z</time>
      </trkpt>
      <trkpt lat="-38.43991857022047" lon="144.93666314519942">
        <ele>119.2</ele>
        <time>2024-01-20T09:58:32.835Z</time>
      </trkpt>
      <trkpt lat="-38.43991597183049" lon="144.93656675331295">
        <ele>119.2</ele>
        <time>2024-01-20T09:58:55.607Z</time>
      </trkpt>
      <trkpt lat="-38.43983584083617" lon="144.93637464009225">
        <ele>119.2</ele>
        <time>2024-01-20T09:59:18.389Z</time>
      </trkpt>
      <trkpt lat="-38.43979996629059" lon="144.93609954603016">
        <ele>119.2</ele>
        <time>2024-01-20T09:59:41.183Z</time>
      </trkpt>
      <trkpt lat="-38.43981362879276" lon="144.9360470753163">
        <ele>119.2</ele>
        <time>2024-01-20T10:00:03.979Z</time>
      </trkpt>
      <trkpt lat="-38.43985252082348" lon="144.93598295375705">
        <ele>119.2</ele>
        <time>2024-01-20T10:00:26.779Z</time>
      </trkpt>
      <trkpt lat="-38.43993969261646" lon="144.93589418940246">
        <ele>119.2</ele>
        <time>2024-01-20T10:00:49.585Z</time>
      </trkpt>
      <trkpt lat="-38.440122585743666" lon="144.93580056354403">
        <ele>119.2</ele>
        <time>2024-01-20T10:01:12.402Z</time>
      </trkpt>
      <trkpt lat="-38.44024462625384" lon="144.93579846806824">
        <ele>119.2</ele>
        <time>2024-01-20T10:01:35.226Z</time>
      </trkpt>
      <trkpt lat="-38.440366331487894" lon="144.93583367206156">
        <ele>119.2</ele>
        <time>2024-01-20T10:01:58.057Z</time>
      </trkpt>
      <trkpt lat="-38.44042508862913" lon="144.93580542504787">
        <ele>119.2</ele>
        <time>2024-01-20T10:02:20.891Z</time>
      </trkpt>
      <trkpt lat="-38.440529527142644" lon="144.93554340675473">
        <ele>119.2</ele>
        <time>2024-01-20T10:02:43.738Z</time>
      </trkpt>
      <trkpt lat="-38.44066623598337" lon="144.93528717197478">
        <ele>119.2</ele>
        <time>2024-01-20T10:03:06.599Z</time>
      </trkpt>
      <trkpt lat="-38.44081568531692" lon="144.935171501711">
        <ele>119.2</ele>
        <time>2024-01-20T10:03:29.469Z</time>
      </trkpt>
      <trkpt lat="-38.440995225682855" lon="144.93488266132772">
        <ele>119.2</ele>
        <time>2024-01-20T10:03:52.356Z</time>
      </trkpt>
      <trkpt lat="-38.441045600920916" lon="144.93472198024392">
        <ele>119.2</ele>
        <time>2024-01-20T10:04:15.250Z</time>
      </trkpt>
      <trkpt lat="-38.441133946180344" lon="144.9345324654132">
        <ele>119.2</ele>
        <time>2024-01-20T10:04:38.154Z</time>
      </trkpt>
      <trkpt lat="-38.44118054956198" lon="144.93430372327566">
        <ele>90.2</ele>
        <time>2024-01-20T10:05:01.068Z</time>
      </trkpt>
      <trkpt lat="-38.44125313684344" lon="144.93420909158885">
        <ele>90.2</ele>
        <time>2024-01-20T10:05:23.988Z</time>
      </trkpt>
      <trkpt lat="-38.44127886928618" lon="144.93412870913744">
        <ele>90.2</ele>
        <time>2024-01-20T10:05:46.912Z</time>
      </trkpt>
      <trkpt lat="-38.44132320955396" lon="144.93360249325633">
        <ele>90.2</ele>
        <time>2024-01-20T10:06:09.859Z</time>
      </trkpt>
      <trkpt lat="-38.44122220762074" lon="144.93342697620392">
        <ele>90.2</ele>
        <time>2024-01-20T10:06:32.815Z</time>
      </trkpt>
      <trkpt lat="-38.44121097587049" lon="144.93318356573582">
        <ele>90.2</ele>
        <time>2024-01-20T10:06:55.782Z</time>
      </trkpt>
      <trkpt lat="-38.441184824332595" lon="144.93309203535318">
        <ele>90.2</ele>
        <time>2024-01-20T10:07:18.753Z</time>
      </trkpt>
      <trkpt lat="-38.44106152653694" lon="144.9328811466694">
        <ele>90.2</ele>
        <time>2024-01-20T10:07:41.736Z</time>
      </trkpt>
      <trkpt lat="-38.441016264259815" lon="144.93273295462132">
        <ele>90.2</ele>
        <time>2024-01-20T10:08:04.726Z</time>
      </trkpt>
      <trkpt lat="-38.4410635381937" lon="144.9324424378574">
        <ele>90.2</ele>
        <time>2024-01-20T10:08:27.729Z</time>
      </trkpt>
      <trkpt lat="-38.44110653735697" lon="144.93236616253853">
        <ele>90.2</ele>
        <time>2024-01-20T10:08:50.736Z</time>
      </trkpt>
      <trkpt lat="-38.44110896810889" lon="144.93226105347276">
        <ele>90.2</ele>
        <time>2024-01-20T10:09:13.747Z</time>
      </trkpt>
      <trkpt lat="-38.441060688346624" lon="144.93209064938128">
        <ele>90.2</ele>
        <time>2024-01-20T10:09:36.766Z</time>
      </trkpt>
      <trkpt lat="-38.44100276939571" lon="144.93198637850583">
        <ele>90.2</ele>
        <time>2024-01-20T10:09:59.791Z</time>
      </trkpt>
      <trkpt lat="-38.44099581241608" lon="144.93192250840366">
        <ele>90.2</ele>
        <time>2024-01-20T10:10:22.819Z</time>
      </trkpt>
      <trkpt lat="-38.441012827679515" lon="144.93183349259198">
        <ele>90.2</ele>
        <time>2024-01-20T10:10:45.851Z</time>
      </trkpt>
      <trkpt lat="-38.44106747768819" lon="144.93177079595625">
        <ele>93.6</ele>
        <time>2024-01-20T10:11:08.887Z</time>
      </trkpt>
      <trkpt lat="-38.441248359158635" lon="144.93162386119366">
        <ele>93.6</ele>
        <time>2024-01-20T10:11:31.935Z</time>
      </trkpt>
      <trkpt lat="-38.441335782408714" lon="144.93162729777396">
        <ele>93.6</ele>
        <time>2024-01-20T10:11:54.988Z</time>
      </trkpt>
      <trkpt lat="-38.44142060726881" lon="144.9316813610494">
        <ele>95.8</ele>
        <time>2024-01-20T10:12:18.046Z</time>
      </trkpt>
      <trkpt lat="-38.44144994392991" lon="144.93168387562037">
        <ele>95.8</ele>
        <time>2024-01-20T10:12:41.106Z</time>
      </trkpt>
      <trkpt lat="-38.44165463000536" lon="144.93163861334324">
        <ele>95.8</ele>
        <time>2024-01-20T10:13:04.177Z</time>
      </trkpt>
      <trkpt lat="-38.441721852868795" lon="144.93164146319032">
        <ele>95.8</ele>
        <time>2024-01-20T10:13:27.252Z</time>
      </trkpt>
      <trkpt lat="-38.4418199211359" lon="144.93160525336862">
        <ele>95.8</ele>
        <time>2024-01-20T10:13:50.333Z</time>
      </trkpt>
      <trkpt lat="-38.44189586117864" lon="144.93155412375927">
        <ele>95.8</ele>
        <time>2024-01-20T10:14:13.418Z</time>
      </trkpt>
      <trkpt lat="-38.44194481149316" lon="144.93148715235293">
        <ele>95.8</ele>
        <time>2024-01-20T10:14:36.507Z</time>
      </trkpt>
      <trkpt lat="-38.442022344097495" lon="144.9313044268638">
        <ele>95.8</ele>
        <time>2024-01-20T10:14:59.606Z</time>
      </trkpt>
      <trkpt lat="-38.44202980399132" lon="144.93123896420002">
        <ele>95.8</ele>
        <time>2024-01-20T10:15:22.707Z</time>
      </trkpt>
      <trkpt lat="-38.44210272654891" lon="144.9311210308224">
        <ele>95.8</ele>
        <time>2024-01-20T10:15:45.815Z</time>
      </trkpt>
      <trkpt lat="-38.4422795008868" lon="144.9309051129967">
        <ele>95.8</ele>
        <time>2024-01-20T10:16:08.937Z</time>
      </trkpt>
      <trkpt lat="-38.44236868433654" lon="144.9308440927416">
        <ele>95.8</ele>
        <time>2024-01-20T10:16:32.064Z</time>
      </trkpt>
      <trkpt lat="-38.44243205152452" lon="144.93073973804712">
        <ele>95.8</ele>
        <time>2024-01-20T10:16:55.197Z</time>
      </trkpt>
      <trkpt lat="-38.44253355637193" lon="144.93068936280906">
        <ele>95.8</ele>
        <time>2024-01-20T10:17:18.336Z</time>
      </trkpt>
      <trkpt lat="-38.442607233300805" lon="144.93062926456332">
        <ele>95.8</ele>
        <time>2024-01-20T10:17:41.480Z</time>
      </trkpt>
      <trkpt lat="-38.44268426299095" lon="144.9305982515216">
        <ele>95.8</ele>
        <time>2024-01-20T10:18:04.628Z</time>
      </trkpt>
      <trkpt lat="-38.44271737150848" lon="144.9305136781186">
        <ele>95.8</ele>
        <time>2024-01-20T10:18:27.781Z</time>
      </trkpt>
      <trkpt lat="-38.44284988939762" lon="144.9304312840104">
        <ele>95.8</ele>
        <time>2024-01-20T10:18:50.942Z</time>
      </trkpt>
      <trkpt lat="-38.44293278641999" lon="144.93030287325382">
        <ele>95.8</ele>
        <time>2024-01-20T10:19:14.110Z</time>
      </trkpt>
      <trkpt lat="-38.44308014027774" lon="144.9302140250802">
        <ele>95.8</ele>
        <time>2024-01-20T10:19:37.287Z</time>
      </trkpt>
      <trkpt lat="-38.44340049661696" lon="144.93012299761176">
        <ele>95.8</ele>
        <time>2024-01-20T10:20:00.482Z</time>
      </trkpt>
      <trkpt lat="-38.44367953017354" lon="144.9300771486014">
        <ele>95.8</ele>
        <time>2024-01-20T10:20:23.693Z</time>
      </trkpt>
      <trkpt lat="-38.44382118433714" lon="144.93000674061477">
        <ele>95.8</ele>
        <time>2024-01-20T10:20:46.913Z</time>
      </trkpt>
      <trkpt lat="-38.44391548074782" lon="144.9299243465066">
        <ele>95.8</ele>
        <time>2024-01-20T10:21:10.139Z</time>
      </trkpt>
      <trkpt lat="-38.444082448258996" lon="144.92958404123783">
        <ele>95.8</ele>
        <time>2024-01-20T10:21:33.383Z</time>
      </trkpt>
      <trkpt lat="-38.44411647878587" lon="144.92946032434702">
        <ele>95.8</ele>
        <time>2024-01-20T10:21:56.632Z</time>
      </trkpt>
      <trkpt lat="-38.44414724037051" lon="144.92943274788558">
        <ele>95.8</ele>
        <time>2024-01-20T10:22:19.883Z</time>
      </trkpt>
      <trkpt lat="-38.44422326423228" lon="144.92943190969527">
        <ele>95.8</ele>
        <time>2024-01-20T10:22:43.139Z</time>
      </trkpt>
      <trkpt lat="-38.44428285956383" lon="144.9294906668365">
        <ele>95.8</ele>
        <time>2024-01-20T10:23:06.399Z</time>
      </trkpt>
      <trkpt lat="-38.44432108104229" lon="144.92977146059275">
        <ele>95.8</ele>
        <time>2024-01-20T10:23:29.671Z</time>
      </trkpt>
      <trkpt lat="-38.4443879686296" lon="144.9298458918929">
        <ele>95.8</ele>
        <time>2024-01-20T10:23:52.948Z</time>
      </trkpt>
      <trkpt lat="-38.444460052996874" lon="144.9298651702702">
        <ele>95.8</ele>
        <time>2024-01-20T10:24:16.229Z</time>
      </trkpt>
      <trkpt lat="-38.44455795362592" lon="144.92986190132797">
        <ele>95.8</ele>
        <time>2024-01-20T10:24:39.516Z</time>
      </trkpt>
      <trkpt lat="-38.44466893002391" lon="144.9298979435116">
        <ele>95.8</ele>
        <time>2024-01-20T10:25:02.809Z</time>
      </trkpt>
      <trkpt lat="-38.44471972435713" lon="144.9298727978021">
        <ele>86.8</ele>
        <time>2024-01-20T10:25:26.105Z</time>
      </trkpt>
      <trkpt lat="-38.44476968050003" lon="144.92987128905952">
        <ele>86.8</ele>
        <time>2024-01-20T10:25:49.404Z</time>
      </trkpt>
      <trkpt lat="-38.444924745708704" lon="144.92995326407254">
        <ele>86.8</ele>
        <time>2024-01-20T10:26:12.712Z</time>
      </trkpt>
      <trkpt lat="-38.44502340070903" lon="144.92996835149825">
        <ele>86.8</ele>
        <time>2024-01-20T10:26:36.026Z</time>
      </trkpt>
      <trkpt lat="-38.44505860470235" lon="144.92994957603514">
        <ele>87.8</ele>
        <time>2024-01-20T10:26:59.342Z</time>
      </trkpt>
      <trkpt lat="-38.44519807957113" lon="144.92995334789157">
        <ele>87.8</ele>
        <time>2024-01-20T10:27:22.666Z</time>
      </trkpt>
      <trkpt lat="-38.445261027663946" lon="144.92993541061878">
        <ele>87.8</ele>
        <time>2024-01-20T10:27:45.993Z</time>
      </trkpt>
      <trkpt lat="-38.445407627150416" lon="144.92976307868958">
        <ele>87.8</ele>
        <time>2024-01-20T10:28:09.331Z</time>
      </trkpt>
      <trkpt lat="-38.44542824663222" lon="144.92969292216003">
        <ele>87.8</ele>
        <time>2024-01-20T10:28:32.673Z</time>
      </trkpt>
      <trkpt lat="-38.44546856358647" lon="144.92963751778007">
        <ele>87.8</ele>
        <time>2024-01-20T10:28:56.018Z</time>
      </trkpt>
      <trkpt lat="-38.44594708643854" lon="144.92941816337407">
        <ele>87.8</ele>
        <time>2024-01-20T10:29:19.391Z</time>
      </trkpt>
      <trkpt lat="-38.446026127785444" lon="144.9294024053961">
        <ele>87.8</ele>
        <time>2024-01-20T10:29:42.769Z</time>
      </trkpt>
      <trkpt lat="-38.44622394070029" lon="144.92930157110095">
        <ele>87.8</ele>
        <time>2024-01-20T10:30:06.159Z</time>
      </trkpt>
      <trkpt lat="-38.44658436253667" lon="144.9292570631951">
        <ele>87.8</ele>
        <time>2024-01-20T10:30:29.569Z</time>
      </trkpt>
      <trkpt lat="-38.44670229591429" lon="144.9292050115764">
        <ele>87.8</ele>
        <time>2024-01-20T10:30:52.986Z</time>
      </trkpt>
      <trkpt lat="-38.44678276218474" lon="144.92920719087124">
        <ele>87.8</ele>
        <time>2024-01-20T10:31:16.407Z</time>
      </trkpt>
      <trkpt lat="-38.446869011968374" lon="144.92923309095204">
        <ele>87.8</ele>
        <time>2024-01-20T10:31:39.833Z</time>
      </trkpt>
      <trkpt lat="-38.44701334834099" lon="144.92931925691664">
        <ele>87.8</ele>
        <time>2024-01-20T10:32:03.268Z</time>
      </trkpt>
      <trkpt lat="-38.44708124175668" lon="144.92931338958442">
        <ele>87.8</ele>
        <time>2024-01-20T10:32:26.707Z</time>
      </trkpt>
      <trkpt lat="-38.447186183184385" lon="144.9293453246355">
        <ele>87.8</ele>
        <time>2024-01-20T10:32:50.152Z</time>
      </trkpt>
      <trkpt lat="-38.44734971411526" lon="144.92947516031563">
        <ele>87.8</ele>
        <time>2024-01-20T10:33:13.608Z</time>
      </trkpt>
      <trkpt lat="-38.44745717011392" lon="144.9295207578689">
        <ele>87.8</ele>
        <time>2024-01-20T10:33:37.070Z</time>
      </trkpt>
      <trkpt lat="-38.447457840666175" lon="144.92954514920712">
        <ele>87.8</ele>
        <time>2024-01-20T10:34:00.533Z</time>
      </trkpt>
      <trkpt lat="-38.447448620572686" lon="144.92952436208725">
        <ele>87.8</ele>
        <time>2024-01-20T10:34:23.997Z</time>
      </trkpt>
      <trkpt lat="-38.44776989892125" lon="144.9296492524445">
        <ele>87.8</ele>
        <time>2024-01-20T10:34:47.480Z</time>
      </trkpt>
      <trkpt lat="-38.447851203382015" lon="144.9296648427844">
        <ele>87.8</ele>
        <time>2024-01-20T10:35:10.967Z</time>
      </trkpt>
      <trkpt lat="-38.44791021198034" lon="144.92970557883382">
        <ele>87.8</ele>
        <time>2024-01-20T10:35:34.458Z</time>
      </trkpt>
      <trkpt lat="-38.44810743816197" lon="144.92978336289525">
        <ele>87.8</ele>
        <time>2024-01-20T10:35:57.960Z</time>
      </trkpt>
      <trkpt lat="-38.44818572513759" lon="144.9298474844545">
        <ele>87.8</ele>
        <time>2024-01-20T10:36:21.468Z</time>
      </trkpt>
      <trkpt lat="-38.4483303129673" lon="144.92992308922112">
        <ele>87.8</ele>
        <time>2024-01-20T10:36:44.984Z</time>
      </trkpt>
      <trkpt lat="-38.44842963851988" lon="144.93000539951026">
        <ele>86.4</ele>
        <time>2024-01-20T10:37:08.507Z</time>
      </trkpt>
      <trkpt lat="-38.44854203984141" lon="144.93004814721644">
        <ele>86.4</ele>
        <time>2024-01-20T10:37:32.037Z</time>
      </trkpt>
      <trkpt lat="-38.448642706498504" lon="144.93014093488455">
        <ele>86.4</ele>
        <time>2024-01-20T10:37:55.573Z</time>
      </trkpt>
      <trkpt lat="-38.44872845336795" lon="144.93018778972328">
        <ele>86.4</ele>
        <time>2024-01-20T10:38:19.115Z</time>
      </trkpt>
      <trkpt lat="-38.44907730817795" lon="144.93031829595566">
        <ele>86.4</ele>
        <time>2024-01-20T10:38:42.677Z</time>
      </trkpt>
      <trkpt lat="-38.4493612870574" lon="144.93049825541675">
        <ele>86.4</ele>
        <time>2024-01-20T10:39:06.257Z</time>
      </trkpt>
      <trkpt lat="-38.44957091845572" lon="144.93077821098268">
        <ele>86.4</ele>
        <time>2024-01-20T10:39:29.853Z</time>
      </trkpt>
      <trkpt lat="-38.44962221570313" lon="144.93098717182875">
        <ele>86.4</ele>
        <time>2024-01-20T10:39:53.459Z</time>
      </trkpt>
      <trkpt lat="-38.44975615851581" lon="144.9311778601259">
        <ele>86.4</ele>
        <time>2024-01-20T10:40:17.076Z</time>
      </trkpt>
      <trkpt lat="-38.44976236112416" lon="144.9312605895102">
        <ele>86.4</ele>
        <time>2024-01-20T10:40:40.697Z</time>
      </trkpt>
      <trkpt lat="-38.44970293343067" lon="144.9314334243536">
        <ele>86.4</ele>
        <time>2024-01-20T10:41:04.326Z</time>
      </trkpt>
      <trkpt lat="-38.449700586497784" lon="144.9315936025232">
        <ele>86.4</ele>
        <time>2024-01-20T10:41:27.962Z</time>
      </trkpt>
      <trkpt lat="-38.449824806302786" lon="144.9318932555616">
        <ele>86.4</ele>
        <time>2024-01-20T10:41:51.613Z</time>
      </trkpt>
      <trkpt lat="-38.44995405524969" lon="144.9320896435529">
        <ele>86.4</ele>
        <time>2024-01-20T10:42:15.275Z</time>
      </trkpt>
      <trkpt lat="-38.45003644935787" lon="144.9321900587529">
        <ele>86.4</ele>
        <time>2024-01-20T10:42:38.944Z</time>
      </trkpt>
      <trkpt lat="-38.45012932084501" lon="144.93222928605974">
        <ele>86.4</ele>
        <time>2024-01-20T10:43:02.618Z</time>
      </trkpt>
      <trkpt lat="-38.45018967054784" lon="144.93228854611516">
        <ele>86.4</ele>
        <time>2024-01-20T10:43:26.296Z</time>
      </trkpt>
      <trkpt lat="-38.450263096019626" lon="144.93218469433486">
        <ele>86.4</ele>
        <time>2024-01-20T10:43:49.980Z</time>
      </trkpt>
      <trkpt lat="-38.45032084733248" lon="144.9321583751589">
        <ele>86.4</ele>
        <time>2024-01-20T10:44:13.668Z</time>
      </trkpt>
      <trkpt lat="-38.450468787923455" lon="144.93202820420265">
        <ele>86.4</ele>
        <time>2024-01-20T10:44:37.366Z</time>
      </trkpt>
      <trkpt lat="-38.45053785480559" lon="144.93192837573588">
        <ele>86.4</ele>
        <time>2024-01-20T10:45:01.070Z</time>
      </trkpt>
      <trkpt lat="-38.45059351064265" lon="144.93191328831017">
        <ele>86.4</ele>
        <time>2024-01-20T10:45:24.777Z</time>
      </trkpt>
      <trkpt lat="-38.45064547844231" lon="144.9319308064878">
        <ele>86.4</ele>
        <time>2024-01-20T10:45:48.487Z</time>
      </trkpt>
      <trkpt lat="-38.45068604685366" lon="144.93201797828078">
        <ele>86.4</ele>
        <time>2024-01-20T10:46:12.201Z</time>
      </trkpt>
      <trkpt lat="-38.45071144402027" lon="144.93217798881233">
        <ele>86.4</ele>
        <time>2024-01-20T10:46:35.922Z</time>
      </trkpt>
      <trkpt lat="-38.45069719478488" lon="144.93235828354955">
        <ele>86.4</ele>
        <time>2024-01-20T10:46:59.651Z</time>
      </trkpt>
      <trkpt lat="-38.45070800743997" lon="144.9326140154153">
        <ele>86.4</ele>
        <time>2024-01-20T10:47:23.391Z</time>
      </trkpt>
      <trkpt lat="-38.450891487300396" lon="144.93300528265536">
        <ele>86.4</ele>
        <time>2024-01-20T10:47:47.151Z</time>
      </trkpt>
      <trkpt lat="-38.451017551124096" lon="144.933176105842">
        <ele>75.2</ele>
        <time>2024-01-20T10:48:10.922Z</time>
      </trkpt>
      <trkpt lat="-38.451111847534776" lon="144.93327476084232">
        <ele>75.2</ele>
        <time>2024-01-20T10:48:34.699Z</time>
      </trkpt>
      <trkpt lat="-38.451207568868995" lon="144.93343728594482">
        <ele>75.2</ele>
        <time>2024-01-20T10:48:58.485Z</time>
      </trkpt>
      <trkpt lat="-38.4512781444937" lon="144.93351473473012">
        <ele>75.2</ele>
        <time>2024-01-20T10:49:22.277Z</time>
      </trkpt>
      <trkpt lat="-38.45151065848768" lon="144.93367734365165">
        <ele>75.2</ele>
        <time>2024-01-20T10:49:46.083Z</time>
      </trkpt>
      <trkpt lat="-38.451696736738086" lon="144.93375051766634">
        <ele>73.6</ele>
        <time>2024-01-20T10:50:09.900Z</time>
      </trkpt>
      <trkpt lat="-38.451789524406195" lon="144.93374657817185">
        <ele>73.6</ele>
        <time>2024-01-20T10:50:33.722Z</time>
      </trkpt>
      <trkpt lat="-38.45195674337447" lon="144.93382872082293">
        <ele>73.6</ele>
        <time>2024-01-20T10:50:57.554Z</time>
      </trkpt>
      <trkpt lat="-38.452117340639234" lon="144.9339340813458">
        <ele>73.6</ele>
        <time>2024-01-20T10:51:21.396Z</time>
      </trkpt>
      <trkpt lat="-38.45220417715609" lon="144.93402100168169">
        <ele>73.6</ele>
        <time>2024-01-20T10:51:45.245Z</time>
      </trkpt>
      <trkpt lat="-38.45250450074673" lon="144.93445677682757">
        <ele>73.6</ele>
        <time>2024-01-20T10:52:09.119Z</time>
      </trkpt>
      <trkpt lat="-38.45261178910732" lon="144.93471183814108">
        <ele>73.6</ele>
        <time>2024-01-20T10:52:33.006Z</time>
      </trkpt>
      <trkpt lat="-38.45282913185656" lon="144.93501165881753">
        <ele>72.8</ele>
        <time>2024-01-20T10:52:56.910Z</time>
      </trkpt>
      <trkpt lat="-38.45287464559078" lon="144.93510385975242">
        <ele>72.8</ele>
        <time>2024-01-20T10:53:20.819Z</time>
      </trkpt>
      <trkpt lat="-38.45289367251098" lon="144.9351878464222">
        <ele>72.8</ele>
        <time>2024-01-20T10:53:44.732Z</time>
      </trkpt>
      <trkpt lat="-38.45289593562484" lon="144.9356939457357">
        <ele>73.6</ele>
        <time>2024-01-20T10:54:08.667Z</time>
      </trkpt>
      <trkpt lat="-38.45295402221382" lon="144.93582570925355">
        <ele>73.6</ele>
        <time>2024-01-20T10:54:32.609Z</time>
      </trkpt>
      <trkpt lat="-38.45305049791932" lon="144.93594431318343">
        <ele>73.6</ele>
        <time>2024-01-20T10:54:56.558Z</time>
      </trkpt>
      <trkpt lat="-38.45310120843351" lon="144.93605964817107">
        <ele>73.6</ele>
        <time>2024-01-20T10:55:20.513Z</time>
      </trkpt>
      <trkpt lat="-38.45313875935972" lon="144.93609661236405">
        <ele>73.6</ele>
        <time>2024-01-20T10:55:44.471Z</time>
      </trkpt>
      <trkpt lat="-38.45324051566422" lon="144.9361194949597">
        <ele>73.6</ele>
        <time>2024-01-20T10:56:08.434Z</time>
      </trkpt>
      <trkpt lat="-38.453315533697605" lon="144.93611010722816">
        <ele>73.6</ele>
        <time>2024-01-20T10:56:32.402Z</time>
      </trkpt>
      <trkpt lat="-38.453421564772725" lon="144.93605193682015">
        <ele>73.6</ele>
        <time>2024-01-20T10:56:56.376Z</time>
      </trkpt>
      <trkpt lat="-38.4534986782819" lon="144.9359838757664">
        <ele>73.6</ele>
        <time>2024-01-20T10:57:20.355Z</time>
      </trkpt>
      <trkpt lat="-38.45370286144316" lon="144.93588647805154">
        <ele>70.6</ele>
        <time>2024-01-20T10:57:44.346Z</time>
      </trkpt>
      <trkpt lat="-38.45387955196202" lon="144.9359476659447">
        <ele>70.6</ele>
        <time>2024-01-20T10:58:08.348Z</time>
      </trkpt>
      <trkpt lat="-38.45401290804148" lon="144.93595311418176">
        <ele>70.6</ele>
        <time>2024-01-20T10:58:32.357Z</time>
      </trkpt>
      <trkpt lat="-38.454280626028776" lon="144.93606995791197">
        <ele>70.6</ele>
        <time>2024-01-20T10:58:56.382Z</time>
      </trkpt>
      <trkpt lat="-38.45440585166216" lon="144.9360583908856">
        <ele>70.6</ele>
        <time>2024-01-20T10:59:20.414Z</time>
      </trkpt>
      <trkpt lat="-38.454623110592365" lon="144.93608755990863">
        <ele>70.6</ele>
        <time>2024-01-20T10:59:44.458Z</time>
      </trkpt>
      <trkpt lat="-38.45473752357066" lon="144.9360552057624">
        <ele>69.0</ele>
        <time>2024-01-20T11:00:08.508Z</time>
      </trkpt>
      <trkpt lat="-38.45486962236464" lon="144.93606761097908">
        <ele>69.0</ele>
        <time>2024-01-20T11:00:32.566Z</time>
      </trkpt>
      <trkpt lat="-38.45531755127013" lon="144.93590072728693">
        <ele>69.0</ele>
        <time>2024-01-20T11:00:56.650Z</time>
      </trkpt>
      <trkpt lat="-38.45541478134692" lon="144.935885053128">
        <ele>69.0</ele>
        <time>2024-01-20T11:01:20.739Z</time>
      </trkpt>
      <trkpt lat="-38.455513855442405" lon="144.9358390364796">
        <ele>69.0</ele>
        <time>2024-01-20T11:01:44.834Z</time>
      </trkpt>
      <trkpt lat="-38.455665819346905" lon="144.93583442643285">
        <ele>69.0</ele>
        <time>2024-01-20T11:02:08.938Z</time>
      </trkpt>
      <trkpt lat="-38.45570647157729" lon="144.93581783026457">
        <ele>69.0</ele>
        <time>2024-01-20T11:02:33.044Z</time>
      </trkpt>
      <trkpt lat="-38.45578811131418" lon="144.9357325863093">
        <ele>69.0</ele>
        <time>2024-01-20T11:02:57.156Z</time>
      </trkpt>
      <trkpt lat="-38.455893974751234" lon="144.93571238592267">
        <ele>69.0</ele>
        <time>2024-01-20T11:03:21.274Z</time>
      </trkpt>
      <trkpt lat="-38.45636545680463" lon="144.93585580028594">
        <ele>69.0</ele>
        <time>2024-01-20T11:03:45.419Z</time>
      </trkpt>
      <trkpt lat="-38.45677583478391" lon="144.93584943003953">
        <ele>69.0</ele>
        <time>2024-01-20T11:04:09.587Z</time>
      </trkpt>
      <trkpt lat="-38.45686996355653" lon="144.93587776087224">
        <ele>69.0</ele>
        <time>2024-01-20T11:04:33.760Z</time>
      </trkpt>
      <trkpt lat="-38.45696442760527" lon="144.93587784469128">
        <ele>69.0</ele>
        <time>2024-01-20T11:04:57.938Z</time>
      </trkpt>
      <trkpt lat="-38.457112116739154" lon="144.93593249469995">
        <ele>69.0</ele>
        <time>2024-01-20T11:05:22.125Z</time>
      </trkpt>
      <trkpt lat="-38.45716777257621" lon="144.9359859712422">
        <ele>69.0</ele>
        <time>2024-01-20T11:05:46.316Z</time>
      </trkpt>
      <trkpt lat="-38.457399783656" lon="144.93607884272933">
        <ele>69.0</ele>
        <time>2024-01-20T11:06:10.520Z</time>
      </trkpt>
      <trkpt lat="-38.457558788359165" lon="144.93620499037206">
        <ele>69.0</ele>
        <time>2024-01-20T11:06:34.735Z</time>
      </trkpt>
      <trkpt lat="-38.45778392627835" lon="144.93632812052965">
        <ele>69.0</ele>
        <time>2024-01-20T11:06:58.963Z</time>
      </trkpt>
      <trkpt lat="-38.458026414737105" lon="144.93637816049159">
        <ele>69.0</ele>
        <time>2024-01-20T11:07:23.205Z</time>
      </trkpt>
      <trkpt lat="-38.45831005834043" lon="144.9362898990512">
        <ele>69.0</ele>
        <time>2024-01-20T11:07:47.463Z</time>
      </trkpt>
      <trkpt lat="-38.45839253626764" lon="144.93622125126421">
        <ele>69.0</ele>
        <time>2024-01-20T11:08:11.727Z</time>
      </trkpt>
      <trkpt lat="-38.45844391733408" lon="144.93622644804418">
        <ele>52.2</ele>
        <time>2024-01-20T11:08:35.994Z</time>
      </trkpt>
      <trkpt lat="-38.458571238443255" lon="144.93620205670595">
        <ele>52.2</ele>
        <time>2024-01-20T11:09:00.268Z</time>
      </trkpt>
      <trkpt lat="-38.458837531507015" lon="144.93606048636138">
        <ele>50.8</ele>
        <time>2024-01-20T11:09:24.558Z</time>
      </trkpt>
      <trkpt lat="-38.458988573402166" lon="144.93605017662048">
        <ele>50.8</ele>
        <time>2024-01-20T11:09:48.856Z</time>
      </trkpt>
      <trkpt lat="-38.45921438187361" lon="144.93594154715538">
        <ele>50.8</ele>
        <time>2024-01-20T11:10:13.168Z</time>
      </trkpt>
      <trkpt lat="-38.45935855060816" lon="144.9358020722866">
        <ele>50.8</ele>
        <time>2024-01-20T11:10:37.490Z</time>
      </trkpt>
      <trkpt lat="-38.45947690308094" lon="144.9357154034078">
        <ele>50.8</ele>
        <time>2024-01-20T11:11:01.819Z</time>
      </trkpt>
      <trkpt lat="-38.459650576114655" lon="144.93548003956676">
        <ele>50.8</ele>
        <time>2024-01-20T11:11:26.163Z</time>
      </trkpt>
      <trkpt lat="-38.45989482477307" lon="144.9352880101651">
        <ele>50.8</ele>
        <time>2024-01-20T11:11:50.523Z</time>
      </trkpt>
      <trkpt lat="-38.46001191996038" lon="144.93513487279415">
        <ele>50.8</ele>
        <time>2024-01-20T11:12:14.892Z</time>
      </trkpt>
      <trkpt lat="-38.46005450002849" lon="144.935049880296">
        <ele>56.0</ele>
        <time>2024-01-20T11:12:39.265Z</time>
      </trkpt>
      <trkpt lat="-38.46009221859276" lon="144.9348974134773">
        <ele>56.0</ele>
        <time>2024-01-20T11:13:03.645Z</time>
      </trkpt>
      <trkpt lat="-38.46015667542815" lon="144.93484024889767">
        <ele>56.8</ele>
        <time>2024-01-20T11:13:28.030Z</time>
      </trkpt>
      <trkpt lat="-38.46027972176671" lon="144.93454227223992">
        <ele>56.8</ele>
        <time>2024-01-20T11:13:52.429Z</time>
      </trkpt>
      <trkpt lat="-38.460311237722635" lon="144.9343876261264">
        <ele>56.8</ele>
        <time>2024-01-20T11:14:16.835Z</time>
      </trkpt>
      <trkpt lat="-38.46036219969392" lon="144.93430875241756">
        <ele>56.8</ele>
        <time>2024-01-20T11:14:41.246Z</time>
      </trkpt>
      <trkpt lat="-38.46038877032697" lon="144.9342877138406">
        <ele>56.8</ele>
        <time>2024-01-20T11:15:05.659Z</time>
      </trkpt>
      <trkpt lat="-38.46046932041645" lon="144.93429056368768">
        <ele>56.8</ele>
        <time>2024-01-20T11:15:30.076Z</time>
      </trkpt>
      <trkpt lat="-38.460496393963695" lon="144.93432425893843">
        <ele>56.8</ele>
        <time>2024-01-20T11:15:54.495Z</time>
      </trkpt>
      <trkpt lat="-38.46050938591361" lon="144.9343955051154">
        <ele>56.8</ele>
        <time>2024-01-20T11:16:18.917Z</time>
      </trkpt>
      <trkpt lat="-38.460550121963024" lon="144.93440539576113">
        <ele>56.8</ele>
        <time>2024-01-20T11:16:43.342Z</time>
      </trkpt>
      <trkpt lat="-38.46057250164449" lon="144.93439516983926">
        <ele>56.8</ele>
        <time>2024-01-20T11:17:07.768Z</time>
      </trkpt>
      <trkpt lat="-38.46080501563847" lon="144.93422711268067">
        <ele>56.8</ele>
        <time>2024-01-20T11:17:32.209Z</time>
      </trkpt>
      <trkpt lat="-38.46092856489122" lon="144.93410104885697">
        <ele>56.8</ele>
        <time>2024-01-20T11:17:56.659Z</time>
      </trkpt>
      <trkpt lat="-38.46104892902076" lon="144.93405050598085">
        <ele>56.8</ele>
        <time>2024-01-20T11:18:21.116Z</time>
      </trkpt>
      <trkpt lat="-38.461219081655145" lon="144.93384456261992">
        <ele>56.8</ele>
        <time>2024-01-20T11:18:45.586Z</time>
      </trkpt>
      <trkpt lat="-38.461275743320584" lon="144.93380818516016">
        <ele>56.8</ele>
        <time>2024-01-20T11:19:10.059Z</time>
      </trkpt>
      <trkpt lat="-38.4614975284785" lon="144.93377239443362">
        <ele>56.8</ele>
        <time>2024-01-20T11:19:34.545Z</time>
      </trkpt>
      <trkpt lat="-38.461697436869144" lon="144.93363476358354">
        <ele>56.8</ele>
        <time>2024-01-20T11:19:59.044Z</time>
      </trkpt>
      <trkpt lat="-38.46189416013658" lon="144.93338657543063">
        <ele>56.8</ele>
        <time>2024-01-20T11:20:23.558Z</time>
      </trkpt>
      <trkpt lat="-38.46198585815728" lon="144.9330611899495">
        <ele>56.8</ele>
        <time>2024-01-20T11:20:48.087Z</time>
      </trkpt>
      <trkpt lat="-38.46197563223541" lon="144.9328938871622">
        <ele>56.8</ele>
        <time>2024-01-20T11:21:12.623Z</time>
      </trkpt>
      <trkpt lat="-38.46199658699334" lon="144.93280621245503">
        <ele>56.8</ele>
        <time>2024-01-20T11:21:37.163Z</time>
      </trkpt>
      <trkpt lat="-38.46227042376995" lon="144.9323816690594">
        <ele>56.8</ele>
        <time>2024-01-20T11:22:01.727Z</time>
      </trkpt>
      <trkpt lat="-38.462364971637726" lon="144.93235979229212">
        <ele>60.6</ele>
        <time>2024-01-20T11:22:26.297Z</time>
      </trkpt>
      <trkpt lat="-38.46252431161702" lon="144.93225661106408">
        <ele>60.6</ele>
        <time>2024-01-20T11:22:50.877Z</time>
      </trkpt>
      <trkpt lat="-38.46272824332118" lon="144.93218444287777">
        <ele>60.6</ele>
        <time>2024-01-20T11:23:15.469Z</time>
      </trkpt>
      <trkpt lat="-38.46279362216592" lon="144.93212434463203">
        <ele>60.6</ele>
        <time>2024-01-20T11:23:40.065Z</time>
      </trkpt>
      <trkpt lat="-38.462998727336526" lon="144.93212233297527">
        <ele>60.6</ele>
        <time>2024-01-20T11:24:04.672Z</time>
      </trkpt>
      <trkpt lat="-38.46315815113485" lon="144.93207346647978">
        <ele>60.6</ele>
        <time>2024-01-20T11:24:29.289Z</time>
      </trkpt>
      <trkpt lat="-38.46325781196356" lon="144.93199937045574">
        <ele>60.6</ele>
        <time>2024-01-20T11:24:53.912Z</time>
      </trkpt>
      <trkpt lat="-38.463295781984925" lon="144.9319913238287">
        <ele>60.6</ele>
        <time>2024-01-20T11:25:18.537Z</time>
      </trkpt>
      <trkpt lat="-38.4633316565305" lon="144.93201948702335">
        <ele>60.6</ele>
        <time>2024-01-20T11:25:43.165Z</time>
      </trkpt>
      <trkpt lat="-38.463373482227325" lon="144.93202309124172">
        <ele>60.6</ele>
        <time>2024-01-20T11:26:07.795Z</time>
      </trkpt>
      <trkpt lat="-38.463419415056705" lon="144.9321089219302">
        <ele>60.6</ele>
        <time>2024-01-20T11:26:32.429Z</time>
      </trkpt>
      <trkpt lat="-38.46355880610645" lon="144.93214705958962">
        <ele>60.6</ele>
        <time>2024-01-20T11:26:57.071Z</time>
      </trkpt>
      <trkpt lat="-38.463672967627645" lon="144.93207254447043">
        <ele>60.6</ele>
        <time>2024-01-20T11:27:21.720Z</time>
      </trkpt>
      <trkpt lat="-38.46376424655318" lon="144.93208033964038">
        <ele>60.6</ele>
        <time>2024-01-20T11:27:46.375Z</time>
      </trkpt>
      <trkpt lat="-38.4638996142894" lon="144.93201110512018">
        <ele>60.6</ele>
        <time>2024-01-20T11:28:11.038Z</time>
      </trkpt>
      <trkpt lat="-38.46405350603163" lon="144.931978918612">
        <ele>60.6</ele>
        <time>2024-01-20T11:28:35.709Z</time>
      </trkpt>
      <trkpt lat="-38.464131793007255" lon="144.93192452006042">
        <ele>60.6</ele>
        <time>2024-01-20T11:29:00.385Z</time>
      </trkpt>
      <trkpt lat="-38.46417370252311" lon="144.9318610690534">
        <ele>60.6</ele>
        <time>2024-01-20T11:29:25.065Z</time>
      </trkpt>
      <trkpt lat="-38.46419499255717" lon="144.9318557884544">
        <ele>60.6</ele>
        <time>2024-01-20T11:29:49.746Z</time>
      </trkpt>
      <trkpt lat="-38.46427185460925" lon="144.93176970630884">
        <ele>60.6</ele>
        <time>2024-01-20T11:30:14.433Z</time>
      </trkpt>
      <trkpt lat="-38.46445022150874" lon="144.93166459724307">
        <ele>60.6</ele>
        <time>2024-01-20T11:30:39.131Z</time>
      </trkpt>
      <trkpt lat="-38.46454359591007" lon="144.93155831471086">
        <ele>60.6</ele>
        <time>2024-01-20T11:31:03.836Z</time>
      </trkpt>
      <trkpt lat="-38.46481944434345" lon="144.9314703885466">
        <ele>60.6</ele>
        <time>2024-01-20T11:31:28.557Z</time>
      </trkpt>
      <trkpt lat="-38.46497098915279" lon="144.9313800316304">
        <ele>82.4</ele>
        <time>2024-01-20T11:31:53.287Z</time>
      </trkpt>
      <trkpt lat="-38.46514340490103" lon="144.93122421205044">
        <ele>83.8</ele>
        <time>2024-01-20T11:32:18.029Z</time>
      </trkpt>
      <trkpt lat="-38.465169137343764" lon="144.93115162476897">
        <ele>83.8</ele>
        <time>2024-01-20T11:32:42.774Z</time>
      </trkpt>
      <trkpt lat="-38.46518833190203" lon="144.93104366585612">
        <ele>83.8</ele>
        <time>2024-01-20T11:33:07.524Z</time>
      </trkpt>
      <trkpt lat="-38.46515312790871" lon="144.93092112243176">
        <ele>83.8</ele>
        <time>2024-01-20T11:33:32.280Z</time>
      </trkpt>
      <trkpt lat="-38.46516595222056" lon="144.93080327287316">
        <ele>83.8</ele>
        <time>2024-01-20T11:33:57.041Z</time>
      </trkpt>
      <trkpt lat="-38.4651483502239" lon="144.93077100254595">
        <ele>83.8</ele>
        <time>2024-01-20T11:34:21.804Z</time>
      </trkpt>
      <trkpt lat="-38.465186739340425" lon="144.9305929709226">
        <ele>83.8</ele>
        <time>2024-01-20T11:34:46.575Z</time>
      </trkpt>
      <trkpt lat="-38.46517961472273" lon="144.93049976415932">
        <ele>83.8</ele>
        <time>2024-01-20T11:35:11.350Z</time>
      </trkpt>
      <trkpt lat="-38.465249771252275" lon="144.93036699481308">
        <ele>83.8</ele>
        <time>2024-01-20T11:35:36.132Z</time>
      </trkpt>
      <trkpt lat="-38.46533568575978" lon="144.93029608391225">
        <ele>80.0</ele>
        <time>2024-01-20T11:36:00.920Z</time>
      </trkpt>
      <trkpt lat="-38.46539285033941" lon="144.9302832596004">
        <ele>80.0</ele>
        <time>2024-01-20T11:36:25.711Z</time>
      </trkpt>
      <trkpt lat="-38.46542947925627" lon="144.93029876612127">
        <ele>80.0</ele>
        <time>2024-01-20T11:36:50.504Z</time>
      </trkpt>
      <trkpt lat="-38.46558605320752" lon="144.9304943997413">
        <ele>80.0</ele>
        <time>2024-01-20T11:37:15.309Z</time>
      </trkpt>
      <trkpt lat="-38.46563374623656" lon="144.9305152706802">
        <ele>80.0</ele>
        <time>2024-01-20T11:37:40.117Z</time>
      </trkpt>
      <trkpt lat="-38.46573784947395" lon="144.9306041188538">
        <ele>80.0</ele>
        <time>2024-01-20T11:38:04.932Z</time>
      </trkpt>
      <trkpt lat="-38.46582896076143" lon="144.93064862675965">
        <ele>80.0</ele>
        <time>2024-01-20T11:38:29.752Z</time>
      </trkpt>
      <trkpt lat="-38.46589400433004" lon="144.93065415881574">
        <ele>74.6</ele>
        <time>2024-01-20T11:38:54.576Z</time>
      </trkpt>
      <trkpt lat="-38.46591738983989" lon="144.93064049631357">
        <ele>74.6</ele>
        <time>2024-01-20T11:39:19.401Z</time>
      </trkpt>
      <trkpt lat="-38.46590934321284" lon="144.93065105751157">
        <ele>74.6</ele>
        <time>2024-01-20T11:39:44.227Z</time>
      </trkpt>
      <trkpt lat="-38.46624570898712" lon="144.93043765425682">
        <ele>74.6</ele>
        <time>2024-01-20T11:40:09.074Z</time>
      </trkpt>
      <trkpt lat="-38.46640077419579" lon="144.9303995165974">
        <ele>74.6</ele>
        <time>2024-01-20T11:40:33.930Z</time>
      </trkpt>
      <trkpt lat="-38.46654184162617" lon="144.93032625876367">
        <ele>74.6</ele>
        <time>2024-01-20T11:40:58.794Z</time>
      </trkpt>
      <trkpt lat="-38.46664954908192" lon="144.93031226098537">
        <ele>74.6</ele>
        <time>2024-01-20T11:41:23.664Z</time>
      </trkpt>
      <trkpt lat="-38.466775780543685" lon="144.93034184910357">
        <ele>74.6</ele>
        <time>2024-01-20T11:41:48.541Z</time>
      </trkpt>
      <trkpt lat="-38.46681224182248" lon="144.9303176254034">
        <ele>74.6</ele>
        <time>2024-01-20T11:42:13.421Z</time>
      </trkpt>
      <trkpt lat="-38.46683847717941" lon="144.93032835423946">
        <ele>74.6</ele>
        <time>2024-01-20T11:42:38.302Z</time>
      </trkpt>
      <trkpt lat="-38.466899832710624" lon="144.93026867508888">
        <ele>74.6</ele>
        <time>2024-01-20T11:43:03.188Z</time>
      </trkpt>
      <trkpt lat="-38.467012317851186" lon="144.93008092045784">
        <ele>74.6</ele>
        <time>2024-01-20T11:43:28.084Z</time>
      </trkpt>
      <trkpt lat="-38.46716000698507" lon="144.92991990409791">
        <ele>74.6</ele>
        <time>2024-01-20T11:43:52.991Z</time>
      </trkpt>
      <trkpt lat="-38.467452954500914" lon="144.92975109256804">
        <ele>74.6</ele>
        <time>2024-01-20T11:44:17.916Z</time>
      </trkpt>
      <trkpt lat="-38.467603828758" lon="144.92969359271228">
        <ele>74.6</ele>
        <time>2024-01-20T11:44:42.849Z</time>
      </trkpt>
      <trkpt lat="-38.46773131750524" lon="144.9296648427844">
        <ele>74.6</ele>
        <time>2024-01-20T11:45:07.790Z</time>
      </trkpt>
      <trkpt lat="-38.46789116039872" lon="144.9296836182475">
        <ele>74.6</ele>
        <time>2024-01-20T11:45:32.740Z</time>
      </trkpt>
      <trkpt lat="-38.46805879846215" lon="144.92973952554166">
        <ele>74.6</ele>
        <time>2024-01-20T11:45:57.699Z</time>
      </trkpt>
      <trkpt lat="-38.468191819265485" lon="144.9298484902829">
        <ele>75.6</ele>
        <time>2024-01-20T11:46:22.667Z</time>
      </trkpt>
      <trkpt lat="-38.4682531747967" lon="144.92986634373665">
        <ele>75.6</ele>
        <time>2024-01-20T11:46:47.639Z</time>
      </trkpt>
      <trkpt lat="-38.46838493831456" lon="144.92984756827354">
        <ele>75.6</ele>
        <time>2024-01-20T11:47:12.618Z</time>
      </trkpt>
      <trkpt lat="-38.46869112923741" lon="144.92973265238106">
        <ele>75.6</ele>
        <time>2024-01-20T11:47:37.615Z</time>
      </trkpt>
      <trkpt lat="-38.468793304637074" lon="144.9297285452485">
        <ele>75.6</ele>
        <time>2024-01-20T11:48:02.617Z</time>
      </trkpt>
      <trkpt lat="-38.468993967399" lon="144.92988847196102">
        <ele>75.6</ele>
        <time>2024-01-20T11:48:27.633Z</time>
      </trkpt>
      <trkpt lat="-38.46917225047946" lon="144.92999215610325">
        <ele>75.6</ele>
        <time>2024-01-20T11:48:52.659Z</time>
      </trkpt>
      <trkpt lat="-38.46927492879331" lon="144.93003783747554">
        <ele>75.6</ele>
        <time>2024-01-20T11:49:17.692Z</time>
      </trkpt>
      <trkpt lat="-38.469346007332206" lon="144.93003146722913">
        <ele>75.6</ele>
        <time>2024-01-20T11:49:42.728Z</time>
      </trkpt>
      <trkpt lat="-38.469443237408996" lon="144.92995619773865">
        <ele>75.6</ele>
        <time>2024-01-20T11:50:07.771Z</time>
      </trkpt>
      <trkpt lat="-38.46946896985173" lon="144.92987380363047">
        <ele>75.6</ele>
        <time>2024-01-20T11:50:32.818Z</time>
      </trkpt>
      <trkpt lat="-38.46957986243069" lon="144.9297042377293">
        <ele>75.6</ele>
        <time>2024-01-20T11:50:57.874Z</time>
      </trkpt>
      <trkpt lat="-38.46961347386241" lon="144.92958068847656">
        <ele>75.6</ele>
        <time>2024-01-20T11:51:22.936Z</time>
      </trkpt>
      <trkpt lat="-38.46968958154321" lon="144.92949762381613">
        <ele>89.4</ele>
        <time>2024-01-20T11:51:48.004Z</time>
      </trkpt>
      <trkpt lat="-38.46986350603402" lon="144.92942797020078">
        <ele>89.4</ele>
        <time>2024-01-20T11:52:13.082Z</time>
      </trkpt>
      <trkpt lat="-38.46995495259762" lon="144.92944163270295">
        <ele>89.4</ele>
        <time>2024-01-20T11:52:38.165Z</time>
      </trkpt>
      <trkpt lat="-38.470043800771236" lon="144.92951924912632">
        <ele>89.4</ele>
        <time>2024-01-20T11:53:03.254Z</time>
      </trkpt>
      <trkpt lat="-38.470069617033005" lon="144.92956954054534">
        <ele>89.4</ele>
        <time>2024-01-20T11:53:28.346Z</time>
      </trkpt>
      <trkpt lat="-38.470186963677406" lon="144.92963491939008">
        <ele>89.4</ele>
        <time>2024-01-20T11:53:53.445Z</time>
      </trkpt>
      <trkpt lat="-38.47023985348642" lon="144.92962318472564">
        <ele>89.4</ele>
        <time>2024-01-20T11:54:18.547Z</time>
      </trkpt>
      <trkpt lat="-38.4703856986016" lon="144.92941045202315">
        <ele>89.4</ele>
        <time>2024-01-20T11:54:43.661Z</time>
      </trkpt>
      <trkpt lat="-38.47063665278256" lon="144.92945454083383">
        <ele>89.4</ele>
        <time>2024-01-20T11:55:08.789Z</time>
      </trkpt>
      <trkpt lat="-38.47066909074783" lon="144.9295073468238">
        <ele>89.4</ele>
        <time>2024-01-20T11:55:33.920Z</time>
      </trkpt>
      <trkpt lat="-38.47067621536553" lon="144.9295551236719">
        <ele>89.4</ele>
        <time>2024-01-20T11:55:59.053Z</time>
      </trkpt>
      <trkpt lat="-38.47073748707771" lon="144.92963936179876">
        <ele>89.4</ele>
        <time>2024-01-20T11:56:24.191Z</time>
      </trkpt>
      <trkpt lat="-38.47080823034048" lon="144.92978847585618">
        <ele>89.4</ele>
        <time>2024-01-20T11:56:49.337Z</time>
      </trkpt>
      <trkpt lat="-38.470892049372196" lon="144.92989643476903">
        <ele>89.4</ele>
        <time>2024-01-20T11:57:14.489Z</time>
      </trkpt>
      <trkpt lat="-38.47103253006935" lon="144.92997472174466">
        <ele>92.0</ele>
        <time>2024-01-20T11:57:39.650Z</time>
      </trkpt>
      <trkpt lat="-38.471167646348476" lon="144.92995401844382">
        <ele>92.0</ele>
        <time>2024-01-20T11:58:04.819Z</time>
      </trkpt>
      <trkpt lat="-38.47130552865565" lon="144.92986793629825">
        <ele>92.0</ele>
        <time>2024-01-20T11:58:29.996Z</time>
      </trkpt>
      <trkpt lat="-38.47161985002458" lon="144.929764168337">
        <ele>92.2</ele>
        <time>2024-01-20T11:58:55.191Z</time>
      </trkpt>
      <trkpt lat="-38.471689000725746" lon="144.929708680138">
        <ele>92.2</ele>
        <time>2024-01-20T11:59:20.391Z</time>
      </trkpt>
      <trkpt lat="-38.47173451445997" lon="144.92969552055">
        <ele>92.2</ele>
        <time>2024-01-20T11:59:45.593Z</time>
      </trkpt>
      <trkpt lat="-38.47175806760788" lon="144.92965411394835">
        <ele>92.2</ele>
        <time>2024-01-20T12:00:10.798Z</time>
      </trkpt>
      <trkpt lat="-38.471845323219895" lon="144.9296254478395">
        <ele>92.2</ele>
        <time>2024-01-20T12:00:36.008Z</time>
      </trkpt>
      <trkpt lat="-38.47190324217081" lon="144.92957213893533">
        <ele>92.2</ele>
        <time>2024-01-20T12:01:01.222Z</time>
      </trkpt>
      <trkpt lat="-38.471925454214215" lon="144.92957348003983">
        <ele>92.2</ele>
        <time>2024-01-20T12:01:26.437Z</time>
      </trkpt>
      <trkpt lat="-38.472095942124724" lon="144.9294824525714">
        <ele>92.2</ele>
        <time>2024-01-20T12:01:51.662Z</time>
      </trkpt>
      <trkpt lat="-38.47226332873106" lon="144.92932713590562">
        <ele>92.2</ele>
        <time>2024-01-20T12:02:16.899Z</time>
      </trkpt>
      <trkpt lat="-38.47242635674775" lon="144.92921431548893">
        <ele>92.2</ele>
        <time>2024-01-20T12:02:42.146Z</time>
      </trkpt>
      <trkpt lat="-38.472722908481956" lon="144.92907115258276">
        <ele>92.2</ele>
        <time>2024-01-20T12:03:07.411Z</time>
      </trkpt>
      <trkpt lat="-38.47298752516508" lon="144.92899848148227">
        <ele>92.2</ele>
        <time>2024-01-20T12:03:32.691Z</time>
      </trkpt>
      <trkpt lat="-38.47306405194104" lon="144.92890703491867">
        <ele>92.2</ele>
        <time>2024-01-20T12:03:57.977Z</time>
      </trkpt>
      <trkpt lat="-38.47304561175406" lon="144.92874744348228">
        <ele>92.2</ele>
        <time>2024-01-20T12:04:23.270Z</time>
      </trkpt>
      <trkpt lat="-38.4730642195791" lon="144.9287152569741">
        <ele>92.2</ele>
        <time>2024-01-20T12:04:48.564Z</time>
      </trkpt>
      <trkpt lat="-38.47306966781616" lon="144.928617188707">
        <ele>92.2</ele>
        <time>2024-01-20T12:05:13.863Z</time>
      </trkpt>
      <trkpt lat="-38.47311166115105" lon="144.92856044322252">
        <ele>92.2</ele>
        <time>2024-01-20T12:05:39.165Z</time>
      </trkpt>
      <trkpt lat="-38.47313538193703" lon="144.92846933193505">
        <ele>92.2</ele>
        <time>2024-01-20T12:06:04.471Z</time>
      </trkpt>
      <trkpt lat="-38.4731265809387" lon="144.9284512270242">
        <ele>92.2</ele>
        <time>2024-01-20T12:06:29.778Z</time>
      </trkpt>
      <trkpt lat="-38.47313177771866" lon="144.928461285308">
        <ele>92.2</ele>
        <time>2024-01-20T12:06:55.086Z</time>
      </trkpt>
      <trkpt lat="-38.473164634779096" lon="144.92834636941552">
        <ele>92.2</ele>
        <time>2024-01-20T12:07:20.399Z</time>
      </trkpt>
      <trkpt lat="-38.47313219681382" lon="144.92820295505226">
        <ele>92.2</ele>
        <time>2024-01-20T12:07:45.719Z</time>
      </trkpt>
      <trkpt lat="-38.47314728423953" lon="144.92816364392638">
        <ele>92.2</ele>
        <time>2024-01-20T12:08:11.041Z</time>
      </trkpt>
      <trkpt lat="-38.47314636223018" lon="144.92802886292338">
        <ele>92.2</ele>
        <time>2024-01-20T12:08:36.368Z</time>
      </trkpt>
      <trkpt lat="-38.4734009206295" lon="144.927671039477">
        <ele>101.4</ele>
        <time>2024-01-20T12:09:01.717Z</time>
      </trkpt>
      <trkpt lat="-38.47350116819143" lon="144.92758898064494">
        <ele>101.4</ele>
        <time>2024-01-20T12:09:27.072Z</time>
      </trkpt>
      <trkpt lat="-38.47354500554502" lon="144.92758923210204">
        <ele>101.4</ele>
        <time>2024-01-20T12:09:52.430Z</time>
      </trkpt>
      <trkpt lat="-38.47360753454268" lon="144.92754749022424">
        <ele>101.4</ele>
        <time>2024-01-20T12:10:17.792Z</time>
      </trkpt>
      <trkpt lat="-38.47363913431764" lon="144.9274818599224">
        <ele>101.4</ele>
        <time>2024-01-20T12:10:43.157Z</time>
      </trkpt>
      <trkpt lat="-38.47364516928792" lon="144.92750734090805">
        <ele>101.4</ele>
        <time>2024-01-20T12:11:08.523Z</time>
      </trkpt>
      <trkpt lat="-38.47362505272031" lon="144.92750306613743">
        <ele>101.4</ele>
        <time>2024-01-20T12:11:33.890Z</time>
      </trkpt>
      <trkpt lat="-38.4736443310976" lon="144.92742720991373">
        <ele>97.0</ele>
        <time>2024-01-20T12:11:59.261Z</time>
      </trkpt>
      <trkpt lat="-38.47366553731263" lon="144.92743173614144">
        <ele>97.0</ele>
        <time>2024-01-20T12:12:24.633Z</time>
      </trkpt>
      <trkpt lat="-38.47364843823016" lon="144.92745034396648">
        <ele>97.0</ele>
        <time>2024-01-20T12:12:50.006Z</time>
      </trkpt>
      <trkpt lat="-38.47368339076638" lon="144.92738286964595">
        <ele>97.0</ele>
        <time>2024-01-20T12:13:15.383Z</time>
      </trkpt>
      <trkpt lat="-38.473688419908285" lon="144.92739879526198">
        <ele>97.0</ele>
        <time>2024-01-20T12:13:40.760Z</time>
      </trkpt>
      <trkpt lat="-38.47369705326855" lon="144.9273314885795">
        <ele>97.0</ele>
        <time>2024-01-20T12:14:06.140Z</time>
      </trkpt>
      <trkpt lat="-38.47371440380812" lon="144.92732419632375">
        <ele>97.0</ele>
        <time>2024-01-20T12:14:31.521Z</time>
      </trkpt>
      <trkpt lat="-38.473705938085914" lon="144.92733609862626">
        <ele>97.0</ele>
        <time>2024-01-20T12:14:56.903Z</time>
      </trkpt>
      <trkpt lat="-38.473704596981406" lon="144.92730575613678">
        <ele>96.6</ele>
        <time>2024-01-20T12:15:22.287Z</time>
      </trkpt>
      <trkpt lat="-38.47366671077907" lon="144.92730516940355">
        <ele>96.6</ele>
        <time>2024-01-20T12:15:47.673Z</time>
      </trkpt>
      <trkpt lat="-38.473670817911625" lon="144.92733760736883">
        <ele>95.4</ele>
        <time>2024-01-20T12:16:13.060Z</time>
      </trkpt>
      <trkpt lat="-38.47365899942815" lon="144.92733635008335">
        <ele>95.4</ele>
        <time>2024-01-20T12:16:38.448Z</time>
      </trkpt>
      <trkpt lat="-38.473662938922644" lon="144.92731606587768">
        <ele>95.4</ele>
        <time>2024-01-20T12:17:03.837Z</time>
      </trkpt>
      <trkpt lat="-38.47369051538408" lon="144.92731807753444">
        <ele>95.4</ele>
        <time>2024-01-20T12:17:29.227Z</time>
      </trkpt>
      <trkpt lat="-38.47374910488725" lon="144.9272849690169">
        <ele>95.4</ele>
        <time>2024-01-20T12:17:54.621Z</time>
      </trkpt>
      <trkpt lat="-38.473899560049176" lon="144.92728974670172">
        <ele>95.4</ele>
        <time>2024-01-20T12:18:20.023Z</time>
      </trkpt>
      <trkpt lat="-38.4739104565233" lon="144.92727692238986">
        <ele>95.4</ele>
        <time>2024-01-20T12:18:45.426Z</time>
      </trkpt>
      <trkpt lat="-38.4740967862308" lon="144.9272537883371">
        <ele>95.4</ele>
        <time>2024-01-20T12:19:10.839Z</time>
      </trkpt>
      <trkpt lat="-38.474099384620786" lon="144.927240293473">
        <ele>95.4</ele>
        <time>2024-01-20T12:19:36.253Z</time>
      </trkpt>
      <trkpt lat="-38.47443290054798" lon="144.92728320881724">
        <ele>95.4</ele>
        <time>2024-01-20T12:20:01.686Z</time>
      </trkpt>
      <trkpt lat="-38.474532729014754" lon="144.92734146304429">
        <ele>95.4</ele>
        <time>2024-01-20T12:20:27.125Z</time>
      </trkpt>
      <trkpt lat="-38.47466197796166" lon="144.92748135700822">
        <ele>95.4</ele>
        <time>2024-01-20T12:20:52.573Z</time>
      </trkpt>
      <trkpt lat="-38.47471578978002" lon="144.92751069366932">
        <ele>95.4</ele>
        <time>2024-01-20T12:21:18.024Z</time>
      </trkpt>
      <trkpt lat="-38.47480555996299" lon="144.92750784382224">
        <ele>95.4</ele>
        <time>2024-01-20T12:21:43.480Z</time>
      </trkpt>
      <trkpt lat="-38.474949058145285" lon="144.92745847441256">
        <ele>95.4</ele>
        <time>2024-01-20T12:22:08.945Z</time>
      </trkpt>
      <trkpt lat="-38.47504964098334" lon="144.9274630844593">
        <ele>95.4</ele>
        <time>2024-01-20T12:22:34.415Z</time>
      </trkpt>
      <trkpt lat="-38.47549153491855" lon="144.9275978654623">
        <ele>95.4</ele>
        <time>2024-01-20T12:22:59.911Z</time>
      </trkpt>
      <trkpt lat="-38.475554985925555" lon="144.9276522640139">
        <ele>95.4</ele>
        <time>2024-01-20T12:23:25.411Z</time>
      </trkpt>
      <trkpt lat="-38.47583871334791" lon="144.92781210690737">
        <ele>95.4</ele>
        <time>2024-01-20T12:23:50.928Z</time>
      </trkpt>
      <trkpt lat="-38.47615923732519" lon="144.9278706125915">
        <ele>95.4</ele>
        <time>2024-01-20T12:24:16.463Z</time>
      </trkpt>
      <trkpt lat="-38.47624875605106" lon="144.92783716879785">
        <ele>95.4</ele>
        <time>2024-01-20T12:24:42.003Z</time>
      </trkpt>
      <trkpt lat="-38.476608507335186" lon="144.9275962729007">
        <ele>95.4</ele>
        <time>2024-01-20T12:25:07.566Z</time>
      </trkpt>
      <trkpt lat="-38.4766732994467" lon="144.92757095955312">
        <ele>95.4</ele>
        <time>2024-01-20T12:25:33.133Z</time>
      </trkpt>
      <trkpt lat="-38.47682576626539" lon="144.92744514718652">
        <ele>95.4</ele>
        <time>2024-01-20T12:25:58.710Z</time>
      </trkpt>
      <trkpt lat="-38.476896090433" lon="144.92741648107767">
        <ele>81.8</ele>
        <time>2024-01-20T12:26:24.291Z</time>
      </trkpt>
      <trkpt lat="-38.47698242403567" lon="144.92735353298485">
        <ele>81.8</ele>
        <time>2024-01-20T12:26:49.878Z</time>
      </trkpt>
      <trkpt lat="-38.47704956308007" lon="144.92734875530005">
        <ele>81.8</ele>
        <time>2024-01-20T12:27:15.468Z</time>
      </trkpt>
      <trkpt lat="-38.47727897576988" lon="144.9274236895144">
        <ele>81.8</ele>
        <time>2024-01-20T12:27:41.071Z</time>
      </trkpt>
      <trkpt lat="-38.47751903347671" lon="144.9276430439204">
        <ele>81.8</ele>
        <time>2024-01-20T12:28:06.691Z</time>
      </trkpt>
      <trkpt lat="-38.47761240787804" lon="144.92785560898483">
        <ele>81.8</ele>
        <time>2024-01-20T12:28:32.322Z</time>
      </trkpt>
      <trkpt lat="-38.47766865044832" lon="144.92805970832705">
        <ele>81.8</ele>
        <time>2024-01-20T12:28:57.962Z</time>
      </trkpt>
      <trkpt lat="-38.47771693021059" lon="144.9281406775117">
        <ele>81.8</ele>
        <time>2024-01-20T12:29:23.607Z</time>
      </trkpt>
      <trkpt lat="-38.47777099348605" lon="144.9281541723758">
        <ele>81.8</ele>
        <time>2024-01-20T12:29:49.255Z</time>
      </trkpt>
      <trkpt lat="-38.4779341891408" lon="144.9281390849501">
        <ele>81.8</ele>
        <time>2024-01-20T12:30:14.912Z</time>
      </trkpt>
      <trkpt lat="-38.478050949051976" lon="144.92819826118648">
        <ele>81.8</ele>
        <time>2024-01-20T12:30:40.576Z</time>
      </trkpt>
      <trkpt lat="-38.47820643335581" lon="144.92816389538348">
        <ele>81.8</ele>
        <time>2024-01-20T12:31:06.248Z</time>
      </trkpt>
      <trkpt lat="-38.478495525196195" lon="144.92787354625762">
        <ele>81.8</ele>
        <time>2024-01-20T12:31:31.941Z</time>
      </trkpt>
      <trkpt lat="-38.47856710664928" lon="144.9278259370476">
        <ele>81.8</ele>
        <time>2024-01-20T12:31:57.638Z</time>
      </trkpt>
      <trkpt lat="-38.478674395009875" lon="144.92768093012273">
        <ele>81.8</ele>
        <time>2024-01-20T12:32:23.344Z</time>
      </trkpt>
      <trkpt lat="-38.47880314104259" lon="144.92755101062357">
        <ele>81.8</ele>
        <time>2024-01-20T12:32:49.059Z</time>
      </trkpt>
      <trkpt lat="-38.47888411022723" lon="144.92752460762858">
        <ele>81.8</ele>
        <time>2024-01-20T12:33:14.779Z</time>
      </trkpt>
      <trkpt lat="-38.4789960924536" lon="144.92751999758184">
        <ele>81.8</ele>
        <time>2024-01-20T12:33:40.505Z</time>
      </trkpt>
      <trkpt lat="-38.47913690842688" lon="144.92749099619687">
        <ele>81.8</ele>
        <time>2024-01-20T12:34:06.239Z</time>
      </trkpt>
      <trkpt lat="-38.47942616790533" lon="144.9272785987705">
        <ele>81.8</ele>
        <time>2024-01-20T12:34:31.992Z</time>
      </trkpt>
      <trkpt lat="-38.47947394475341" lon="144.92726502008736">
        <ele>81.8</ele>
        <time>2024-01-20T12:34:57.747Z</time>
      </trkpt>
      <trkpt lat="-38.47957603633404" lon="144.927161000669">
        <ele>81.8</ele>
        <time>2024-01-20T12:35:23.510Z</time>
      </trkpt>
      <trkpt lat="-38.47972573712468" lon="144.9270642735064">
        <ele>81.8</ele>
        <time>2024-01-20T12:35:49.282Z</time>
      </trkpt>
      <trkpt lat="-38.47982137463987" lon="144.9270214419812">
        <ele>81.8</ele>
        <time>2024-01-20T12:36:15.060Z</time>
      </trkpt>
      <trkpt lat="-38.47995640709996" lon="144.92699378170073">
        <ele>81.8</ele>
        <time>2024-01-20T12:36:40.845Z</time>
      </trkpt>
      <trkpt lat="-38.48014047369361" lon="144.92699042893946">
        <ele>81.8</ele>
        <time>2024-01-20T12:37:06.641Z</time>
      </trkpt>
      <trkpt lat="-38.48027114756405" lon="144.92696972563863">
        <ele>81.8</ele>
        <time>2024-01-20T12:37:32.444Z</time>
      </trkpt>
      <trkpt lat="-38.48036393523216" lon="144.9269260559231">
        <ele>82.6</ele>
        <time>2024-01-20T12:37:58.252Z</time>
      </trkpt>
      <trkpt lat="-38.480408443138" lon="144.92687718942761">
        <ele>82.6</ele>
        <time>2024-01-20T12:38:24.064Z</time>
      </trkpt>
      <trkpt lat="-38.48048706538975" lon="144.92684030905366">
        <ele>82.6</ele>
        <time>2024-01-20T12:38:49.880Z</time>
      </trkpt>
      <trkpt lat="-38.48060164600611" lon="144.92675464600325">
        <ele>82.6</ele>
        <time>2024-01-20T12:39:15.704Z</time>
      </trkpt>
      <trkpt lat="-38.48071840591729" lon="144.92670343257487">
        <ele>82.6</ele>
        <time>2024-01-20T12:39:41.535Z</time>
      </trkpt>
      <trkpt lat="-38.48079568706453" lon="144.9266295041889">
        <ele>82.6</ele>
        <time>2024-01-20T12:40:07.371Z</time>
      </trkpt>
      <trkpt lat="-38.48084572702646" lon="144.92660318501294">
        <ele>82.6</ele>
        <time>2024-01-20T12:40:33.210Z</time>
      </trkpt>
      <trkpt lat="-38.48099743947387" lon="144.92643806152046">
        <ele>82.6</ele>
        <time>2024-01-20T12:40:59.060Z</time>
      </trkpt>
      <trkpt lat="-38.481046222150326" lon="144.9264291767031">
        <ele>82.6</ele>
        <time>2024-01-20T12:41:24.913Z</time>
      </trkpt>
      <trkpt lat="-38.481106823310256" lon="144.92637813091278">
        <ele>82.6</ele>
        <time>2024-01-20T12:41:50.770Z</time>
      </trkpt>
      <trkpt lat="-38.48124101758003" lon="144.92630965076387">
        <ele>82.6</ele>
        <time>2024-01-20T12:42:16.635Z</time>
      </trkpt>
      <trkpt lat="-38.48129122518003" lon="144.92626581341028">
        <ele>82.6</ele>
        <time>2024-01-20T12:42:42.503Z</time>
      </trkpt>
      <trkpt lat="-38.48133196122944" lon="144.92625508457422">
        <ele>82.6</ele>
        <time>2024-01-20T12:43:08.374Z</time>
      </trkpt>
      <trkpt lat="-38.48144964314997" lon="144.92616112343967">
        <ele>82.6</ele>
        <time>2024-01-20T12:43:34.252Z</time>
      </trkpt>
      <trkpt lat="-38.481602780520916" lon="144.92607202380896">
        <ele>82.6</ele>
        <time>2024-01-20T12:44:00.140Z</time>
      </trkpt>
      <trkpt lat="-38.48174275830388" lon="144.92603204213083">
        <ele>82.6</ele>
        <time>2024-01-20T12:44:26.036Z</time>
      </trkpt>
      <trkpt lat="-38.48183554597199" lon="144.9259524140507">
        <ele>82.6</ele>
        <time>2024-01-20T12:44:51.938Z</time>
      </trkpt>
      <trkpt lat="-38.48196764476597" lon="144.92589307017624">
        <ele>82.6</ele>
        <time>2024-01-20T12:45:17.848Z</time>
      </trkpt>
      <trkpt lat="-38.48202715627849" lon="144.92583858780563">
        <ele>82.6</ele>
        <time>2024-01-20T12:45:43.762Z</time>
      </trkpt>
      <trkpt lat="-38.4821059461683" lon="144.92570020258427">
        <ele>82.6</ele>
        <time>2024-01-20T12:46:09.683Z</time>
      </trkpt>
      <trkpt lat="-38.48217316903174" lon="144.9254666827619">
        <ele>82.6</ele>
        <time>2024-01-20T12:46:35.615Z</time>
      </trkpt>
      <trkpt lat="-38.48217065446079" lon="144.92528487928212">
        <ele>82.6</ele>
        <time>2024-01-20T12:47:01.555Z</time>
      </trkpt>
      <trkpt lat="-38.48220434971154" lon="144.92517339996994">
        <ele>82.6</ele>
        <time>2024-01-20T12:47:27.500Z</time>
      </trkpt>
      <trkpt lat="-38.482355726882815" lon="144.92492546327412">
        <ele>82.6</ele>
        <time>2024-01-20T12:47:53.459Z</time>
      </trkpt>
      <trkpt lat="-38.48236612044275" lon="144.92466227151453">
        <ele>82.6</ele>
        <time>2024-01-20T12:48:19.430Z</time>
      </trkpt>
      <trkpt lat="-38.48252730444074" lon="144.92437158711255">
        <ele>82.6</ele>
        <time>2024-01-20T12:48:45.416Z</time>
      </trkpt>
      <trkpt lat="-38.48255882039666" lon="144.92412742227316">
        <ele>82.6</ele>
        <time>2024-01-20T12:49:11.413Z</time>
      </trkpt>
      <trkpt lat="-38.4826397895813" lon="144.92400177754462">
        <ele>82.6</ele>
        <time>2024-01-20T12:49:37.417Z</time>
      </trkpt>
      <trkpt lat="-38.4827122092247" lon="144.92384704761207">
        <ele>82.6</ele>
        <time>2024-01-20T12:50:03.429Z</time>
      </trkpt>
      <trkpt lat="-38.483021669089794" lon="144.92346173152328">
        <ele>75.6</ele>
        <time>2024-01-20T12:50:29.465Z</time>
      </trkpt>
      <trkpt lat="-38.48313574679196" lon="144.92338713258505">
        <ele>75.6</ele>
        <time>2024-01-20T12:50:55.508Z</time>
      </trkpt>
      <trkpt lat="-38.48324655555189" lon="144.92327246814966">
        <ele>75.6</ele>
        <time>2024-01-20T12:51:21.559Z</time>
      </trkpt>
      <trkpt lat="-38.483354514464736" lon="144.92321035824716">
        <ele>75.6</ele>
        <time>2024-01-20T12:51:47.617Z</time>
      </trkpt>
      <trkpt lat="-38.483448810875416" lon="144.92318873293698">
        <ele>75.6</ele>
        <time>2024-01-20T12:52:13.680Z</time>
      </trkpt>
      <trkpt lat="-38.48352022469044" lon="144.92312117479742">
        <ele>75.6</ele>
        <time>2024-01-20T12:52:39.748Z</time>
      </trkpt>
      <trkpt lat="-38.483646204695106" lon="144.92279671132565">
        <ele>75.6</ele>
        <time>2024-01-20T12:53:05.832Z</time>
      </trkpt>
      <trkpt lat="-38.48370471037924" lon="144.92272110655904">
        <ele>75.6</ele>
        <time>2024-01-20T12:53:31.921Z</time>
      </trkpt>
      <trkpt lat="-38.48380881361663" lon="144.9226346053183">
        <ele>72.8</ele>
        <time>2024-01-20T12:53:58.017Z</time>
      </trkpt>
      <trkpt lat="-38.48382658325136" lon="144.9225849006325">
        <ele>72.8</ele>
        <time>2024-01-20T12:54:24.115Z</time>
      </trkpt>
      <trkpt lat="-38.48393328487873" lon="144.92243964225054">
        <ele>72.8</ele>
        <time>2024-01-20T12:54:50.222Z</time>
      </trkpt>
      <trkpt lat="-38.48408751189709" lon="144.92217569611967">
        <ele>68.8</ele>
        <time>2024-01-20T12:55:16.343Z</time>
      </trkpt>
      <trkpt lat="-38.48411064594984" lon="144.92209875024855">
        <ele>68.8</ele>
        <time>2024-01-20T12:55:42.468Z</time>
      </trkpt>
      <trkpt lat="-38.48408684134483" lon="144.92199162952602">
        <ele>68.8</ele>
        <time>2024-01-20T12:56:08.598Z</time>
      </trkpt>
      <trkpt lat="-38.48418482579291" lon="144.921769592911">
        <ele>68.8</ele>
        <time>2024-01-20T12:56:34.739Z</time>
      </trkpt>
      <trkpt lat="-38.4842683095485" lon="144.9217104166746">
        <ele>68.8</ele>
        <time>2024-01-20T12:57:00.885Z</time>
      </trkpt>
      <trkpt lat="-38.48431332036853" lon="144.92169784381986">
        <ele>68.8</ele>
        <time>2024-01-20T12:57:27.034Z</time>
      </trkpt>
      <trkpt lat="-38.48440577276051" lon="144.9215697683394">
        <ele>68.8</ele>
        <time>2024-01-20T12:57:53.190Z</time>
      </trkpt>
      <trkpt lat="-38.48450509831309" lon="144.92151101119816">
        <ele>68.8</ele>
        <time>2024-01-20T12:58:19.352Z</time>
      </trkpt>
      <trkpt lat="-38.48455882631242" lon="144.9214558582753">
        <ele>68.8</ele>
        <time>2024-01-20T12:58:45.518Z</time>
      </trkpt>
      <trkpt lat="-38.484676256775856" lon="144.9214120209217">
        <ele>68.8</ele>
        <time>2024-01-20T12:59:11.691Z</time>
      </trkpt>
      <trkpt lat="-38.4848000574857" lon="144.92134261876345">
        <ele>68.8</ele>
        <time>2024-01-20T12:59:37.871Z</time>
      </trkpt>
      <trkpt lat="-38.48492754623294" lon="144.92132811807096">
        <ele>68.8</ele>
        <time>2024-01-20T13:00:04.059Z</time>
      </trkpt>
      <trkpt lat="-38.48499896004796" lon="144.9212893936783">
        <ele>68.8</ele>
        <time>2024-01-20T13:00:30.251Z</time>
      </trkpt>
      <trkpt lat="-38.48509811796248" lon="144.92109837010503">
        <ele>68.8</ele>
        <time>2024-01-20T13:00:56.453Z</time>
      </trkpt>
      <trkpt lat="-38.48529735580087" lon="144.9206204339862">
        <ele>68.8</ele>
        <time>2024-01-20T13:01:22.679Z</time>
      </trkpt>
      <trkpt lat="-38.48545351065695" lon="144.92049135267735">
        <ele>68.8</ele>
        <time>2024-01-20T13:01:48.915Z</time>
      </trkpt>
      <trkpt lat="-38.485523499548435" lon="144.92041155695915">
        <ele>68.8</ele>
        <time>2024-01-20T13:02:15.156Z</time>
      </trkpt>
      <trkpt lat="-38.48557605408132" lon="144.92038649506867">
        <ele>68.8</ele>
        <time>2024-01-20T13:02:41.400Z</time>
      </trkpt>
      <trkpt lat="-38.485708236694336" lon="144.92021097801626">
        <ele>68.8</ele>
        <time>2024-01-20T13:03:07.655Z</time>
      </trkpt>
      <trkpt lat="-38.48583941347897" lon="144.9201677273959">
        <ele>68.8</ele>
        <time>2024-01-20T13:03:33.918Z</time>
      </trkpt>
      <trkpt lat="-38.48594292998314" lon="144.9200815614313">
        <ele>68.8</ele>
        <time>2024-01-20T13:04:00.187Z</time>
      </trkpt>
      <trkpt lat="-38.48596983589232" lon="144.92001936770976">
        <ele>68.8</ele>
        <time>2024-01-20T13:04:26.460Z</time>
      </trkpt>
      <trkpt lat="-38.48609682172537" lon="144.91998475044966">
        <ele>68.8</ele>
        <time>2024-01-20T13:04:52.740Z</time>
      </trkpt>
      <trkpt lat="-38.4861399885267" lon="144.91994887590408">
        <ele>68.8</ele>
        <time>2024-01-20T13:05:19.023Z</time>
      </trkpt>
      <trkpt lat="-38.48624191246927" lon="144.9197718501091">
        <ele>68.8</ele>
        <time>2024-01-20T13:05:45.315Z</time>
      </trkpt>
      <trkpt lat="-38.48624601960182" lon="144.91973186843097">
        <ele>68.8</ele>
        <time>2024-01-20T13:06:11.609Z</time>
      </trkpt>
      <trkpt lat="-38.48637007176876" lon="144.91963354870677">
        <ele>55.4</ele>
        <time>2024-01-20T13:06:37.911Z</time>
      </trkpt>
      <trkpt lat="-38.48641189746559" lon="144.91952592507005">
        <ele>55.4</ele>
        <time>2024-01-20T13:07:04.218Z</time>
      </trkpt>
      <trkpt lat="-38.486506612971425" lon="144.91939198225737">
        <ele>55.4</ele>
        <time>2024-01-20T13:07:30.533Z</time>
      </trkpt>
      <trkpt lat="-38.48654827103019" lon="144.91925586014986">
        <ele>55.4</ele>
        <time>2024-01-20T13:07:56.855Z</time>
      </trkpt>
      <trkpt lat="-38.486878015100956" lon="144.91880726069212">
        <ele>55.4</ele>
        <time>2024-01-20T13:08:23.204Z</time>
      </trkpt>
      <trkpt lat="-38.48700977861881" lon="144.91848464123905">
        <ele>55.4</ele>
        <time>2024-01-20T13:08:49.568Z</time>
      </trkpt>
      <trkpt lat="-38.487105416134" lon="144.91832898929715">
        <ele>55.4</ele>
        <time>2024-01-20T13:09:15.941Z</time>
      </trkpt>
      <trkpt lat="-38.487242963165045" lon="144.91818733513355">
        <ele>55.4</ele>
        <time>2024-01-20T13:09:42.324Z</time>
      </trkpt>
      <trkpt lat="-38.487274227663875" lon="144.91817191243172">
        <ele>55.4</ele>
        <time>2024-01-20T13:10:08.709Z</time>
      </trkpt>
      <trkpt lat="-38.48730004392564" lon="144.91813813336194">
        <ele>55.4</ele>
        <time>2024-01-20T13:10:35.096Z</time>
      </trkpt>
      <trkpt lat="-38.487296691164374" lon="144.91811667568982">
        <ele>55.4</ele>
        <time>2024-01-20T13:11:01.484Z</time>
      </trkpt>
      <trkpt lat="-38.4873472340405" lon="144.9180632829666">
        <ele>55.4</ele>
        <time>2024-01-20T13:11:27.875Z</time>
      </trkpt>
      <trkpt lat="-38.48735368810594" lon="144.91797192022204">
        <ele>55.4</ele>
        <time>2024-01-20T13:11:54.270Z</time>
      </trkpt>
      <trkpt lat="-38.48742267116904" lon="144.91777134127915">
        <ele>55.4</ele>
        <time>2024-01-20T13:12:20.675Z</time>
      </trkpt>
      <trkpt lat="-38.48761076107621" lon="144.91743313148618">
        <ele>47.4</ele>
        <time>2024-01-20T13:12:47.098Z</time>
      </trkpt>
      <trkpt lat="-38.48765652626753" lon="144.91721863858402">
        <ele>47.4</ele>
        <time>2024-01-20T13:13:13.531Z</time>
      </trkpt>
      <trkpt lat="-38.487674966454506" lon="144.91695502772927">
        <ele>47.4</ele>
        <time>2024-01-20T13:13:39.976Z</time>
      </trkpt>
      <trkpt lat="-38.48777621984482" lon="144.91665679961443">
        <ele>47.4</ele>
        <time>2024-01-20T13:14:06.435Z</time>
      </trkpt>
      <trkpt lat="-38.487775130197406" lon="144.91644641384482">
        <ele>47.4</ele>
        <time>2024-01-20T13:14:32.903Z</time>
      </trkpt>
      <trkpt lat="-38.48779130727053" lon="144.91634423844516">
        <ele>50.0</ele>
        <time>2024-01-20T13:14:59.375Z</time>
      </trkpt>
      <trkpt lat="-38.48784528672695" lon="144.91614676080644">
        <ele>50.0</ele>
        <time>2024-01-20T13:15:25.857Z</time>
      </trkpt>
      <trkpt lat="-38.48797797225416" lon="144.91583487018943">
        <ele>50.0</ele>
        <time>2024-01-20T13:15:52.354Z</time>
      </trkpt>
      <trkpt lat="-38.488038992509246" lon="144.91562590934336">
        <ele>50.0</ele>
        <time>2024-01-20T13:16:18.861Z</time>
      </trkpt>
      <trkpt lat="-38.48804293200374" lon="144.9154481291771">
        <ele>50.0</ele>
        <time>2024-01-20T13:16:45.376Z</time>
      </trkpt>
      <trkpt lat="-38.48802071996033" lon="144.91533824242651">
        <ele>50.0</ele>
        <time>2024-01-20T13:17:11.896Z</time>
      </trkpt>
      <trkpt lat="-38.488057097420096" lon="144.91511377505958">
        <ele>50.0</ele>
        <time>2024-01-20T13:17:38.426Z</time>
      </trkpt>
      <trkpt lat="-38.488165475428104" lon="144.91477355360985">
        <ele>50.0</ele>
        <time>2024-01-20T13:18:04.972Z</time>
      </trkpt>
      <trkpt lat="-38.48821266554296" lon="144.91455939598382">
        <ele>50.0</ele>
        <time>2024-01-20T13:18:31.527Z</time>
      </trkpt>
      <trkpt lat="-38.48828977905214" lon="144.91440407931805">
        <ele>50.0</ele>
        <time>2024-01-20T13:18:58.091Z</time>
      </trkpt>
      <trkpt lat="-38.48831903189421" lon="144.91427097469568">
        <ele>50.0</ele>
        <time>2024-01-20T13:19:24.661Z</time>
      </trkpt>
      <trkpt lat="-38.488327749073505" lon="144.91408078931272">
        <ele>50.0</ele>
        <time>2024-01-20T13:19:51.239Z</time>
      </trkpt>
      <trkpt lat="-38.48834853619337" lon="144.91403334774077">
        <ele>50.0</ele>
        <time>2024-01-20T13:20:17.819Z</time>
      </trkpt>
      <trkpt lat="-38.488327246159315" lon="144.9138122331351">
        <ele>56.8</ele>
        <time>2024-01-20T13:20:44.409Z</time>
      </trkpt>
      <trkpt lat="-38.488391283899546" lon="144.91345348767936">
        <ele>56.8</ele>
        <time>2024-01-20T13:21:11.015Z</time>
      </trkpt>
      <trkpt lat="-38.4883903618902" lon="144.91336673498154">
        <ele>56.8</ele>
        <time>2024-01-20T13:21:37.625Z</time>
      </trkpt>
      <trkpt lat="-38.48836513236165" lon="144.91328040137887">
        <ele>56.8</ele>
        <time>2024-01-20T13:22:04.239Z</time>
      </trkpt>
      <trkpt lat="-38.488312074914575" lon="144.91314335726202">
        <ele>56.8</ele>
        <time>2024-01-20T13:22:30.860Z</time>
      </trkpt>
      <trkpt lat="-38.48820822313428" lon="144.91296507418156">
        <ele>56.8</ele>
        <time>2024-01-20T13:22:57.490Z</time>
      </trkpt>
      <trkpt lat="-38.48809741437435" lon="144.91293766535819">
        <ele>56.8</ele>
        <time>2024-01-20T13:23:24.127Z</time>
      </trkpt>
      <trkpt lat="-38.4879947360605" lon="144.91294026374817">
        <ele>56.8</ele>
        <time>2024-01-20T13:23:50.769Z</time>
      </trkpt>
      <trkpt lat="-38.487810334190726" lon="144.91291293874383">
        <ele>56.8</ele>
        <time>2024-01-20T13:24:17.422Z</time>
      </trkpt>
      <trkpt lat="-38.48770212382078" lon="144.91288242861629">
        <ele>56.8</ele>
        <time>2024-01-20T13:24:44.081Z</time>
      </trkpt>
      <trkpt lat="-38.48755644634366" lon="144.91289709694684">
        <ele>56.8</ele>
        <time>2024-01-20T13:25:10.748Z</time>
      </trkpt>
      <trkpt lat="-38.48739408887923" lon="144.91294043138623">
        <ele>56.8</ele>
        <time>2024-01-20T13:25:37.424Z</time>
      </trkpt>
      <trkpt lat="-38.487287973985076" lon="144.9129435326904">
        <ele>56.8</ele>
        <time>2024-01-20T13:26:04.106Z</time>
      </trkpt>
      <trkpt lat="-38.48711673170328" lon="144.91298938170075">
        <ele>56.8</ele>
        <time>2024-01-20T13:26:30.798Z</time>
      </trkpt>
      <trkpt lat="-38.487001145258546" lon="144.91308367811143">
        <ele>56.8</ele>
        <time>2024-01-20T13:26:57.498Z</time>
      </trkpt>
      <trkpt lat="-38.486955631524324" lon="144.91311033256352">
        <ele>56.8</ele>
        <time>2024-01-20T13:27:24.200Z</time>
      </trkpt>
      <trkpt lat="-38.48691078834236" lon="144.91310664452612">
        <ele>56.8</ele>
        <time>2024-01-20T13:27:50.905Z</time>
      </trkpt>
      <trkpt lat="-38.48674172535539" lon="144.91324762813747">
        <ele>56.8</ele>
        <time>2024-01-20T13:28:17.621Z</time>
      </trkpt>
      <trkpt lat="-38.48661926575005" lon="144.9132921360433">
        <ele>56.8</ele>
        <time>2024-01-20T13:28:44.344Z</time>
      </trkpt>
      <trkpt lat="-38.48650208674371" lon="144.91338349878788">
        <ele>56.8</ele>
        <time>2024-01-20T13:29:11.075Z</time>
      </trkpt>
      <trkpt lat="-38.48639697767794" lon="144.91339456290007">
        <ele>56.8</ele>
        <time>2024-01-20T13:29:37.812Z</time>
      </trkpt>
      <trkpt lat="-38.486336125060916" lon="144.91335902363062">
        <ele>56.8</ele>
        <time>2024-01-20T13:30:04.552Z</time>
      </trkpt>
      <trkpt lat="-38.48624585196376" lon="144.91335391066968">
        <ele>56.8</ele>
        <time>2024-01-20T13:30:31.297Z</time>
      </trkpt>
      <trkpt lat="-38.48618047311902" lon="144.91324075497687">
        <ele>56.8</ele>
        <time>2024-01-20T13:30:58.049Z</time>
      </trkpt>
      <trkpt lat="-38.48622280173004" lon="144.91310706362128">
        <ele>56.8</ele>
        <time>2024-01-20T13:31:24.807Z</time>
      </trkpt>
      <trkpt lat="-38.48622347228229" lon="144.9130558501929">
        <ele>56.8</ele>
        <time>2024-01-20T13:31:51.567Z</time>
      </trkpt>
      <trkpt lat="-38.48618768155575" lon="144.9129612185061">
        <ele>56.8</ele>
        <time>2024-01-20T13:32:18.332Z</time>
      </trkpt>
      <trkpt lat="-38.486095229163766" lon="144.91286574862897">
        <ele>56.8</ele>
        <time>2024-01-20T13:32:45.103Z</time>
      </trkpt>
      <trkpt lat="-38.48607184365392" lon="144.91268352605402">
        <ele>56.8</ele>
        <time>2024-01-20T13:33:11.882Z</time>
      </trkpt>
      <trkpt lat="-38.486143592745066" lon="144.9125986173749">
        <ele>56.8</ele>
        <time>2024-01-20T13:33:38.667Z</time>
      </trkpt>
      <trkpt lat="-38.48619790747762" lon="144.91259618662298">
        <ele>56.8</ele>
        <time>2024-01-20T13:34:05.455Z</time>
      </trkpt>
      <trkpt lat="-38.4862404037267" lon="144.9125701189041">
        <ele>56.8</ele>
        <time>2024-01-20T13:34:32.246Z</time>
      </trkpt>
      <trkpt lat="-38.48623679950833" lon="144.91250867955387">
        <ele>56.8</ele>
        <time>2024-01-20T13:34:59.039Z</time>
      </trkpt>
      <trkpt lat="-38.48622305318713" lon="144.9125174805522">
        <ele>56.8</ele>
        <time>2024-01-20T13:35:25.833Z</time>
      </trkpt>
      <trkpt lat="-38.486207043752074" lon="144.912485210225">
        <ele>56.8</ele>
        <time>2024-01-20T13:35:52.629Z</time>
      </trkpt>
      <trkpt lat="-38.486207546666265" lon="144.9124400317669">
        <ele>56.8</ele>
        <time>2024-01-20T13:36:19.427Z</time>
      </trkpt>
      <trkpt lat="-38.486234452575445" lon="144.91237758658826">
        <ele>56.8</ele>
        <time>2024-01-20T13:36:46.228Z</time>
      </trkpt>
      <trkpt lat="-38.48632992245257" lon="144.91233316250145">
        <ele>56.8</ele>
        <time>2024-01-20T13:37:13.035Z</time>
      </trkpt>
      <trkpt lat="-38.48642782308161" lon="144.91226174868643">
        <ele>56.8</ele>
        <time>2024-01-20T13:37:39.848Z</time>
      </trkpt>
      <trkpt lat="-38.48653662018478" lon="144.9121282249689">
        <ele>56.8</ele>
        <time>2024-01-20T13:38:06.669Z</time>
      </trkpt>
      <trkpt lat="-38.486620439216495" lon="144.9120658636093">
        <ele>56.8</ele>
        <time>2024-01-20T13:38:33.496Z</time>
      </trkpt>
      <trkpt lat="-38.48670040257275" lon="144.91203627549112">
        <ele>56.8</ele>
        <time>2024-01-20T13:39:00.327Z</time>
      </trkpt>
      <trkpt lat="-38.486935179680586" lon="144.91185137070715">
        <ele>56.8</ele>
        <time>2024-01-20T13:39:27.174Z</time>
      </trkpt>
      <trkpt lat="-38.48700474947691" lon="144.91183083504438">
        <ele>56.8</ele>
        <time>2024-01-20T13:39:54.025Z</time>
      </trkpt>
      <trkpt lat="-38.487084126099944" lon="144.91183200851083">
        <ele>56.8</ele>
        <time>2024-01-20T13:40:20.880Z</time>
      </trkpt>
      <trkpt lat="-38.48716878332198" lon="144.91175573319197">
        <ele>56.8</ele>
        <time>2024-01-20T13:40:47.741Z</time>
      </trkpt>
      <trkpt lat="-38.487248411402106" lon="144.9117113929242">
        <ele>56.8</ele>
        <time>2024-01-20T13:41:14.607Z</time>
      </trkpt>
      <trkpt lat="-38.4873023070395" lon="144.9116625264287">
        <ele>56.8</ele>
        <time>2024-01-20T13:41:41.476Z</time>
      </trkpt>
      <trkpt lat="-38.487358717247844" lon="144.91156864911318">
        <ele>56.8</ele>
        <time>2024-01-20T13:42:08.350Z</time>
      </trkpt>
      <trkpt lat="-38.48756139166653" lon="144.9114133324474">
        <ele>56.8</ele>
        <time>2024-01-20T13:42:35.238Z</time>
      </trkpt>
      <trkpt lat="-38.487765826284885" lon="144.9111344665289">
        <ele>56.8</ele>
        <time>2024-01-20T13:43:02.142Z</time>
      </trkpt>
      <trkpt lat="-38.48794880323112" lon="144.9105641618371">
        <ele>56.8</ele>
        <time>2024-01-20T13:43:29.073Z</time>
      </trkpt>
      <trkpt lat="-38.48795123398304" lon="144.91046408191323">
        <ele>56.8</ele>
        <time>2024-01-20T13:43:56.009Z</time>
      </trkpt>
      <trkpt lat="-38.48802507854998" lon="144.91006191819906">
        <ele>56.8</ele>
        <time>2024-01-20T13:44:22.963Z</time>
      </trkpt>
      <trkpt lat="-38.488129349425435" lon="144.90984709002078">
        <ele>56.8</ele>
        <time>2024-01-20T13:44:49.928Z</time>
      </trkpt>
      <trkpt lat="-38.48816321231425" lon="144.90969747304916">
        <ele>56.8</ele>
        <time>2024-01-20T13:45:16.900Z</time>
      </trkpt>
      <trkpt lat="-38.48835038021207" lon="144.9092808086425">
        <ele>56.8</ele>
        <time>2024-01-20T13:45:43.893Z</time>
      </trkpt>
      <trkpt lat="-38.488442497327924" lon="144.9091124162078">
        <ele>56.8</ele>
        <time>2024-01-20T13:46:10.895Z</time>
      </trkpt>
      <trkpt lat="-38.48851575516164" lon="144.9089274276048">
        <ele>56.8</ele>
        <time>2024-01-20T13:46:37.906Z</time>
      </trkpt>
      <trkpt lat="-38.48856545984745" lon="144.90865325555205">
        <ele>56.8</ele>
        <time>2024-01-20T13:47:04.929Z</time>
      </trkpt>
      <trkpt lat="-38.488613069057465" lon="144.9085061531514">
        <ele>56.8</ele>
        <time>2024-01-20T13:47:31.959Z</time>
      </trkpt>
      <trkpt lat="-38.48865833133459" lon="144.90842023864388">
        <ele>56.8</ele>
        <time>2024-01-20T13:47:58.993Z</time>
      </trkpt>
      <trkpt lat="-38.488695630803704" lon="144.90828185342252">
        <ele>56.8</ele>
        <time>2024-01-20T13:48:26.034Z</time>
      </trkpt>
      <trkpt lat="-38.48880685865879" lon="144.90810398943722">
        <ele>56.8</ele>
        <time>2024-01-20T13:48:53.085Z</time>
      </trkpt>
      <trkpt lat="-38.48886293359101" lon="144.9079276341945">
        <ele>56.8</ele>
        <time>2024-01-20T13:49:20.144Z</time>
      </trkpt>
      <trkpt lat="-38.48893501795828" lon="144.90783501416445">
        <ele>56.8</ele>
        <time>2024-01-20T13:49:47.209Z</time>
      </trkpt>
      <trkpt lat="-38.489069966599345" lon="144.9076049309224">
        <ele>56.8</ele>
        <time>2024-01-20T13:50:14.286Z</time>
      </trkpt>
      <trkpt lat="-38.48911866545677" lon="144.9074226245284">
        <ele>56.8</ele>
        <time>2024-01-20T13:50:41.372Z</time>
      </trkpt>
      <trkpt lat="-38.48915630020201" lon="144.9073594249785">
        <ele>56.8</ele>
        <time>2024-01-20T13:51:08.461Z</time>
      </trkpt>
      <trkpt lat="-38.48913911730051" lon="144.90726169198751">
        <ele>56.8</ele>
        <time>2024-01-20T13:51:35.555Z</time>
      </trkpt>
      <trkpt lat="-38.489165771752596" lon="144.90714652463794">
        <ele>56.8</ele>
        <time>2024-01-20T13:52:02.654Z</time>
      </trkpt>
      <trkpt lat="-38.48922461271286" lon="144.90701434202492">
        <ele>56.8</ele>
        <time>2024-01-20T13:52:29.760Z</time>
      </trkpt>
      <trkpt lat="-38.489243974909186" lon="144.90689263679087">
        <ele>56.8</ele>
        <time>2024-01-20T13:52:56.871Z</time>
      </trkpt>
      <trkpt lat="-38.489216985180974" lon="144.90670538507402">
        <ele>56.8</ele>
        <time>2024-01-20T13:53:23.990Z</time>
      </trkpt>
      <trkpt lat="-38.489222349599004" lon="144.90662902593613">
        <ele>56.8</ele>
        <time>2024-01-20T13:53:51.113Z</time>
      </trkpt>
      <trkpt lat="-38.489276161417365" lon="144.90656482055783">
        <ele>56.8</ele>
        <time>2024-01-20T13:54:18.240Z</time>
      </trkpt>
      <trkpt lat="-38.489338271319866" lon="144.90652282722294">
        <ele>56.8</ele>
        <time>2024-01-20T13:54:45.371Z</time>
      </trkpt>
      <trkpt lat="-38.48937523551285" lon="144.90644060075283">
        <ele>84.4</ele>
        <time>2024-01-20T13:55:12.506Z</time>
      </trkpt>
      <trkpt lat="-38.48946274258196" lon="144.9063765630126">
        <ele>84.4</ele>
        <time>2024-01-20T13:55:39.646Z</time>
      </trkpt>
      <trkpt lat="-38.4894644189626" lon="144.90628176368773">
        <ele>84.4</ele>
        <time>2024-01-20T13:56:06.791Z</time>
      </trkpt>
      <trkpt lat="-38.48948738537729" lon="144.90620649419725">
        <ele>84.4</ele>
        <time>2024-01-20T13:56:33.939Z</time>
      </trkpt>
      <trkpt lat="-38.48943659104407" lon="144.9059867206961">
        <ele>84.4</ele>
        <time>2024-01-20T13:57:01.097Z</time>
      </trkpt>
      <trkpt lat="-38.48945134319365" lon="144.90593399852514">
        <ele>84.4</ele>
        <time>2024-01-20T13:57:28.258Z</time>
      </trkpt>
      <trkpt lat="-38.48954823799431" lon="144.90576250478625">
        <ele>84.4</ele>
        <time>2024-01-20T13:57:55.428Z</time>
      </trkpt>
      <trkpt lat="-38.48955963738263" lon="144.9056413024664">
        <ele>84.4</ele>
        <time>2024-01-20T13:58:22.603Z</time>
      </trkpt>
      <trkpt lat="-38.48948906175792" lon="144.905476430431">
        <ele>84.4</ele>
        <time>2024-01-20T13:58:49.786Z</time>
      </trkpt>
      <trkpt lat="-38.48947732709348" lon="144.90537316538393">
        <ele>84.4</ele>
        <time>2024-01-20T13:59:16.974Z</time>
      </trkpt>
      <trkpt lat="-38.4895056579262" lon="144.9052655417472">
        <ele>84.4</ele>
        <time>2024-01-20T13:59:44.167Z</time>
      </trkpt>
      <trkpt lat="-38.48948294296861" lon="144.90509756840765">
        <ele>84.4</ele>
        <time>2024-01-20T14:00:11.367Z</time>
      </trkpt>
      <trkpt lat="-38.48945419304073" lon="144.90501877851784">
        <ele>84.4</ele>
        <time>2024-01-20T14:00:38.571Z</time>
      </trkpt>
      <trkpt lat="-38.48952745087445" lon="144.90474200807512">
        <ele>84.4</ele>
        <time>2024-01-20T14:01:05.788Z</time>
      </trkpt>
      <trkpt lat="-38.489565923810005" lon="144.9044369906187">
        <ele>84.4</ele>
        <time>2024-01-20T14:01:33.018Z</time>
      </trkpt>
      <trkpt lat="-38.489536587148905" lon="144.90416591987014">
        <ele>84.4</ele>
        <time>2024-01-20T14:02:00.260Z</time>
      </trkpt>
      <trkpt lat="-38.48947095684707" lon="144.90406734868884">
        <ele>84.4</ele>
        <time>2024-01-20T14:02:27.508Z</time>
      </trkpt>
      <trkpt lat="-38.48948051221669" lon="144.9040154647082">
        <ele>84.4</ele>
        <time>2024-01-20T14:02:54.758Z</time>
      </trkpt>
      <trkpt lat="-38.48946399986744" lon="144.90396911278367">
        <ele>84.4</ele>
        <time>2024-01-20T14:03:22.011Z</time>
      </trkpt>
      <trkpt lat="-38.489547315984964" lon="144.90366032347083">
        <ele>84.4</ele>
        <time>2024-01-20T14:03:49.278Z</time>
      </trkpt>
      <trkpt lat="-38.48956558853388" lon="144.9035183340311">
        <ele>90.8</ele>
        <time>2024-01-20T14:04:16.551Z</time>
      </trkpt>
      <trkpt lat="-38.48969232290983" lon="144.90297376178205">
        <ele>90.8</ele>
        <time>2024-01-20T14:04:43.849Z</time>
      </trkpt>
      <trkpt lat="-38.48970531485975" lon="144.90273135714233">
        <ele>90.8</ele>
        <time>2024-01-20T14:05:11.158Z</time>
      </trkpt>
      <trkpt lat="-38.489759461954236" lon="144.90267335437238">
        <ele>90.8</ele>
        <time>2024-01-20T14:05:38.471Z</time>
      </trkpt>
      <trkpt lat="-38.48978402093053" lon="144.90259825251997">
        <ele>90.8</ele>
        <time>2024-01-20T14:06:05.787Z</time>
      </trkpt>
      <trkpt lat="-38.48977421410382" lon="144.90229742601514">
        <ele>90.8</ele>
        <time>2024-01-20T14:06:33.116Z</time>
      </trkpt>
      <trkpt lat="-38.489784859120846" lon="144.90222852677107">
        <ele>92.6</ele>
        <time>2024-01-20T14:07:00.448Z</time>
      </trkpt>
      <trkpt lat="-38.48987286910415" lon="144.90198461338878">
        <ele>92.6</ele>
        <time>2024-01-20T14:07:27.792Z</time>
      </trkpt>
      <trkpt lat="-38.489917796105146" lon="144.90190649405122">
        <ele>92.6</ele>
        <time>2024-01-20T14:07:55.140Z</time>
      </trkpt>
      <trkpt lat="-38.49009306170046" lon="144.90172896534204">
        <ele>92.6</ele>
        <time>2024-01-20T14:08:22.501Z</time>
      </trkpt>
      <trkpt lat="-38.49016866646707" lon="144.90162645466626">
        <ele>92.6</ele>
        <time>2024-01-20T14:08:49.868Z</time>
      </trkpt>
      <trkpt lat="-38.490276373922825" lon="144.90153031423688">
        <ele>92.6</ele>
        <time>2024-01-20T14:09:17.242Z</time>
      </trkpt>
      <trkpt lat="-38.4906040225178" lon="144.90115656517446">
        <ele>92.6</ele>
        <time>2024-01-20T14:09:44.641Z</time>
      </trkpt>
      <trkpt lat="-38.49072556011379" lon="144.90098758600652">
        <ele>92.6</ele>
        <time>2024-01-20T14:10:12.050Z</time>
      </trkpt>
      <trkpt lat="-38.49077207967639" lon="144.90084098652005">
        <ele>92.6</ele>
        <time>2024-01-20T14:10:39.466Z</time>
      </trkpt>
      <trkpt lat="-38.49076420068741" lon="144.90051509812474">
        <ele>92.6</ele>
        <time>2024-01-20T14:11:06.896Z</time>
      </trkpt>
      <trkpt lat="-38.49070703610778" lon="144.90015040151775">
        <ele>92.6</ele>
        <time>2024-01-20T14:11:34.342Z</time>
      </trkpt>
      <trkpt lat="-38.490647273138165" lon="144.90000430494547">
        <ele>92.6</ele>
        <time>2024-01-20T14:12:01.796Z</time>
      </trkpt>
      <trkpt lat="-38.490611147135496" lon="144.8997895605862">
        <ele>92.6</ele>
        <time>2024-01-20T14:12:29.259Z</time>
      </trkpt>
      <trkpt lat="-38.4906817227602" lon="144.89964966662228">
        <ele>92.6</ele>
        <time>2024-01-20T14:12:56.729Z</time>
      </trkpt>
      <trkpt lat="-38.490711310878396" lon="144.89954170770943">
        <ele>92.6</ele>
        <time>2024-01-20T14:13:24.204Z</time>
      </trkpt>
      <trkpt lat="-38.490708880126476" lon="144.89949686452746">
        <ele>92.6</ele>
        <time>2024-01-20T14:13:51.681Z</time>
      </trkpt>
      <trkpt lat="-38.49066814407706" lon="144.89938345737755">
        <ele>92.6</ele>
        <time>2024-01-20T14:14:19.164Z</time>
      </trkpt>
      <trkpt lat="-38.490571081638336" lon="144.89921581931412">
        <ele>92.6</ele>
        <time>2024-01-20T14:14:46.656Z</time>
      </trkpt>
      <trkpt lat="-38.490565130487084" lon="144.8990944493562">
        <ele>92.6</ele>
        <time>2024-01-20T14:15:14.153Z</time>
      </trkpt>
      <trkpt lat="-38.490525567904115" lon="144.89891532808542">
        <ele>92.6</ele>
        <time>2024-01-20T14:15:41.658Z</time>
      </trkpt>
      <trkpt lat="-38.490554904565215" lon="144.8985154274851">
        <ele>92.6</ele>
        <time>2024-01-20T14:16:09.181Z</time>
      </trkpt>
      <trkpt lat="-38.49057485349476" lon="144.89844795316458">
        <ele>92.6</ele>
        <time>2024-01-20T14:16:36.707Z</time>
      </trkpt>
      <trkpt lat="-38.49064274691045" lon="144.89832415245473">
        <ele>92.6</ele>
        <time>2024-01-20T14:17:04.240Z</time>
      </trkpt>
      <trkpt lat="-38.49066646769643" lon="144.89822130650282">
        <ele>92.6</ele>
        <time>2024-01-20T14:17:31.777Z</time>
      </trkpt>
      <trkpt lat="-38.49058113992214" lon="144.89788183942437">
        <ele>92.6</ele>
        <time>2024-01-20T14:17:59.330Z</time>
      </trkpt>
      <trkpt lat="-38.49060838110745" lon="144.89770313724875">
        <ele>92.6</ele>
        <time>2024-01-20T14:18:26.891Z</time>
      </trkpt>
      <trkpt lat="-38.49059505388141" lon="144.89762216806412">
        <ele>92.6</ele>
        <time>2024-01-20T14:18:54.456Z</time>
      </trkpt>
      <trkpt lat="-38.4906402323395" lon="144.8975053243339">
        <ele>92.6</ele>
        <time>2024-01-20T14:19:22.026Z</time>
      </trkpt>
      <trkpt lat="-38.49066026508808" lon="144.89735025912523">
        <ele>92.6</ele>
        <time>2024-01-20T14:19:49.603Z</time>
      </trkpt>
      <trkpt lat="-38.490760177373886" lon="144.8970205988735">
        <ele>87.6</ele>
        <time>2024-01-20T14:20:17.196Z</time>
      </trkpt>
      <trkpt lat="-38.49077358841896" lon="144.89690710790455">
        <ele>87.6</ele>
        <time>2024-01-20T14:20:44.794Z</time>
      </trkpt>
      <trkpt lat="-38.490764452144504" lon="144.89676905795932">
        <ele>85.8</ele>
        <time>2024-01-20T14:21:12.398Z</time>
      </trkpt>
      <trkpt lat="-38.490823628380895" lon="144.89645465277135">
        <ele>85.8</ele>
        <time>2024-01-20T14:21:40.016Z</time>
      </trkpt>
      <trkpt lat="-38.49082991480827" lon="144.89625700749457">
        <ele>85.8</ele>
        <time>2024-01-20T14:22:07.643Z</time>
      </trkpt>
      <trkpt lat="-38.49089462310076" lon="144.89602709189057">
        <ele>84.2</ele>
        <time>2024-01-20T14:22:35.280Z</time>
      </trkpt>
      <trkpt lat="-38.490836368873715" lon="144.89562232978642">
        <ele>84.2</ele>
        <time>2024-01-20T14:23:02.935Z</time>
      </trkpt>
      <trkpt lat="-38.49083418957889" lon="144.89539350382984">
        <ele>80.4</ele>
        <time>2024-01-20T14:23:30.600Z</time>
      </trkpt>
      <trkpt lat="-38.490788508206606" lon="144.89525847136974">
        <ele>80.4</ele>
        <time>2024-01-20T14:23:58.272Z</time>
      </trkpt>
      <trkpt lat="-38.49077023565769" lon="144.89507398568094">
        <ele>80.4</ele>
        <time>2024-01-20T14:24:25.952Z</time>
      </trkpt>
      <trkpt lat="-38.49071457982063" lon="144.8948722332716">
        <ele>80.4</ele>
        <time>2024-01-20T14:24:53.641Z</time>
      </trkpt>
      <trkpt lat="-38.490732768550515" lon="144.8947416432202">
        <ele>80.4</ele>
        <time>2024-01-20T14:25:21.336Z</time>
      </trkpt>
      <trkpt lat="-38.49071969278157" lon="144.89459303207695">
        <ele>80.4</ele>
        <time>2024-01-20T14:25:49.038Z</time>
      </trkpt>
      <trkpt lat="-38.49077300168574" lon="144.89442195743322">
        <ele>80.4</ele>
        <time>2024-01-20T14:26:16.748Z</time>
      </trkpt>
      <trkpt lat="-38.4907800424844" lon="144.8942432552576">
        <ele>80.4</ele>
        <time>2024-01-20T14:26:44.465Z</time>
      </trkpt>
      <trkpt lat="-38.490883223712444" lon="144.8939104937017">
        <ele>80.4</ele>
        <time>2024-01-20T14:27:12.198Z</time>
      </trkpt>
      <trkpt lat="-38.491047928109765" lon="144.89365266636014">
        <ele>80.4</ele>
        <time>2024-01-20T14:27:39.946Z</time>
      </trkpt>
      <trkpt lat="-38.49123769439757" lon="144.89330464974046">
        <ele>80.4</ele>
        <time>2024-01-20T14:28:07.712Z</time>
      </trkpt>
      <trkpt lat="-38.49131254479289" lon="144.8932318110019">
        <ele>80.4</ele>
        <time>2024-01-20T14:28:35.483Z</time>
      </trkpt>
      <trkpt lat="-38.49144380539656" lon="144.8931681085378">
        <ele>80.4</ele>
        <time>2024-01-20T14:29:03.262Z</time>
      </trkpt>
      <trkpt lat="-38.49154371768236" lon="144.8930962756276">
        <ele>80.4</ele>
        <time>2024-01-20T14:29:31.048Z</time>
      </trkpt>
      <trkpt lat="-38.49161236546934" lon="144.89291061647236">
        <ele>80.4</ele>
        <time>2024-01-20T14:29:58.843Z</time>
      </trkpt>
      <trkpt lat="-38.49185099825263" lon="144.89257366396487">
        <ele>80.4</ele>
        <time>2024-01-20T14:30:26.657Z</time>
      </trkpt>
      <trkpt lat="-38.49174052476883" lon="144.8922830633819">
        <ele>80.4</ele>
        <time>2024-01-20T14:30:54.486Z</time>
      </trkpt>
      <trkpt lat="-38.49172736518085" lon="144.89185659214854">
        <ele>80.4</ele>
        <time>2024-01-20T14:31:22.333Z</time>
      </trkpt>
      <trkpt lat="-38.49176256917417" lon="144.8917039576918">
        <ele>80.4</ele>
        <time>2024-01-20T14:31:50.187Z</time>
      </trkpt>
      <trkpt lat="-38.49177706986666" lon="144.8915279377252">
        <ele>80.4</ele>
        <time>2024-01-20T14:32:18.049Z</time>
      </trkpt>
      <trkpt lat="-38.491851668804884" lon="144.8913913127035">
        <ele>80.4</ele>
        <time>2024-01-20T14:32:45.918Z</time>
      </trkpt>
      <trkpt lat="-38.491887375712395" lon="144.8912851139903">
        <ele>80.4</ele>
        <time>2024-01-20T14:33:13.792Z</time>
      </trkpt>
      <trkpt lat="-38.49197370931506" lon="144.89114589057863">
        <ele>80.4</ele>
        <time>2024-01-20T14:33:41.674Z</time>
      </trkpt>
      <trkpt lat="-38.49206808954477" lon="144.8910495825112">
        <ele>80.4</ele>
        <time>2024-01-20T14:34:09.563Z</time>
      </trkpt>
      <trkpt lat="-38.49212332628667" lon="144.89100222475827">
        <ele>80.4</ele>
        <time>2024-01-20T14:34:37.455Z</time>
      </trkpt>
      <trkpt lat="-38.49220287054777" lon="144.89099007099867">
        <ele>80.4</ele>
        <time>2024-01-20T14:35:05.352Z</time>
      </trkpt>
      <trkpt lat="-38.49229867570102" lon="144.89090524613857">
        <ele>80.4</ele>
        <time>2024-01-20T14:35:33.255Z</time>
      </trkpt>
      <trkpt lat="-38.492340417578816" lon="144.89085520617664">
        <ele>80.4</ele>
        <time>2024-01-20T14:36:01.162Z</time>
      </trkpt>
      <trkpt lat="-38.49238987080753" lon="144.890724029392">
        <ele>80.4</ele>
        <time>2024-01-20T14:36:29.075Z</time>
      </trkpt>
      <trkpt lat="-38.49262741394341" lon="144.89048707298934">
        <ele>80.4</ele>
        <time>2024-01-20T14:36:57.005Z</time>
      </trkpt>
      <trkpt lat="-38.49266638979316" lon="144.89045991562307">
        <ele>80.4</ele>
        <time>2024-01-20T14:37:24.937Z</time>
      </trkpt>
      <trkpt lat="-38.492745431140065" lon="144.8904576525092">
        <ele>80.4</ele>
        <time>2024-01-20T14:37:52.874Z</time>
      </trkpt>
      <trkpt lat="-38.49282422102988" lon="144.89042680710554">
        <ele>80.4</ele>
        <time>2024-01-20T14:38:20.815Z</time>
      </trkpt>
      <trkpt lat="-38.49288398399949" lon="144.8903788626194">
        <ele>80.4</ele>
        <time>2024-01-20T14:38:48.760Z</time>
      </trkpt>
      <trkpt lat="-38.492955062538385" lon="144.89028330892324">
        <ele>80.4</ele>
        <time>2024-01-20T14:39:16.711Z</time>
      </trkpt>
      <trkpt lat="-38.493026392534375" lon="144.8901402298361">
        <ele>80.4</ele>
        <time>2024-01-20T14:39:44.669Z</time>
      </trkpt>
      <trkpt lat="-38.49323275499046" lon="144.8899094760418">
        <ele>80.4</ele>
        <time>2024-01-20T14:40:12.643Z</time>
      </trkpt>
      <trkpt lat="-38.49327491596341" lon="144.8898320272565">
        <ele>80.4</ele>
        <time>2024-01-20T14:40:40.621Z</time>
      </trkpt>
      <trkpt lat="-38.49329670891166" lon="144.8897308576852">
        <ele>80.4</ele>
        <time>2024-01-20T14:41:08.603Z</time>
      </trkpt>
      <trkpt lat="-38.49329251796007" lon="144.88966547884047">
        <ele>80.4</ele>
        <time>2024-01-20T14:41:36.588Z</time>
      </trkpt>
      <trkpt lat="-38.493126053363085" lon="144.88927429541945">
        <ele>80.4</ele>
        <time>2024-01-20T14:42:04.593Z</time>
      </trkpt>
      <trkpt lat="-38.49306142888963" lon="144.88900741562247">
        <ele>80.4</ele>
        <time>2024-01-20T14:42:32.610Z</time>
      </trkpt>
      <trkpt lat="-38.493025386705995" lon="144.8884929344058">
        <ele>80.4</ele>
        <time>2024-01-20T14:43:00.649Z</time>
      </trkpt>
    </trkseg>
  </trk>
</gpx>
